{"title":"盘点即将影响世界的九大创新","slug":"9-innovations-that-could-become-the-next-big-thing","date":"2016-07-18T11:26:22.000Z","updated":"2017-08-10T10:42:08.508Z","comments":true,"path":"api/articles/9-innovations-that-could-become-the-next-big-thing.json","excerpt":null,"covers":["https://ogjija9ft.qnssl.com/placeholder.png"],"content":"<p><img src=\"https://ogjija9ft.qnssl.com/placeholder.png\" data-orig=\"http://p0.qhimg.com/t010d11f4b6f05843df.jpg\" alt=\"\"></p><p>2016 年已经过去了一半，现实很清晰，我们正生活在创新的新纪元里。在硅谷之外，企业和<a href=\"https://www.startupgrind.com/blog/beyond-silicon-valley-6-booming-startup-hubs-around-the-world/\" target=\"_blank\" rel=\"external\">世界各地的创业孵化器</a>正在解决大问题，如水资源稀缺、癌症等。“下一件大事”的概念已略嫌冗余，因为突破已是家常便饭。我们来聊聊可能很快就会影响世界的<strong>九大创新</strong>：</p><h3 id=\"1-人工智能-AI\"><a href=\"#1-人工智能-AI\" class=\"headerlink\" title=\"1. 人工智能 (AI)\"></a>1. 人工智能 (AI)</h3><p><img src=\"https://ogjija9ft.qnssl.com/placeholder.png\" data-orig=\"http://p0.qhimg.com/t01a7ef3105d8c9be5b.jpg\" alt=\"\"><br>能够独立于人类主人而学习、操作的人工智能，这看上去就像科幻小说。不过，这可能会成为会在<a href=\"https://www.technologyreview.com/s/600768/10-breakthrough-technologies-2016-robots-that-teach-each-other/\" target=\"_blank\" rel=\"external\">接下来三到五年</a>成为新的现实。机器人会可以自己学习技能，操作任务，将信息上传到云上来帮助 AI 系统快速学习。不同类型的 AI 也不再需要各自独立编程。它们会理解想法，复制程序，比人类任何时候都要快地创造突破。好消息是，“未来”已经到来。研究刚创造出<a href=\"http://www.forbes.com/sites/bridaineparnell/2016/05/17/ai-recreates-nobel-prize-physics-experiment/#34002a2f5f2b\" target=\"_blank\" rel=\"external\">革命性的 AI</a>，它能够在一小时内重复 2001 年获得诺贝尔奖的量子物理实验。</p><h3 id=\"2-无人驾驶（Autonomous-driving）\"><a href=\"#2-无人驾驶（Autonomous-driving）\" class=\"headerlink\" title=\"2. 无人驾驶（Autonomous driving）\"></a>2. 无人驾驶（Autonomous driving）</h3><p><img src=\"https://ogjija9ft.qnssl.com/placeholder.png\" data-orig=\"http://p0.qhimg.com/t018a48f3e35041b88b.png\" alt=\"\"><br>每周花了多长时间通勤？如果 <a href=\"https://medium.com/u/be36e94a7e47\" target=\"_blank\" rel=\"external\">Google</a>、Apple 或者 <a href=\"https://medium.com/u/24413768aadb\" target=\"_blank\" rel=\"external\">Tesla Motors</a> 进展顺利的话，可能你很快就能用通勤的时间睡觉、阅读甚至购物。<a href=\"https://www.technologyreview.com/s/600772/10-breakthrough-technologies-2016-tesla-autopilot/\" target=\"_blank\" rel=\"external\">无人汽车（Self-driving cars）</a>已经存在了，所有人都在争相占领市场。通用汽车刚以<a href=\"http://fortune.com/2016/03/11/gm-buying-self-driving-tech-startup-for-more-than-1-billion/\" target=\"_blank\" rel=\"external\">超过 10 亿美元</a>的金额收购了 Cruise Automation，乘车服务（ride-hailing services）公司像 <a href=\"https://medium.com/u/b97b1b381b5a\" target=\"_blank\" rel=\"external\">Uber</a> 和 <a href=\"https://medium.com/u/54708edc644b\" target=\"_blank\" rel=\"external\">Lyft</a> 正在大规模投资。甚至连修车的黑客（garage hackers）如 <a href=\"http://www.bloomberg.com/features/2015-george-hotz-self-driving-car/\" target=\"_blank\" rel=\"external\">George Hotz</a> 也在转身了。等着看大戏吧。</p><h3 id=\"3-可复用的火箭（Reusable-rockets）\"><a href=\"#3-可复用的火箭（Reusable-rockets）\" class=\"headerlink\" title=\"3. 可复用的火箭（Reusable rockets）\"></a>3. 可复用的火箭（Reusable rockets）</h3><p><img src=\"https://ogjija9ft.qnssl.com/placeholder.png\" data-orig=\"http://p0.qhimg.com/t0129f693584565270e.jpg\" alt=\"\"><br>过去，太空探索极其昂贵且低效。单次发射花费在一到三亿美元，但在它只能飞一次，然后就自由落到地球大气层燃烧。像 SpaceX、Blue Origin、United Launch Alliance 这样的公司正在改变游戏规则，它们正在研发可以安全着陆的精确机动的火箭。3D 打印的火箭部件、液化天然气的火箭燃料替代品，这些也可以<a href=\"http://nextbigfuture.com/2016/04/3d-printing-of-rocket-parts-and.html\" target=\"_blank\" rel=\"external\">降低成本</a>。很快，火箭将能够重复使用，太空旅行也更容易负担。</p><h3 id=\"4-虚拟现实与增强现实（Virtual-Reality-and-Augmented-Reality）\"><a href=\"#4-虚拟现实与增强现实（Virtual-Reality-and-Augmented-Reality）\" class=\"headerlink\" title=\"4. 虚拟现实与增强现实（Virtual Reality and Augmented Reality）\"></a>4. 虚拟现实与增强现实（Virtual Reality and Augmented Reality）</h3><p><img src=\"https://ogjija9ft.qnssl.com/placeholder.png\" data-orig=\"http://p0.qhimg.com/t01405a5fac361978cc.jpg\" alt=\"\"><br>虚拟现实(VR)与增强现实(AR)并非新概念，但在五年内势必彻底改变世界。AR 增强现实，而 VR 让我们忘掉它。两者一起开启了超现实、互联网和物联网的世界；<a href=\"http://venturebeat.com/2016/05/17/vr-and-2016-the-year-virtual-reality-prepares-us-for-the-internet-of-experiences/\" target=\"_blank\" rel=\"external\">体验互联网（internet of experiences）</a>，一个新的产业，正在到来。<a href=\"http://www.t3.com/features/magic-leap-just-why-is-this-super-secretive-tech-company-valued-at-dollar-4-5-billion\" target=\"_blank\" rel=\"external\">MagicLeap</a> 最近的调查现实，VR/AR 产业的产值 2020 年将会达到 1500 亿美元。随着 VR/AR 科技的改进、用户可获取内容的增加，人类的科技体验将会永久改变。</p><h3 id=\"5-可再生能源快速发展-Rapid-adaptation-of-renewable-energy\"><a href=\"#5-可再生能源快速发展-Rapid-adaptation-of-renewable-energy\" class=\"headerlink\" title=\"5. 可再生能源快速发展(Rapid adaptation of renewable energy)\"></a>5. 可再生能源快速发展(Rapid adaptation of renewable energy)</h3><p><img src=\"https://ogjija9ft.qnssl.com/placeholder.png\" data-orig=\"http://p0.qhimg.com/t01bbd0df07e2794c4c.jpg\" alt=\"\"><br>明年，Buffalo、纽约的 <a href=\"https://medium.com/u/63390204351b\" target=\"_blank\" rel=\"external\">SolarCity</a> <a href=\"https://www.technologyreview.com/s/600770/10-breakthrough-technologies-2016-solarcitys-gigafactory/\" target=\"_blank\" rel=\"external\">Gigafactory</a> 每天将能生产将一万块太阳能电池板。这将彻底改变替代能源行业，太阳能也更加能为人类负担。可再生能源行业会吸引全世界的企业和政府，他们正在努力解决全球能源危机。比如说，中国已经提出了一个到 2050 年的 <a href=\"http://nextbigfuture.com/2016/03/china-proposes-50-trillion-global-uhv.html\" target=\"_blank\" rel=\"external\">50兆美元的全球能源网</a>，这是一个快速、高效生产可再生能源的全球性技术。</p><h3 id=\"6-大规模海水淡化（Large-scale-desalination）\"><a href=\"#6-大规模海水淡化（Large-scale-desalination）\" class=\"headerlink\" title=\"6. 大规模海水淡化（Large scale desalination）\"></a>6. 大规模海水淡化（Large scale desalination）</h3><p><img src=\"https://ogjija9ft.qnssl.com/placeholder.png\" data-orig=\"http://p0.qhimg.com/t012a057bde21841402.jpg\" alt=\"\"><br>海水淡化也不是新概念了，但却因其高成本而异常困难。以色列公司 Sorek 建立了<a href=\"http://nextbigfuture.com/2016/05/worlds-largest-desalination-plant.html\" target=\"_blank\" rel=\"external\">世界最大的海水淡化工厂</a>，每天能生产 627,000 立方米淡水。在一年的时间里，以色列 50% 的水有望都出自海水淡化。Sorek 证明了大规模海水淡化是<strong>可行</strong>的。这项创新可以解决 <a href=\"http://www.slate.com/articles/health_and_science/science/2016/05/lackluster_el_ni_o_has_set_california_up_for_terrible_forest_fires_this.html\" target=\"_blank\" rel=\"external\">加利福尼亚的干旱</a>，甚至是全球的水危机。</p><h3 id=\"7-极速互联网（Ridiculously-fast-internet）\"><a href=\"#7-极速互联网（Ridiculously-fast-internet）\" class=\"headerlink\" title=\"7. 极速互联网（Ridiculously fast internet）\"></a>7. 极速互联网（Ridiculously fast internet）</h3><p><img src=\"https://ogjija9ft.qnssl.com/placeholder.png\" data-orig=\"http://p0.qhimg.com/t01581fccc04cf457de.jpg\" alt=\"\"><br>拨号调制解调器的时光一去不复返，互联网已经成为我们日常生活的一大部分。但创新还在进行中，Google 的 <a href=\"https://www.google.com/loon/\" target=\"_blank\" rel=\"external\">Loon Balloon</a> 即是一个例子。</p><p>谷歌光纤提供速度高达 1 Gbit/s（比普通 WiFi 快 100 倍）的网络，它正在遍及美国各地。<a href=\"http://www.sciencealert.com/li-fi-tested-in-the-real-world-for-the-first-time-is-100-times-faster-than-wi-fi\" target=\"_blank\" rel=\"external\">Li-Fi</a> 使用可见光通信，数据传输速度可达 224 Gbit/s，这项技术概念已经成熟。就连 WiFi 也正在变得节能了，可以节能 1000 倍。很快，互联网连接的话题将成为过去，“物联网”会连接家用设备、可穿戴式传感器和其他技术。</p><h3 id=\"8-在线-DNA-分析（Online-DNA-analysis）\"><a href=\"#8-在线-DNA-分析（Online-DNA-analysis）\" class=\"headerlink\" title=\"8. 在线 DNA 分析（Online DNA analysis）\"></a>8. 在线 DNA 分析（Online DNA analysis）</h3><p><img src=\"https://ogjija9ft.qnssl.com/placeholder.png\" data-orig=\"http://p0.qhimg.com/t01b18b0169755f4cd6.jpg\" alt=\"\"></p><p>“这儿有一个可以干嘛的 App” ，很快就会被“你有可以解释这个问题的 DNA”替代。到明年左右，Helix、<a href=\"https://medium.com/u/989dafcb2e90\" target=\"_blank\" rel=\"external\">Illumina</a> 和 <a href=\"https://medium.com/u/21b16ae874ce\" target=\"_blank\" rel=\"external\">Veritas Genetics</a> 可以让我们<a href=\"https://www.technologyreview.com/s/600769/10-breakthrough-technologies-2016-dna-app-store/\" target=\"_blank\" rel=\"external\">在网上分析自己的基因</a>，了解我们获得某些疾病的倾向，甚至解释为什么我们中的一些人比其他人更喜欢甜食。所有这些都是<a href=\"https://www.startupgrind.com/blog/23andmes-fda-cease-desist-order-sign-of-success-says-anne-wojcicki/\" target=\"_blank\" rel=\"external\">民主化基因组数据</a>的努力的一部分，让个人了解自己的健康状况。消费者遗传学将是一个革命性的商业模式，让人们支付少量的钱以更多地了解自己。</p><h3 id=\"9-免疫系统工程（Immune-system-engineering）\"><a href=\"#9-免疫系统工程（Immune-system-engineering）\" class=\"headerlink\" title=\"9. 免疫系统工程（Immune system engineering）\"></a>9. 免疫系统工程（Immune system engineering）</h3><p><img src=\"https://ogjija9ft.qnssl.com/placeholder.png\" data-orig=\"http://p0.qhimg.com/t01e06116952226d8ba.jpg\" alt=\"\"></p><p>我们在越来越靠近癌症的治愈，将化疗留给历史。这并非夸张，Cellectis、Juno Therapeutics 和 Novartis 这些公司正在使用基因编辑和免疫疗法拯救生命。在未来的一到两年内，像癌症、多发性硬化症和艾滋病这样的一些疾病，有望通过<a href=\"https://www.technologyreview.com/s/600763/10-breakthrough-technologies-2016-immune-engineering/\" target=\"_blank\" rel=\"external\">工程免疫系统</a>得到治疗。基因工程的免疫细胞，如被设计用来消灭癌细胞的 T 细胞，将挽救无数的生命。</p><p>我们正处于解决人类历史上最重大的问题的边缘。下一个“大事”只会带来一个“更大的事”，因为创新从来没有停止。是时候参与进来了。给有创意的人提供<a href=\"https://www.ycombinator.com/rfs/\" target=\"_blank\" rel=\"external\">资金和支持</a>吧，潜力是无限的。</p>","categories":[],"tags":[{"name":"翻译","path":"api/tags/翻译.json"},{"name":"技术","path":"api/tags/技术.json"}]}