{"title":"关于移动端 Rem 布局的一些总结","slug":"about-rem-layout","date":"2015-08-31T00:00:00.000Z","updated":"2017-08-10T10:42:08.508Z","comments":true,"path":"api/articles/about-rem-layout.json","excerpt":null,"covers":["https://ogjija9ft.qnssl.com/placeholder.png"],"content":"<h2 id=\"【资源一】基础知识恕不回顾\"><a href=\"#【资源一】基础知识恕不回顾\" class=\"headerlink\" title=\"【资源一】基础知识恕不回顾\"></a>【资源一】基础知识恕不回顾</h2><p>基础知识参考以下两篇博客：</p><p><a href=\"http://isux.tencent.com/web-app-rem.html\" target=\"_blank\" rel=\"external\">http://isux.tencent.com/web-app-rem.html</a></p><p><a href=\"http://www.w3cplus.com/css3/define-font-size-with-css3-rem\" target=\"_blank\" rel=\"external\">http://www.w3cplus.com/css3/define-font-size-with-css3-rem</a></p><h2 id=\"【资源二】淘宝m站首页的动态实现\"><a href=\"#【资源二】淘宝m站首页的动态实现\" class=\"headerlink\" title=\"【资源二】淘宝m站首页的动态实现\"></a>【资源二】淘宝m站首页的动态实现</h2><p>学习<a href=\"http://m.taobao.com\" target=\"_blank\" rel=\"external\">http://m.taobao.com</a> 首页的实现。</p><p><strong>最近读到<a href=\"http://www.w3cplus.com\" target=\"_blank\" rel=\"external\">@大漠</a>的新文章《<a href=\"http://www.w3cplus.com/mobile/lib-flexible-for-html5-layout.html\" target=\"_blank\" rel=\"external\">使用Flexible实现手淘H5页面的终端适配</a>》，和本部分有点关系。暂且加上来以供参考。（updated 2015-11-24）</strong></p><p>源码进行美化、解读之后，基本布局部分的代码已经被我还原出来了：（2016-01-13补充：后来才发现，早就开源在<a href=\"https://github.com/amfe/lib-flexible\" target=\"_blank\" rel=\"external\">github</a>上了）</p><figure class=\"highlight js\"><table><tr><td class=\"code\"><pre><div class=\"line\">!<span class=\"function\"><span class=\"keyword\">function</span>(<span class=\"params\">win, lib</span>) </span>&#123;</div><div class=\"line\">    <span class=\"keyword\">var</span> timer,</div><div class=\"line\">        doc     = win.document,</div><div class=\"line\">        docElem = doc.documentElement,</div><div class=\"line\"></div><div class=\"line\">        vpMeta   = doc.querySelector(<span class=\"string\">'meta[name=\"viewport\"]'</span>),</div><div class=\"line\">        flexMeta = doc.querySelector(<span class=\"string\">'meta[name=\"flexible\"]'</span>),</div><div class=\"line\"> </div><div class=\"line\">        dpr   = <span class=\"number\">0</span>,</div><div class=\"line\">        scale = <span class=\"number\">0</span>,</div><div class=\"line\"> </div><div class=\"line\">        flexible = lib.flexible || (lib.flexible = &#123;&#125;);</div><div class=\"line\"> </div><div class=\"line\">    <span class=\"comment\">// 设置了 viewport meta</span></div><div class=\"line\">    <span class=\"keyword\">if</span> (vpMeta) &#123;</div><div class=\"line\"> </div><div class=\"line\">        <span class=\"built_in\">console</span>.warn(<span class=\"string\">\"将根据已有的meta标签来设置缩放比例\"</span>);</div><div class=\"line\">        <span class=\"keyword\">var</span> initial = vpMeta.getAttribute(<span class=\"string\">\"content\"</span>).match(<span class=\"regexp\">/initial\\-scale=([\\d\\.]+)/</span>);</div><div class=\"line\"> </div><div class=\"line\">        <span class=\"keyword\">if</span> (initial) &#123;</div><div class=\"line\">            scale = <span class=\"built_in\">parseFloat</span>(initial[<span class=\"number\">1</span>]); <span class=\"comment\">// 已设置的 initialScale</span></div><div class=\"line\">            dpr = <span class=\"built_in\">parseInt</span>(<span class=\"number\">1</span> / scale);      <span class=\"comment\">// 设备像素比 devicePixelRatio</span></div><div class=\"line\">        &#125;</div><div class=\"line\"> </div><div class=\"line\">    &#125;</div><div class=\"line\">    <span class=\"comment\">// 设置了 flexible Meta</span></div><div class=\"line\">    <span class=\"keyword\">else</span> <span class=\"keyword\">if</span> (flexMeta) &#123;</div><div class=\"line\">        <span class=\"keyword\">var</span> flexMetaContent = flexMeta.getAttribute(<span class=\"string\">\"content\"</span>);</div><div class=\"line\">        <span class=\"keyword\">if</span> (flexMetaContent) &#123;</div><div class=\"line\"> </div><div class=\"line\">            <span class=\"keyword\">var</span> initial = flexMetaContent.match(<span class=\"regexp\">/initial\\-dpr=([\\d\\.]+)/</span>),</div><div class=\"line\">                maximum = flexMetaContent.match(<span class=\"regexp\">/maximum\\-dpr=([\\d\\.]+)/</span>);</div><div class=\"line\"> </div><div class=\"line\">            <span class=\"keyword\">if</span> (initial) &#123;</div><div class=\"line\">                dpr = <span class=\"built_in\">parseFloat</span>(initial[<span class=\"number\">1</span>]);</div><div class=\"line\">                scale = <span class=\"built_in\">parseFloat</span>((<span class=\"number\">1</span> / dpr).toFixed(<span class=\"number\">2</span>));</div><div class=\"line\">            &#125;</div><div class=\"line\"> </div><div class=\"line\">            <span class=\"keyword\">if</span> (maximum) &#123;</div><div class=\"line\">                dpr = <span class=\"built_in\">parseFloat</span>(maximum[<span class=\"number\">1</span>]);</div><div class=\"line\">                scale = <span class=\"built_in\">parseFloat</span>((<span class=\"number\">1</span> / dpr).toFixed(<span class=\"number\">2</span>));</div><div class=\"line\">            &#125;</div><div class=\"line\">        &#125;</div><div class=\"line\">    &#125;</div><div class=\"line\"> </div><div class=\"line\">    <span class=\"comment\">// viewport 或 flexible</span></div><div class=\"line\">    <span class=\"comment\">// meta 均未设置</span></div><div class=\"line\">    <span class=\"keyword\">if</span> (!dpr &amp;&amp; !scale) &#123;</div><div class=\"line\">        <span class=\"comment\">// QST</span></div><div class=\"line\">        <span class=\"comment\">// 这里的 第一句有什么用 ?</span></div><div class=\"line\">        <span class=\"comment\">// 和 Android 有毛关系 ?</span></div><div class=\"line\">        <span class=\"keyword\">var</span> u = (win.navigator.appVersion.match(<span class=\"regexp\">/android/gi</span>), win.navigator.appVersion.match(<span class=\"regexp\">/iphone/gi</span>)),</div><div class=\"line\">            _dpr = win.devicePixelRatio;</div><div class=\"line\"> </div><div class=\"line\">        <span class=\"comment\">// 所以这里似乎是将所有 Android 设备都设置为 1 了</span></div><div class=\"line\">        dpr = u ? ( (_dpr &gt;= <span class=\"number\">3</span> &amp;&amp; (!dpr || dpr &gt;= <span class=\"number\">3</span>))</div><div class=\"line\">                        ? <span class=\"number\">3</span></div><div class=\"line\">                        : (_dpr &gt;= <span class=\"number\">2</span> &amp;&amp; (!dpr || dpr &gt;= <span class=\"number\">2</span>))</div><div class=\"line\">                            ? <span class=\"number\">2</span></div><div class=\"line\">                            : <span class=\"number\">1</span></div><div class=\"line\">                  )</div><div class=\"line\">                : <span class=\"number\">1</span>;</div><div class=\"line\"> </div><div class=\"line\">        scale = <span class=\"number\">1</span> / dpr;</div><div class=\"line\">    &#125;</div><div class=\"line\"> </div><div class=\"line\">    docElem.setAttribute(<span class=\"string\">\"data-dpr\"</span>, dpr);</div><div class=\"line\"> </div><div class=\"line\">    <span class=\"comment\">// 插入 viewport meta</span></div><div class=\"line\">    <span class=\"keyword\">if</span> (!vpMeta) &#123;</div><div class=\"line\">        vpMeta = doc.createElement(<span class=\"string\">\"meta\"</span>);</div><div class=\"line\">         </div><div class=\"line\">        vpMeta.setAttribute(<span class=\"string\">\"name\"</span>, <span class=\"string\">\"viewport\"</span>);</div><div class=\"line\">        vpMeta.setAttribute(<span class=\"string\">\"content\"</span>,</div><div class=\"line\">            <span class=\"string\">\"initial-scale=\"</span> + scale + <span class=\"string\">\", maximum-scale=\"</span> + scale + <span class=\"string\">\", minimum-scale=\"</span> + scale + <span class=\"string\">\", user-scalable=no\"</span>);</div><div class=\"line\"> </div><div class=\"line\">        <span class=\"keyword\">if</span> (docElem.firstElementChild) &#123;</div><div class=\"line\">            docElem.firstElementChild.appendChild(vpMeta)</div><div class=\"line\">        &#125; <span class=\"keyword\">else</span> &#123;</div><div class=\"line\">            <span class=\"keyword\">var</span> div = doc.createElement(<span class=\"string\">\"div\"</span>);</div><div class=\"line\">            div.appendChild(vpMeta);</div><div class=\"line\">            doc.write(div.innerHTML);</div><div class=\"line\">        &#125;</div><div class=\"line\">    &#125;</div><div class=\"line\"> </div><div class=\"line\">    <span class=\"function\"><span class=\"keyword\">function</span> <span class=\"title\">setFontSize</span>(<span class=\"params\"></span>) </span>&#123;</div><div class=\"line\">        <span class=\"keyword\">var</span> winWidth = docElem.getBoundingClientRect().width;</div><div class=\"line\"> </div><div class=\"line\">        <span class=\"keyword\">if</span> (winWidth / dpr &gt; <span class=\"number\">540</span>) &#123;</div><div class=\"line\">            (winWidth = <span class=\"number\">540</span> * dpr);</div><div class=\"line\">        &#125;</div><div class=\"line\"> </div><div class=\"line\">        <span class=\"comment\">// 根节点 fontSize 根据宽度决定</span></div><div class=\"line\">        <span class=\"keyword\">var</span> baseSize = winWidth / <span class=\"number\">10</span>;</div><div class=\"line\"> </div><div class=\"line\">        docElem.style.fontSize = baseSize + <span class=\"string\">\"px\"</span>;</div><div class=\"line\">        flexible.rem = win.rem = baseSize;</div><div class=\"line\">    &#125;</div><div class=\"line\"> </div><div class=\"line\">    <span class=\"comment\">// 调整窗口时重置</span></div><div class=\"line\">    win.addEventListener(<span class=\"string\">\"resize\"</span>, <span class=\"function\"><span class=\"keyword\">function</span>(<span class=\"params\"></span>) </span>&#123;</div><div class=\"line\">        clearTimeout(timer);</div><div class=\"line\">        timer = setTimeout(setFontSize, <span class=\"number\">300</span>);</div><div class=\"line\">    &#125;, <span class=\"literal\">false</span>);</div><div class=\"line\"> </div><div class=\"line\">     </div><div class=\"line\">    <span class=\"comment\">// 这一段是我自己加的</span></div><div class=\"line\">    <span class=\"comment\">// orientationchange 时也需要重算下吧</span></div><div class=\"line\">    win.addEventListener(<span class=\"string\">\"orientationchange\"</span>, <span class=\"function\"><span class=\"keyword\">function</span>(<span class=\"params\"></span>) </span>&#123;</div><div class=\"line\">        clearTimeout(timer);</div><div class=\"line\">        timer = setTimeout(setFontSize, <span class=\"number\">300</span>);</div><div class=\"line\">    &#125;, <span class=\"literal\">false</span>);</div><div class=\"line\"> </div><div class=\"line\"> </div><div class=\"line\">    <span class=\"comment\">// pageshow</span></div><div class=\"line\">    <span class=\"comment\">// keyword: 倒退 缓存相关</span></div><div class=\"line\">    win.addEventListener(<span class=\"string\">\"pageshow\"</span>, <span class=\"function\"><span class=\"keyword\">function</span>(<span class=\"params\">e</span>) </span>&#123;</div><div class=\"line\">        <span class=\"keyword\">if</span> (e.persisted) &#123;</div><div class=\"line\">            clearTimeout(timer);</div><div class=\"line\">            timer = setTimeout(setFontSize, <span class=\"number\">300</span>);</div><div class=\"line\">        &#125;</div><div class=\"line\">    &#125;, <span class=\"literal\">false</span>);</div><div class=\"line\"> </div><div class=\"line\">    <span class=\"comment\">// 设置基准字体</span></div><div class=\"line\">    <span class=\"keyword\">if</span> (<span class=\"string\">\"complete\"</span> === doc.readyState) &#123;</div><div class=\"line\">        doc.body.style.fontSize = <span class=\"number\">12</span> * dpr + <span class=\"string\">\"px\"</span>;</div><div class=\"line\">    &#125; <span class=\"keyword\">else</span> &#123;</div><div class=\"line\">        doc.addEventListener(<span class=\"string\">\"DOMContentLoaded\"</span>, <span class=\"function\"><span class=\"keyword\">function</span>(<span class=\"params\"></span>) </span>&#123;</div><div class=\"line\">            doc.body.style.fontSize = <span class=\"number\">12</span> * dpr + <span class=\"string\">\"px\"</span>;</div><div class=\"line\">        &#125;, <span class=\"literal\">false</span>);</div><div class=\"line\">    &#125;</div><div class=\"line\">  </div><div class=\"line\">    setFontSize();</div><div class=\"line\"> </div><div class=\"line\">    flexible.dpr = win.dpr = dpr;</div><div class=\"line\"> </div><div class=\"line\">    flexible.refreshRem = setFontSize;</div><div class=\"line\"> </div><div class=\"line\">    flexible.rem2px = <span class=\"function\"><span class=\"keyword\">function</span>(<span class=\"params\">d</span>) </span>&#123;</div><div class=\"line\">        <span class=\"keyword\">var</span> c = <span class=\"built_in\">parseFloat</span>(d) * <span class=\"keyword\">this</span>.rem;</div><div class=\"line\">        <span class=\"keyword\">if</span> (<span class=\"string\">\"string\"</span> == <span class=\"keyword\">typeof</span> d &amp;&amp; d.match(<span class=\"regexp\">/rem$/</span>)) &#123;</div><div class=\"line\">            c += <span class=\"string\">\"px\"</span>;</div><div class=\"line\">        &#125;</div><div class=\"line\">        <span class=\"keyword\">return</span> c;</div><div class=\"line\">    &#125;;</div><div class=\"line\"> </div><div class=\"line\">    flexible.px2rem = <span class=\"function\"><span class=\"keyword\">function</span>(<span class=\"params\">d</span>) </span>&#123;</div><div class=\"line\">        <span class=\"keyword\">var</span> c = <span class=\"built_in\">parseFloat</span>(d) / <span class=\"keyword\">this</span>.rem;</div><div class=\"line\">         </div><div class=\"line\">        <span class=\"keyword\">if</span> (<span class=\"string\">\"string\"</span> == <span class=\"keyword\">typeof</span> d &amp;&amp; d.match(<span class=\"regexp\">/px$/</span>)) &#123;</div><div class=\"line\">            c += <span class=\"string\">\"rem\"</span>;</div><div class=\"line\">        &#125;</div><div class=\"line\">        <span class=\"keyword\">return</span> c;</div><div class=\"line\">    &#125;</div><div class=\"line\">&#125;(<span class=\"built_in\">window</span>, <span class=\"built_in\">window</span>.lib || (<span class=\"built_in\">window</span>.lib = &#123;&#125;));</div></pre></td></tr></table></figure><p><strong>注意：</strong><br>淘宝首页在iPhone4上设置的initial-scale是0.5（其他尺寸类似）。</p><p>因此，这句在iPhone4上得出的结果是640：</p><figure class=\"highlight javascript\"><table><tr><td class=\"code\"><pre><div class=\"line\"><span class=\"keyword\">var</span> winWidth = docElem.getBoundingClientRect().width;</div></pre></td></tr></table></figure><p>正是因为淘宝这种独特的设置，使得 ios 上 1px边框的问题完美解决（1px变2px， 又被 <code>initial-scale=0.5</code> 缩小了一半）。</p><h2 id=\"【资源三】常规情况下js根据屏幕宽度动态计算\"><a href=\"#【资源三】常规情况下js根据屏幕宽度动态计算\" class=\"headerlink\" title=\"【资源三】常规情况下js根据屏幕宽度动态计算\"></a>【资源三】常规情况下js根据屏幕宽度动态计算</h2><p>使用js动态计算：</p><figure class=\"highlight js\"><table><tr><td class=\"code\"><pre><div class=\"line\"></div><div class=\"line\">!(<span class=\"function\"><span class=\"keyword\">function</span>(<span class=\"params\">doc, win</span>) </span>&#123;</div><div class=\"line\">    <span class=\"keyword\">var</span> docEle = doc.documentElement,</div><div class=\"line\">        evt = <span class=\"string\">\"onorientationchange\"</span> <span class=\"keyword\">in</span> <span class=\"built_in\">window</span> ? <span class=\"string\">\"orientationchange\"</span> : <span class=\"string\">\"resize\"</span>,</div><div class=\"line\">        fn = <span class=\"function\"><span class=\"keyword\">function</span>(<span class=\"params\"></span>) </span>&#123;</div><div class=\"line\">            <span class=\"keyword\">var</span> width = docEle.clientWidth;</div><div class=\"line\">            width &amp;&amp; (docEle.style.fontSize = <span class=\"number\">20</span> * (width / <span class=\"number\">320</span>) + <span class=\"string\">\"px\"</span>);</div><div class=\"line\">        &#125;;</div><div class=\"line\">     </div><div class=\"line\">    win.addEventListener(evt, fn, <span class=\"literal\">false</span>);</div><div class=\"line\">    doc.addEventListener(<span class=\"string\">\"DOMContentLoaded\"</span>, fn, <span class=\"literal\">false</span>);</div><div class=\"line\"> </div><div class=\"line\">&#125;(<span class=\"built_in\">document</span>, <span class=\"built_in\">window</span>));</div></pre></td></tr></table></figure><h2 id=\"【资源四】媒体查询较密集的断点\"><a href=\"#【资源四】媒体查询较密集的断点\" class=\"headerlink\" title=\"【资源四】媒体查询较密集的断点\"></a>【资源四】媒体查询较密集的断点</h2><p>使用css3 media query 实现</p><figure class=\"highlight css\"><table><tr><td class=\"code\"><pre><div class=\"line\">@<span class=\"keyword\">media</span> screen and (min-width: <span class=\"number\">320px</span>) &#123;</div><div class=\"line\">    <span class=\"selector-tag\">html</span> &#123;<span class=\"attribute\">font-size</span>: <span class=\"number\">14px</span>;&#125;</div><div class=\"line\">&#125;</div><div class=\"line\"> </div><div class=\"line\">@<span class=\"keyword\">media</span> screen and (min-width: <span class=\"number\">360px</span>) &#123;</div><div class=\"line\">    <span class=\"selector-tag\">html</span> &#123;<span class=\"attribute\">font-size</span>: <span class=\"number\">16px</span>;&#125;</div><div class=\"line\">&#125;</div><div class=\"line\"> </div><div class=\"line\">@<span class=\"keyword\">media</span> screen and (min-width: <span class=\"number\">400px</span>) &#123;</div><div class=\"line\">    <span class=\"selector-tag\">html</span> &#123;<span class=\"attribute\">font-size</span>: <span class=\"number\">18px</span>;&#125;</div><div class=\"line\">&#125;</div><div class=\"line\"> </div><div class=\"line\">@<span class=\"keyword\">media</span> screen and (min-width: <span class=\"number\">440px</span>) &#123;</div><div class=\"line\">    <span class=\"selector-tag\">html</span> &#123;<span class=\"attribute\">font-size</span>: <span class=\"number\">20px</span>;&#125;</div><div class=\"line\">&#125;</div><div class=\"line\"> </div><div class=\"line\">@<span class=\"keyword\">media</span> screen and (min-width: <span class=\"number\">480px</span>) &#123;</div><div class=\"line\">    <span class=\"selector-tag\">html</span> &#123;<span class=\"attribute\">font-size</span>: <span class=\"number\">22px</span>;&#125;</div><div class=\"line\">&#125;</div><div class=\"line\"> </div><div class=\"line\">@<span class=\"keyword\">media</span> screen and (min-width: <span class=\"number\">640px</span>) &#123;</div><div class=\"line\">    <span class=\"selector-tag\">html</span> &#123;<span class=\"attribute\">font-size</span>: <span class=\"number\">28px</span>;&#125;</div><div class=\"line\">&#125;</div></pre></td></tr></table></figure><h2 id=\"【资源五】强大的单位——vw\"><a href=\"#【资源五】强大的单位——vw\" class=\"headerlink\" title=\"【资源五】强大的单位——vw\"></a>【资源五】强大的单位——vw</h2><p>使用单位 vw 实现动态计算。</p><figure class=\"highlight css\"><table><tr><td class=\"code\"><pre><div class=\"line\"><span class=\"selector-tag\">html</span> &#123;</div><div class=\"line\">    <span class=\"attribute\">font-size</span>: <span class=\"number\">31.25vw</span>; <span class=\"comment\">/* 表达式：100*100vw/320 */</span></div><div class=\"line\">&#125;</div></pre></td></tr></table></figure><p>不过考虑到国内兼容性的问题，还是结合媒体查询来使用比较好。（媒体查询的断点暂时是借用上面的例子）</p><p><img src=\"https://ogjija9ft.qnssl.com/placeholder.png\" data-orig=\"https://segmentfault.com/img/bVpJlx\" alt=\"图片描述\"></p><figure class=\"highlight css\"><table><tr><td class=\"code\"><pre><div class=\"line\">@<span class=\"keyword\">media</span> screen and (min-width: <span class=\"number\">320px</span>) &#123;</div><div class=\"line\">    <span class=\"selector-tag\">html</span> &#123;</div><div class=\"line\">        <span class=\"attribute\">font-size</span>: <span class=\"number\">100px</span>;</div><div class=\"line\">    &#125;</div><div class=\"line\">&#125;</div><div class=\"line\"> </div><div class=\"line\">@<span class=\"keyword\">media</span> screen and (min-width: <span class=\"number\">360px</span>) &#123;</div><div class=\"line\">    <span class=\"selector-tag\">html</span> &#123;</div><div class=\"line\">        <span class=\"attribute\">font-size</span>: <span class=\"number\">112.5px</span>;</div><div class=\"line\">    &#125;</div><div class=\"line\">&#125;</div><div class=\"line\"> </div><div class=\"line\">@<span class=\"keyword\">media</span> screen and (min-width: <span class=\"number\">400px</span>) &#123;</div><div class=\"line\">    <span class=\"selector-tag\">html</span> &#123;</div><div class=\"line\">        <span class=\"attribute\">font-size</span>: <span class=\"number\">125px</span>;</div><div class=\"line\">    &#125;</div><div class=\"line\">&#125;</div><div class=\"line\"> </div><div class=\"line\">@<span class=\"keyword\">media</span> screen and (min-width: <span class=\"number\">440px</span>) &#123;</div><div class=\"line\">    <span class=\"selector-tag\">html</span> &#123;</div><div class=\"line\">        <span class=\"attribute\">font-size</span>: <span class=\"number\">137.5px</span>;</div><div class=\"line\">    &#125;</div><div class=\"line\">&#125;</div><div class=\"line\"> </div><div class=\"line\">@<span class=\"keyword\">media</span> screen and (min-width: <span class=\"number\">480px</span>) &#123;</div><div class=\"line\">    <span class=\"selector-tag\">html</span> &#123;</div><div class=\"line\">        <span class=\"attribute\">font-size</span>: <span class=\"number\">150px</span>;</div><div class=\"line\">    &#125;</div><div class=\"line\">&#125;</div><div class=\"line\"> </div><div class=\"line\">@<span class=\"keyword\">media</span> screen and (min-width: <span class=\"number\">640px</span>) &#123;</div><div class=\"line\">    <span class=\"selector-tag\">html</span> &#123;</div><div class=\"line\">        <span class=\"attribute\">font-size</span>: <span class=\"number\">200px</span>;</div><div class=\"line\">    &#125;</div><div class=\"line\">&#125;</div><div class=\"line\"> </div><div class=\"line\"><span class=\"selector-tag\">html</span> &#123;</div><div class=\"line\">    <span class=\"attribute\">font-size</span>: <span class=\"number\">31.25vw</span>;</div><div class=\"line\">&#125;</div></pre></td></tr></table></figure><hr><h2 id=\"【总结】\"><a href=\"#【总结】\" class=\"headerlink\" title=\"【总结】\"></a>【总结】</h2><p>对以上种种方法的综合：</p><p>1、meta:viewport, 还是initial-scale为 1；</p><p>2、320px屏幕下，把页面根元素html的字体大小设置为50px；</p><p>3、鉴于我们拿到的设计图目前是640px宽的基准，这样我们就不用每次自己除以2了，直接在PS中量就好；</p><p>4、宽度什么的最好还是用百分比处理；涉及到高度、字体大小之类的则用rem。</p><p>eg：<br>设计稿上，div高度为40px；那么css就是 <code>div {height: 0.4rem;}</code></p><p>结果就只剩下一步转换：设计稿上量的长度转化为小数。 <code>50% =&gt; 0.5</code> 这种计算，不要太简单。。。</p><p>【方法一】纯粹css，支持calc函数的动态计算；不支持的用css媒体查询断点，优雅降级。</p><figure class=\"highlight css\"><table><tr><td class=\"code\"><pre><div class=\"line\">@<span class=\"keyword\">media</span> screen and (min-width: <span class=\"number\">320px</span>) &#123;</div><div class=\"line\">    <span class=\"selector-tag\">html</span> &#123;</div><div class=\"line\">        <span class=\"attribute\">font-size</span>: <span class=\"number\">50px</span>;</div><div class=\"line\">    &#125;</div><div class=\"line\">&#125;</div><div class=\"line\"> </div><div class=\"line\">@<span class=\"keyword\">media</span> screen and (min-width: <span class=\"number\">360px</span>) &#123;</div><div class=\"line\">    <span class=\"selector-tag\">html</span> &#123;</div><div class=\"line\">        <span class=\"attribute\">font-size</span>: <span class=\"number\">56px</span>;</div><div class=\"line\">    &#125;</div><div class=\"line\">&#125;</div><div class=\"line\"> </div><div class=\"line\">@<span class=\"keyword\">media</span> screen and (min-width: <span class=\"number\">400px</span>) &#123;</div><div class=\"line\">    <span class=\"selector-tag\">html</span> &#123;</div><div class=\"line\">        <span class=\"attribute\">font-size</span>: <span class=\"number\">63px</span>;</div><div class=\"line\">    &#125;</div><div class=\"line\">&#125;</div><div class=\"line\"> </div><div class=\"line\">@<span class=\"keyword\">media</span> screen and (min-width: <span class=\"number\">440px</span>) &#123;</div><div class=\"line\">    <span class=\"selector-tag\">html</span> &#123;</div><div class=\"line\">        <span class=\"attribute\">font-size</span>: <span class=\"number\">69px</span>;</div><div class=\"line\">    &#125;</div><div class=\"line\">&#125;</div><div class=\"line\"> </div><div class=\"line\">@<span class=\"keyword\">media</span> screen and (min-width: <span class=\"number\">480px</span>) &#123;</div><div class=\"line\">    <span class=\"selector-tag\">html</span> &#123;</div><div class=\"line\">        <span class=\"attribute\">font-size</span>: <span class=\"number\">75px</span>;</div><div class=\"line\">    &#125;</div><div class=\"line\">&#125;</div><div class=\"line\"></div><div class=\"line\"><span class=\"comment\">/**</span></div><div class=\"line\"><span class=\"comment\"> * 2016-01-13 订正</span></div><div class=\"line\"><span class=\"comment\"> * 做适当限制</span></div><div class=\"line\"><span class=\"comment\"> * 大于640的屏幕 固定为100px</span></div><div class=\"line\"><span class=\"comment\"> * 同时需要对body或者最外层wrapper做max-width: 640px的限制</span></div><div class=\"line\"><span class=\"comment\"> */</span></div><div class=\"line\"><span class=\"comment\">/*</span></div><div class=\"line\"><span class=\"comment\">@media screen and (min-width: 640px) &#123;</span></div><div class=\"line\"><span class=\"comment\">    html &#123;</span></div><div class=\"line\"><span class=\"comment\">        font-size: 100px;</span></div><div class=\"line\"><span class=\"comment\">    &#125;</span></div><div class=\"line\"><span class=\"comment\">&#125;</span></div><div class=\"line\"><span class=\"comment\"></span></div><div class=\"line\"><span class=\"comment\">html &#123;</span></div><div class=\"line\"><span class=\"comment\">    font-size: 15.625vw;</span></div><div class=\"line\"><span class=\"comment\">&#125;</span></div><div class=\"line\"><span class=\"comment\">*/</span></div><div class=\"line\"></div><div class=\"line\"><span class=\"selector-tag\">html</span> &#123;</div><div class=\"line\">    <span class=\"attribute\">font-size</span>: <span class=\"number\">15.625vw</span>;</div><div class=\"line\">&#125;</div><div class=\"line\"></div><div class=\"line\">@<span class=\"keyword\">media</span> screen and (min-width: <span class=\"number\">640px</span>) &#123;</div><div class=\"line\">    <span class=\"selector-tag\">html</span> &#123;</div><div class=\"line\">        <span class=\"attribute\">font-size</span>: <span class=\"number\">100px</span>;</div><div class=\"line\">    &#125;</div><div class=\"line\">&#125;</div></pre></td></tr></table></figure><p>【方法二】脚本动态计算</p><p><strong>大前提：</strong></p><p>1、initial-scale 为 1；</p><p>2、在项目css中(注意不要被公共的base、common之类的影响了，资源加载顺序也是蛮重要的)，先把html的fontSize设置为 50px（或者加上媒体查询代码）, 避免加载未完成时候样式错乱;</p><figure class=\"highlight css\"><table><tr><td class=\"code\"><pre><div class=\"line\"></div><div class=\"line\"><span class=\"comment\">/* css */</span></div><div class=\"line\"><span class=\"selector-tag\">html</span> &#123;<span class=\"attribute\">font-size</span>: <span class=\"number\">50px</span>;&#125;</div></pre></td></tr></table></figure><figure class=\"highlight javascript\"><table><tr><td class=\"code\"><pre><div class=\"line\"><span class=\"comment\">/* javascript */</span></div><div class=\"line\"></div><div class=\"line\">!(<span class=\"function\"><span class=\"keyword\">function</span>(<span class=\"params\">win, doc</span>)</span>&#123;</div><div class=\"line\">    <span class=\"function\"><span class=\"keyword\">function</span> <span class=\"title\">setFontSize</span>(<span class=\"params\"></span>) </span>&#123;</div><div class=\"line\">        <span class=\"comment\">// 获取window 宽度</span></div><div class=\"line\">        <span class=\"comment\">// zepto实现 $(window).width()就是这么干的</span></div><div class=\"line\">        <span class=\"keyword\">var</span> winWidth =  <span class=\"built_in\">window</span>.innerWidth;</div><div class=\"line\">        <span class=\"comment\">// doc.documentElement.style.fontSize = (winWidth / 640) * 100 + 'px' ;</span></div><div class=\"line\">        </div><div class=\"line\">        <span class=\"comment\">// 2016-01-13 订正</span></div><div class=\"line\">        <span class=\"comment\">// 640宽度以上进行限制 需要css进行配合</span></div><div class=\"line\">        <span class=\"keyword\">var</span> size = (winWidth / <span class=\"number\">640</span>) * <span class=\"number\">100</span>;</div><div class=\"line\">        doc.documentElement.style.fontSize = (size &lt; <span class=\"number\">100</span> ? size : <span class=\"number\">100</span>) + <span class=\"string\">'px'</span> ;</div><div class=\"line\">    &#125;</div><div class=\"line\"> </div><div class=\"line\">    <span class=\"keyword\">var</span> evt = <span class=\"string\">'onorientationchange'</span> <span class=\"keyword\">in</span> win ? <span class=\"string\">'orientationchange'</span> : <span class=\"string\">'resize'</span>;</div><div class=\"line\">    </div><div class=\"line\">    <span class=\"keyword\">var</span> timer = <span class=\"literal\">null</span>;</div><div class=\"line\"> </div><div class=\"line\">    win.addEventListener(evt, <span class=\"function\"><span class=\"keyword\">function</span> (<span class=\"params\"></span>) </span>&#123;</div><div class=\"line\">        clearTimeout(timer);</div><div class=\"line\"> </div><div class=\"line\">        timer = setTimeout(setFontSize, <span class=\"number\">300</span>);</div><div class=\"line\">    &#125;, <span class=\"literal\">false</span>);</div><div class=\"line\">    </div><div class=\"line\">    win.addEventListener(<span class=\"string\">\"pageshow\"</span>, <span class=\"function\"><span class=\"keyword\">function</span>(<span class=\"params\">e</span>) </span>&#123;</div><div class=\"line\">        <span class=\"keyword\">if</span> (e.persisted) &#123;</div><div class=\"line\">            clearTimeout(timer);</div><div class=\"line\"> </div><div class=\"line\">            timer = setTimeout(setFontSize, <span class=\"number\">300</span>);</div><div class=\"line\">        &#125;</div><div class=\"line\">    &#125;, <span class=\"literal\">false</span>);</div><div class=\"line\"> </div><div class=\"line\">    <span class=\"comment\">// 初始化</span></div><div class=\"line\">    setFontSize();</div><div class=\"line\"> </div><div class=\"line\">&#125;(<span class=\"built_in\">window</span>, <span class=\"built_in\">document</span>));</div></pre></td></tr></table></figure><p>嗯。。。</p><p>就这么愉快地结束了。。。</p><p>不知道解读了某宝首页的一点点代码，然后发在这里，会不会有什么后果。。。</p><p>==================================================</p><h2 id=\"2016年1月13日补充\"><a href=\"#2016年1月13日补充\" class=\"headerlink\" title=\"2016年1月13日补充\"></a>2016年1月13日补充</h2><p>写过这篇博客之后，又陆续读过几篇关于布局的文章。</p><p>具体已经忘了，大约是大漠的文章，还有一篇应该是搜车前端的博文，另外应该还有关于手淘首页的分析的文章。</p><p>另外，自己也用rem布局实践过几个项目。</p><p>不得不说，个人觉得rem布局现在已经可以放弃了。<code>flex</code>布局已经很好用了，早已有之的百分比布局等稍用点心思也并不难。</p><p>这篇博客一直想改。但懒惰总是占据着我的身体。</p><p>最后再说下，字体大小自适应是错误的，字体大小自适应是错误的，字体大小自适应是错误的。</p><p>rem 布局，可以告别了。</p><p>迎接 flex 布局吧。</p><p>=========================================</p><h3 id=\"写在最后\"><a href=\"#写在最后\" class=\"headerlink\" title=\"写在最后\"></a>写在最后</h3><p>这篇博客写于半年前，那时候还是个刚毕业的菜鸟。</p><p>偶尔有点想法，看了一些大牛的文章，有了这篇博客。</p><p>这也是半年来唯一一篇产出。</p><p>5k的浏览量，95收藏，13推荐，已经让我很惊讶了。</p><p>谢谢各路大神们的关注。</p><p>半年来感受到的前端大环境变化还是很大。虽然在公司没有太多变化，但眼睛总得看着世界吧。</p><p>接下来，还得继续学习。</p><p>由于手上没什么项目，一直想探索出一套自己的自动化流程，但到现在也只是积累了许多版的草稿。</p><p><code>nodejs</code>方面也得有所探索，<code>nodejs</code> 再加上 <code>shelljs</code> 和 <code>yargs</code> 用起来是真的很爽。（<a href=\"www.ruanyifeng.com/blog/2015/05/command-line-with-node.html\">鸣谢阮大神的文章</a>）</p><p>算是年终总结了。在前端的路上继续走吧。</p><p>=========================================</p><h3 id=\"一点想法：评论区的回复\"><a href=\"#一点想法：评论区的回复\" class=\"headerlink\" title=\"一点想法：评论区的回复\"></a>一点想法：评论区的回复</h3><p>媒体查询和js动态计算是两种方式。</p><p>首先，支持 CSS3 <code>calc</code>方法 和 <code>rem</code>、<code>vw</code>单位的浏览器下，只需要<code>html {font-size: 15.625vw;}</code>这样一句就好，另外加个媒体查询限制下。</p><p>之前的一大堆密集的断点只是为了hack不支持<code>calc</code>或者<code>calc</code>的情况。其次，js动态设置html的<code>font-size</code>，只要浏览器支持rem单位即可。</p><p>为什么会考虑到密集的mq断点呢，因为当时还在考虑文字大小的自适应问题。</p><p>实践证明，字体大小自适应是一种错误的想法。</p><p>移动开发在必要情况的下，可以适当使用mq来调整字体大小，但做成完全自适应则是一种存在问题的做法。</p><p>因此，这里提到的 <code>calc</code>和<code>vh</code> <code>rem</code>配合的做法，最好只用来做布局的工作。js动态计算也是类似，更适合做布局。</p>","categories":[],"tags":[{"name":"原创","path":"api/tags/原创.json"},{"name":"rem","path":"api/tags/rem.json"}]}