{"title":"React 中的 AJAX 请求：获取数据的方法与时机","slug":"ajax-requests-in-react","date":"2016-12-07T23:43:23.000Z","updated":"2017-08-10T10:42:08.508Z","comments":true,"path":"api/articles/ajax-requests-in-react.json","excerpt":null,"covers":null,"content":"<p>React 新手一开始可能会问到这样一个问题，“在 React 中如何发送 AJAX 请求呢？”</p><p>本文正要回答该问题。</p><p>首先：React 本身对获取数据的方式并无任何特殊偏好。实际上，在 React 的图景中，根本就不知道“服务器”这种东西的存在。</p><p>React 只是使用 <strong>props</strong> 和 <strong>state</strong> 两处的数据进行组件渲染。</p><p>因此，想要使用来自服务端的数据，必须将数据放入组件的 props 或 state 中。</p><p>你完全可以按照喜好使用服务、数据模型（额，“建立抽象”）完成这个过程，但归根结底只不过是通过 props 和 state 渲染组件。</p><h4 id=\"选择-HTTP-工具库\"><a href=\"#选择-HTTP-工具库\" class=\"headerlink\" title=\"选择 HTTP 工具库\"></a>选择 HTTP 工具库</h4><p>要从服务端拿到数据，首先得有一个 HTTP 工具库。现成的轮子数都数不清。它们最终做的事情都一样，但在一些特性上有所不同。</p><p>喜欢 Promise？那就试试 <a href=\"https://github.com/mzabriskie/axios\" target=\"_blank\" rel=\"external\">axios</a> 吧。</p><p>不喜欢 Promise，对回调函数情有独钟？可以看一眼 <a href=\"https://github.com/visionmedia/superagent\" target=\"_blank\" rel=\"external\">superagent</a>。</p><p>要不试试将要成为标准的一些工具？<a href=\"https://github.com/github/fetch\" target=\"_blank\" rel=\"external\">fetch</a> 可能是你的菜。</p><p>这些其实根本不重要。没有“最佳”工具。</p><p>有些人可能会说，<code>fetch</code> 是最好的，因为 fetch 差不多已经是标准了。但我敢打赌，就算fetch <strong>真正</strong>成为标准，还是会有人喜欢、使用一些与之匹敌的 HTTP 工具库。所以随你怎么选咯。</p><p>我个人比较喜欢 <a href=\"https://github.com/mzabriskie/axios\" target=\"_blank\" rel=\"external\">axios</a>，这也是本文示例所使用的。不过，认真的说，如果你偏偏不喜欢它，那就选其他的呗。</p><h4 id=\"获取数据\"><a href=\"#获取数据\" class=\"headerlink\" title=\"获取数据\"></a>获取数据</h4><p>下面是一个简单的示例组件，它从 Reddit 站点获取文章列表。先看一眼，后面会讲述代码是如何工作的。</p><figure class=\"highlight javascript\"><table><tr><td class=\"code\"><pre><div class=\"line\"><span class=\"keyword\">import</span> React <span class=\"keyword\">from</span> <span class=\"string\">'react'</span>;</div><div class=\"line\"><span class=\"keyword\">import</span> ReactDOM <span class=\"keyword\">from</span> <span class=\"string\">'react-dom'</span>;</div><div class=\"line\"><span class=\"keyword\">import</span> axios <span class=\"keyword\">from</span> <span class=\"string\">'axios'</span>;</div><div class=\"line\"></div><div class=\"line\"><span class=\"class\"><span class=\"keyword\">class</span> <span class=\"title\">FetchDemo</span> <span class=\"keyword\">extends</span> <span class=\"title\">React</span>.<span class=\"title\">Component</span> </span>&#123;</div><div class=\"line\">  <span class=\"keyword\">constructor</span>(props) &#123;</div><div class=\"line\">    <span class=\"keyword\">super</span>(props);</div><div class=\"line\"></div><div class=\"line\">    <span class=\"keyword\">this</span>.state = &#123;</div><div class=\"line\">      posts: []</div><div class=\"line\">    &#125;;</div><div class=\"line\">  &#125;</div><div class=\"line\"></div><div class=\"line\">  componentDidMount() &#123;</div><div class=\"line\">    axios.get(<span class=\"string\">`http://www.reddit.com/r/<span class=\"subst\">$&#123;<span class=\"keyword\">this</span>.props.subreddit&#125;</span>.json`</span>)</div><div class=\"line\">      .then(<span class=\"function\"><span class=\"params\">res</span> =&gt;</span> &#123;</div><div class=\"line\">        <span class=\"keyword\">const</span> posts = res.data.data.children.map(<span class=\"function\"><span class=\"params\">obj</span> =&gt;</span> obj.data);</div><div class=\"line\">        <span class=\"keyword\">this</span>.setState(&#123; posts &#125;);</div><div class=\"line\">      &#125;);</div><div class=\"line\">  &#125;</div><div class=\"line\"></div><div class=\"line\">  render() &#123;</div><div class=\"line\">    <span class=\"keyword\">return</span> (</div><div class=\"line\">      &lt;div&gt;</div><div class=\"line\">        &lt;h1&gt;&#123;<span class=\"string\">`/r/<span class=\"subst\">$&#123;<span class=\"keyword\">this</span>.props.subreddit&#125;</span>`</span>&#125;&lt;<span class=\"regexp\">/h1&gt;</span></div><div class=\"line\"><span class=\"regexp\">        &lt;ul&gt;</span></div><div class=\"line\"><span class=\"regexp\">          &#123;this.state.posts.map(post =&gt;</span></div><div class=\"line\"><span class=\"regexp\">            &lt;li key=&#123;post.id&#125;&gt;&#123;post.title&#125;&lt;/</span>li&gt;</div><div class=\"line\">          )&#125;</div><div class=\"line\">        &lt;<span class=\"regexp\">/ul&gt;</span></div><div class=\"line\"><span class=\"regexp\">      &lt;/</span>div&gt;</div><div class=\"line\">    );</div><div class=\"line\">  &#125;</div><div class=\"line\">&#125;</div><div class=\"line\"></div><div class=\"line\">ReactDOM.render(</div><div class=\"line\">  &lt;FetchDemo subreddit=<span class=\"string\">\"reactjs\"</span>/&gt;,</div><div class=\"line\">  <span class=\"built_in\">document</span>.getElementById(<span class=\"string\">'root'</span>)</div><div class=\"line\">);</div></pre></td></tr></table></figure><h3 id=\"如何工作\"><a href=\"#如何工作\" class=\"headerlink\" title=\"如何工作\"></a>如何工作</h3><p>首先引入 <code>axios</code>。</p><figure class=\"highlight javascript\"><table><tr><td class=\"code\"><pre><div class=\"line\"><span class=\"string\">`import axios from 'axios';`</span></div></pre></td></tr></table></figure><p>constructor 方法非常标准，调用 <code>super</code>，然后初始化 state，设置一个空的 <code>posts</code> 数组。</p><p>真正神奇的事情发生在 <code>componentDidMount</code> 方法中。组件首次“挂载”（mount）时，该方法就会执行。在组件生命周期中，该方法只会执行<strong>一次</strong>。</p><p><strong>TL;DR: 在 <code>componentDidMount</code> 方法中获取服务端数据</strong></p><p><code>componentDidMount</code> 方法中，根据传入的<code>subreddit</code>属性，调用 <code>axios.get</code> 方法获取数据。反引号中是 ES6 模板字符串，可能如你所想，<code>${...}</code> 部分会被其中表达式的值所替换，因此传给 <code>axios.get</code> 的 URL 实际上是 <code>http://www.reddit.com/r/reactjs.json</code>。</p><p>此处需注意两点，和 Reddit 有关：</p><ul><li><p>可以在 Reddit 网站下面所有的 URL 后面添加 <code>.json</code> 后缀，以获取 JSON 格式的内容。</p></li><li><p>如果去掉 <code>www</code>，会产生 CORS 错误（至少我碰到了这个错误）。</p></li></ul><p>因为 Axios 使用了 Promise，所以可以通过 <code>.then</code> 方法链式处理响应。经过一些处理后，<code>posts</code> 被提取出来了，紧接着是重点：</p><p>传入新的 posts 数组，使用 <code>this.setState</code> 方法更新组件状态。这会导致重新渲染，接下来文章列表就显示出来了。</p><p>这就是所有的一切啦哈哈！</p><h3 id=\"思考题：添加加载指示\"><a href=\"#思考题：添加加载指示\" class=\"headerlink\" title=\"思考题：添加加载指示\"></a>思考题：添加加载指示</h3><p>知道怎样修改代码，在请求尚未返回时添加一个 “Loading…” 消息吗？</p><p>提示：在 state 中设置一个标志，一旦请求完成则将其切换其值。在 render 函数中使用这个标志显示加载提示。</p><p>如果想看示例代码（包括加载提示以及附加奖励 <code>error state</code>~），可以点击<a href=\"https://daveceddia.com/freebies/react-ajax-example.zip\" target=\"_blank\" rel=\"external\">这里</a>下载可运行的例子，无需注册哟~</p><p>解压文件，依次执行 <code>npm install</code> 和 <code>npm start</code>。示例基于棒棒哒 <a href=\"https://daveceddia.com/create-react-app-official-project-generator\" target=\"_blank\" rel=\"external\">Create React App</a> 创建。</p>","categories":[],"tags":[{"name":"翻译","path":"api/tags/翻译.json"},{"name":"React","path":"api/tags/React.json"}]}