{"title":"算法学习：选择排序","slug":"algo-selection-sort","date":"2016-11-06T00:00:00.000Z","updated":"2017-08-10T10:42:08.508Z","comments":true,"path":"api/articles/algo-selection-sort.json","excerpt":null,"covers":null,"content":"<p>所谓“选择排序”，基本思路就是不断从数组中选择出最小的数。</p><p>还是以扑克牌为例。假设有 N 张扑克牌，记扑克牌集合为 cards，则我们的基本操作如下：</p><p>首先，从手中拿出左侧第 0 张牌 cardA；</p><p>第二步，将 cardA 向右<strong>依次</strong>与剩下的 (N - 1) 张牌进行对比，找出最小的那张牌所在的位置 minIndex；</p><p>第三步，对比完成后，若 minIndex 不等于 1，则说明 cardA 不是最小的，将 cards[minIndex] 与 cardA 进行位置交换。</p><p>第四步，从第二张牌开始，重复前面的步骤……</p><p>……</p><p>最后得到的数组即是排序好的。</p><p>实现如下：</p><figure class=\"highlight javascript\"><table><tr><td class=\"code\"><pre><div class=\"line\"><span class=\"comment\">// 选择排序</span></div><div class=\"line\"><span class=\"function\"><span class=\"keyword\">function</span> <span class=\"title\">selectionSort</span>(<span class=\"params\">cards</span>) </span>&#123;</div><div class=\"line\">  cards = cards.slice(<span class=\"number\">0</span>);</div><div class=\"line\">  <span class=\"keyword\">var</span> len = cards.length;</div><div class=\"line\">  <span class=\"keyword\">var</span> i = <span class=\"number\">0</span>;</div><div class=\"line\">  <span class=\"keyword\">var</span> j = <span class=\"number\">0</span>;</div><div class=\"line\">  <span class=\"keyword\">var</span> minIndex = <span class=\"number\">0</span>;</div><div class=\"line\">  <span class=\"keyword\">var</span> temp = <span class=\"number\">0</span>;</div><div class=\"line\"></div><div class=\"line\">  <span class=\"keyword\">for</span> (i = <span class=\"number\">0</span>; i &lt; len - <span class=\"number\">1</span>; i++) &#123;</div><div class=\"line\">    <span class=\"comment\">// 将当前的数字与后面子序列中最小数进行换位</span></div><div class=\"line\">    <span class=\"comment\">// 这样每次拿到前面的都是最小的数字</span></div><div class=\"line\">    minIndex = i;</div><div class=\"line\"></div><div class=\"line\">    <span class=\"comment\">// 寻找子序列中最小数的索引</span></div><div class=\"line\">    <span class=\"comment\">// 每一轮得比较 n - i 次</span></div><div class=\"line\">    <span class=\"keyword\">for</span> (j = i + <span class=\"number\">1</span>; j &lt; len; j++) &#123;</div><div class=\"line\">      <span class=\"keyword\">if</span> (cards[j] &lt; cards[minIndex]) &#123;</div><div class=\"line\">        minIndex = j;</div><div class=\"line\">      &#125;</div><div class=\"line\">    &#125;</div><div class=\"line\"></div><div class=\"line\">    <span class=\"comment\">// 如果当前数比后面子序列最小元素大</span></div><div class=\"line\">    <span class=\"comment\">// 则进行换位处理</span></div><div class=\"line\">    <span class=\"keyword\">if</span> (minIndex !== i) &#123;</div><div class=\"line\">      temp = cards[i];</div><div class=\"line\">      cards[i] = cards[minIndex];</div><div class=\"line\">      cards[minIndex] = temp;</div><div class=\"line\">    &#125;</div><div class=\"line\">  &#125;</div><div class=\"line\">  <span class=\"keyword\">return</span> cards;</div><div class=\"line\">&#125;</div></pre></td></tr></table></figure><p>来粗略看下时间复杂度的问题。</p><p>实际上，这个算法，<strong>不存在最好的情况和最坏的情况</strong>。因为每次通过比较寻找最小数时，必须将所有剩余数字对比个遍。</p><p>第一次需要与 (N - 1) 个数进行对比；第二次需要与 (N - 2 个数) 对比，直到最后。总的计算次数为 <code>(N - 1) + (N - 2) + ... + 1 + 0 = N * (N - 1) / 2</code>。不难看出，<strong>时间复杂度是 <code>O(n^n)</code></strong>。</p><p>在 JavaScript 中，与<a href=\"../algo-insertion-sort/\">插入排序</a>比较，感觉选择排序比较好的一点是，没有频繁的元素位置调换，每次只会进行一次交换这一点上，性能应该会好很多（尤其是数组较大的情况下）。可以参考 <a href=\"https://jsfiddle.net/wemlin/hf4bz4mc/\" target=\"_blank\" rel=\"external\">测试Demo</a>。</p><p>每次使用的数组都长度为 1000、元素为在 (0, 10000) 区间中的整数的随机数组，每种方法分别测试 10000次，最终取计算时间平均值。结果插入排序每次时间大约在 0.9 毫秒左右，而选择排序在 0.6 毫秒左右，但注意，这里的时间<strong>包含</strong>生成随机数组的时间。</p><p>也可以用 node 来测试（排序函数代码略）：</p><figure class=\"highlight javascript\"><table><tr><td class=\"code\"><pre><div class=\"line\"><span class=\"keyword\">var</span> times = <span class=\"number\">10000</span>;</div><div class=\"line\"></div><div class=\"line\"><span class=\"keyword\">var</span> t = times;</div><div class=\"line\"><span class=\"built_in\">console</span>.time(<span class=\"string\">'selectionSort'</span>);</div><div class=\"line\"><span class=\"keyword\">while</span> (t--) &#123;</div><div class=\"line\">    selectionSort(getRandArray(<span class=\"number\">1000</span>));</div><div class=\"line\">&#125;</div><div class=\"line\"><span class=\"built_in\">console</span>.timeEnd(<span class=\"string\">'selectionSort'</span>);</div><div class=\"line\"></div><div class=\"line\"></div><div class=\"line\">t = times;</div><div class=\"line\"><span class=\"built_in\">console</span>.time(<span class=\"string\">'insertionSort'</span>);</div><div class=\"line\"><span class=\"keyword\">while</span> (t--) &#123;</div><div class=\"line\">  insertionSort(getRandArray(<span class=\"number\">1000</span>));</div><div class=\"line\">&#125;</div><div class=\"line\"><span class=\"built_in\">console</span>.timeEnd(<span class=\"string\">'insertionSort'</span>);</div><div class=\"line\"></div><div class=\"line\"><span class=\"comment\">// 获取指定长度的元素大小在 0 到 10000 之间的随机数组</span></div><div class=\"line\"><span class=\"function\"><span class=\"keyword\">function</span> <span class=\"title\">getRandArray</span>(<span class=\"params\">len</span>) </span>&#123;</div><div class=\"line\">  <span class=\"keyword\">return</span> <span class=\"function\">(<span class=\"params\"><span class=\"keyword\">new</span> <span class=\"built_in\">Array</span>(len</span>)).<span class=\"params\">fill</span>(<span class=\"params\"><span class=\"number\">0</span></span>).<span class=\"params\">map</span>(<span class=\"params\">(i</span>) =&gt;</span> <span class=\"built_in\">Math</span>.random() * <span class=\"number\">10000</span> | <span class=\"number\">0</span>);</div><div class=\"line\">&#125;</div></pre></td></tr></table></figure>","categories":[],"tags":[{"name":"原创","path":"api/tags/原创.json"},{"name":"JavaScript","path":"api/tags/JavaScript.json"},{"name":"算法","path":"api/tags/算法.json"}]}