{"title":"算法学习：冒泡排序","slug":"algo-bubble-sort","date":"2016-11-09T00:00:00.000Z","updated":"2017-08-10T10:42:08.508Z","comments":true,"path":"api/articles/algo-bubble-sort.json","excerpt":null,"covers":null,"content":"<p>从基础入手。前面学习了<a href=\"../algo-insertion-sort/\">插入排序</a>和<a href=\"../algo-selection-sort\">选择排序</a>。</p><p>接下来看冒泡排序。</p><p>依然假设手上有 N 张扑克牌，记作 cards。</p><p>第一步，先比较第 1 张与第 2 张，如果第 1 张比第 2 张大，则将两者调换位置；</p><p>第二步，重复上面的方法，比较第 2 张、第 3 张；</p><p>……</p><p>第 (n - 1) 步，比较第 (n - 1) 张、第 n 张，若第 (n - 1) 张比第 n 张大，则将两者调换位置。</p><p>仔细想下，发现没有？这样 (n - 1) 个步骤下来，整个数组中最大数已经被顺利推到最右侧啦！也就是说，现在第 n 个数已经是最大的。这就是冒泡排序叫“冒泡”的原因。</p><p>那么接下来，我们只需要对前面的 (n - 1) 个数再进行同样的 (n - 2) 次操作，找到第二大的数放在第 (n - 1) 个位置上。</p><p>最后的实现如下：</p><figure class=\"highlight javascript\"><table><tr><td class=\"code\"><pre><div class=\"line\"><span class=\"keyword\">const</span> bubbleSort = <span class=\"function\">(<span class=\"params\">cards</span>) =&gt;</span> &#123;</div><div class=\"line\">  cards = cards.slice(<span class=\"number\">0</span>);</div><div class=\"line\"></div><div class=\"line\">  <span class=\"keyword\">let</span> len = cards.length;</div><div class=\"line\">  <span class=\"keyword\">let</span> temp = <span class=\"number\">0</span>;</div><div class=\"line\"></div><div class=\"line\">  <span class=\"keyword\">for</span> (<span class=\"keyword\">let</span> i = len - <span class=\"number\">1</span>; i &gt;= <span class=\"number\">0</span>; i--) &#123;</div><div class=\"line\"></div><div class=\"line\">    <span class=\"keyword\">for</span> (<span class=\"keyword\">let</span> j = <span class=\"number\">0</span>; j &lt; len - i; j++) &#123;</div><div class=\"line\"></div><div class=\"line\">      <span class=\"keyword\">if</span> (cards[j] &gt; cards[j + <span class=\"number\">1</span>]) &#123;</div><div class=\"line\">        temp = cards[j + <span class=\"number\">1</span>];</div><div class=\"line\">        cards[j + <span class=\"number\">1</span>] = cards[j];</div><div class=\"line\">        cards[j] = temp;</div><div class=\"line\">      &#125;</div><div class=\"line\">    &#125;</div><div class=\"line\">  &#125;</div><div class=\"line\"></div><div class=\"line\">  <span class=\"keyword\">return</span> cards;</div><div class=\"line\">&#125;;</div></pre></td></tr></table></figure><p>仅仅看循环次数，评估下冒泡排序的复杂度。很简单，因为每次需要 (i - 1) 步的两两对比，因此总的时间是：</p><figure class=\"highlight javascript\"><table><tr><td class=\"code\"><pre><div class=\"line\">(n - <span class=\"number\">1</span>) + (n - <span class=\"number\">2</span>) + ... + (<span class=\"number\">2</span> - <span class=\"number\">1</span>) + (<span class=\"number\">1</span> - <span class=\"number\">1</span>) = n * (n - <span class=\"number\">1</span>) / <span class=\"number\">2</span></div></pre></td></tr></table></figure><p>复杂度为 O(n^n)。不过，在最坏的情况下，交换操作也是 O(n^n)，这对数组来说，还是有些可怕。</p>","categories":[],"tags":[{"name":"原创","path":"api/tags/原创.json"},{"name":"JavaScript","path":"api/tags/JavaScript.json"},{"name":"算法","path":"api/tags/算法.json"}]}