{"title":"React-Native 开发 App 手记","slug":"app-with-react-native","date":"2016-04-22T00:00:00.000Z","updated":"2017-08-10T10:42:08.508Z","comments":true,"path":"api/articles/app-with-react-native.json","excerpt":null,"covers":null,"content":"<p>做了一个月的 <code>RN</code>。</p><p>遇到一些问题，陆续记录下来。一些关于组件上的问题不细说了。</p><h2 id=\"Android-下的键盘事件监听\"><a href=\"#Android-下的键盘事件监听\" class=\"headerlink\" title=\"Android 下的键盘事件监听\"></a>Android 下的键盘事件监听</h2><p>一直想找安卓下面的键盘事件，可是官方文档（0.22）压根就没提这档子事啊。唯一稍微有点眉目的，就是关于<a href=\"http://reactnative.cn/docs/0.22/native-modules-android.html#%E5%8F%91%E9%80%81%E4%BA%8B%E4%BB%B6%E5%88%B0javascript\" target=\"_blank\" rel=\"external\">原生模块</a>这里。</p><p>后来看到了 <a href=\"https://github.com/Andr3wHur5t/react-native-keyboard-spacer/blob/master/KeyboardSpacer.js\" target=\"_blank\" rel=\"external\">react-native-keyboard-spacer</a> 这个组件的写法，很傻很天真的以为是需要使用什么 <code>java</code> 或 <code>OC</code> 的支持。</p><p>于是我决定去看看源码。自己拿 <code>nodejs</code> 写了个简单的<a href=\"https://github.com/AngusFu/SearchDirContent\" target=\"_blank\" rel=\"external\">内容搜索工具</a>，找到所有含有 <code>keyboard</code> 的 <code>java</code> 文件。这么一找，还真找到了。</p><figure class=\"highlight java\"><table><tr><td class=\"code\"><pre><div class=\"line\"></div><div class=\"line\"><span class=\"keyword\">if</span> (mKeyboardHeight != heightDiff &amp;&amp; heightDiff &gt; mMinKeyboardHeightDetected) &#123;</div><div class=\"line\">    <span class=\"comment\">// keyboard is now showing, or the keyboard height has changed</span></div><div class=\"line\">    mKeyboardHeight = heightDiff;</div><div class=\"line\">    WritableMap params = Arguments.createMap();</div><div class=\"line\">    WritableMap coordinates = Arguments.createMap();</div><div class=\"line\">    coordinates.putDouble(<span class=\"string\">\"screenY\"</span>, PixelUtil.toDIPFromPixel(mVisibleViewArea.bottom));</div><div class=\"line\">    coordinates.putDouble(<span class=\"string\">\"screenX\"</span>, PixelUtil.toDIPFromPixel(mVisibleViewArea.left));</div><div class=\"line\">    coordinates.putDouble(<span class=\"string\">\"width\"</span>, PixelUtil.toDIPFromPixel(mVisibleViewArea.width()));</div><div class=\"line\">    coordinates.putDouble(<span class=\"string\">\"height\"</span>, PixelUtil.toDIPFromPixel(mKeyboardHeight));</div><div class=\"line\">    params.putMap(<span class=\"string\">\"endCoordinates\"</span>, coordinates);</div><div class=\"line\">    sendEvent(<span class=\"string\">\"keyboardDidShow\"</span>, params);</div><div class=\"line\">&#125; <span class=\"keyword\">else</span> <span class=\"keyword\">if</span> (mKeyboardHeight != <span class=\"number\">0</span> &amp;&amp; heightDiff &lt;= mMinKeyboardHeightDetected) &#123;</div><div class=\"line\">    <span class=\"comment\">// keyboard is now hidden</span></div><div class=\"line\">    mKeyboardHeight = <span class=\"number\">0</span>;</div><div class=\"line\">    sendEvent(<span class=\"string\">\"keyboardDidHide\"</span>, <span class=\"keyword\">null</span>);</div><div class=\"line\">&#125;</div></pre></td></tr></table></figure><p>嗯，安卓下的事件就在这里了。<code>keyboardDidShow</code> 和 <code>keyboardDidHide</code>。</p><p>看来 <a href=\"https://github.com/Andr3wHur5t/react-native-keyboard-spacer/blob/master/KeyboardSpacer.js\" target=\"_blank\" rel=\"external\">react-native-keyboard-spacer</a> 还是很靠谱的。于是从其中抽取了键盘的逻辑，做成了 <a href=\"https://github.com/AngusFu/react-native-keyboard-event\" target=\"_blank\" rel=\"external\">react-native-keyboard-event</a> 这个组件。可以使用 <code>npm</code> 来安装。</p><figure class=\"highlight javascript\"><table><tr><td class=\"code\"><pre><div class=\"line\"></div><div class=\"line\"><span class=\"keyword\">import</span> KeyListener <span class=\"keyword\">from</span> <span class=\"string\">'react-native-keyboard-event'</span>;</div><div class=\"line\">KeyListener.show(onkeyboardShow).hide(onkeyboardHide);</div><div class=\"line\"><span class=\"comment\">// Note</span></div><div class=\"line\"><span class=\"comment\">// event name is up to platform</span></div><div class=\"line\">KeyListener.hideEvent;</div><div class=\"line\">KeyListener.showEvent;</div></pre></td></tr></table></figure><h2 id=\"fetch-方法\"><a href=\"#fetch-方法\" class=\"headerlink\" title=\"fetch 方法\"></a>fetch 方法</h2><p><code>fetch</code> 方法调用最好加上 <code>done</code> 方法，否则有时候会报错。</p><h2 id=\"RN-请求数量限制\"><a href=\"#RN-请求数量限制\" class=\"headerlink\" title=\"RN 请求数量限制\"></a>RN 请求数量限制</h2><p>网络请求数量需要做限制。不能无限请求，否则请求都会被阻塞一直发布出去。</p><p>为什么会遇到这种情况呢？因为底层有个死循环，四秒钟查找一次，是否有未上传的记录，若有则会通知前端上传，前端上传结果会反馈给底层。最后出现同一条记录反复通知反复失败的情况。通过分析日志，发现前端接到了通知，但 <code>fetch</code> 成功、失败的逻辑都没进去。</p><p>最后的解决办法，很简单，底层对请求数量做限制。</p><p>To be continued…</p>","categories":[],"tags":[{"name":"原创","path":"api/tags/原创.json"},{"name":"react-native","path":"api/tags/react-native.json"},{"name":"开发心得","path":"api/tags/开发心得.json"}]}