{"title":"给 Service Worker 开后门","slug":"backdoor-service-worker","date":"2016-07-13T00:00:00.000Z","updated":"2017-08-10T10:42:08.508Z","comments":true,"path":"api/articles/backdoor-service-worker.json","excerpt":null,"covers":null,"content":"<p>在<a href=\"https://adactio.com/journal/10866\" target=\"_blank\" rel=\"external\">渐进式 Web App 开发峰会(Progressive Web App dev Summit)</a>上展示的时候，我花了<a href=\"https://youtu.be/EyyEfxrk_NU?t=21m4s\" target=\"_blank\" rel=\"external\">差不多 20 分钟</a>讲了这样一点：</p><blockquote><p><a href=\"https://infrequently.org/\" target=\"_blank\" rel=\"external\">Alex</a>，你昨天演讲展示了华盛顿邮报(Washington Post)的 <a href=\"https://www.ampproject.org/\" target=\"_blank\" rel=\"external\">AMP</a> （——译者注：Accelerated Mobile Pages Project） demo。轻轻那么一点，华盛顿邮报的 AMP 应用就出来了，还能够通过<a href=\"https://www.ampproject.org/docs/reference/extended/amp-install-serviceworker.html\" target=\"_blank\" rel=\"external\">自定义元素</a>安装 Service Worker。可是我去看浏览器地址栏的时候……并不是华盛顿邮报。只是 AMP 的 CDN 而已。所以我和 AMP 团队的 <a href=\"https://paulbakaus.com/\" target=\"_blank\" rel=\"external\">Paul Backaus</a> 聊了聊，他解释说那是一个 iframe，使用 iframe 能安装其他地方的 Service Worker。</p></blockquote><p>Alex 和 <a href=\"https://twitter.com/emschec\" target=\"_blank\" rel=\"external\">Emily</a> 解释说，嗯，这就是 iframe 的工作方式。当你仔细想想，其实还是挺有意义的，毕竟一个 iframe 和任何其他的浏览器窗口没什么不一样的。尽管如此，这还是会让人觉得有点违反<a href=\"https://en.wikipedia.org/wiki/Principle_of_least_astonishment\" target=\"_blank\" rel=\"external\">最小惊奇原则</a>。</p><p>让我们假设，你遵循了我这并不当真的建议，去<a href=\"https://adactio.com/journal/10800\" target=\"_blank\" rel=\"external\">创建一个渐进式的 Web 应用商店</a>，其首页可能有最新的十到二十个渐进式 Web App。你也可以同样地使用十到二十个 iframe，以便给浏览页面的用户“预安装”( pre-install )这些网站。</p><p>理论扯够了。现在来点实际操作……</p><p>假设你从未访问过我写的书的网站，<a href=\"https://html5forwebdesigners.com/\" target=\"_blank\" rel=\"external\">html5forwebdesigners.com</a>(如果你访问过，又还想跟着我把实验进行下去，那么你得打开浏览器设置然后删除这个域下面存的所有东西)。</p><p>也许你曾不经意间访问过我的个人网站<a href=\"https://adactio.com/\" target=\"_blank\" rel=\"external\">adactio.com</a>。主页下面有个小广告，上面写着“Read my book”，链接指向<a href=\"https://html5forwebdesigners.com/\" target=\"_blank\" rel=\"external\">html5forwebdesigners.com</a>。我在链接后面加了这样两行标记：</p><figure class=\"highlight html\"><table><tr><td class=\"code\"><pre><div class=\"line\"><span class=\"tag\">&lt;<span class=\"name\">iframe</span> <span class=\"attr\">src</span>=<span class=\"string\">\"https://html5forwebdesigners.com/iframe.html\"</span> <span class=\"attr\">style</span>=<span class=\"string\">\"width: 0; height: 0; border: 0\"</span>&gt;</span></div><div class=\"line\"><span class=\"tag\">&lt;/<span class=\"name\">iframe</span>&gt;</span></div></pre></td></tr></table></figure><p>该隐藏的 iframe 会拉取<a href=\"https://html5forwebdesigners.com/iframe.html\" target=\"_blank\" rel=\"external\">带有一个 script 元素的空页面</a>。</p><figure class=\"highlight html\"><table><tr><td class=\"code\"><pre><div class=\"line\"><span class=\"meta\">&lt;!DOCTYPE html&gt;</span></div><div class=\"line\"><span class=\"tag\">&lt;<span class=\"name\">html</span> <span class=\"attr\">lang</span>=<span class=\"string\">\"en\"</span>&gt;</span></div><div class=\"line\"><span class=\"tag\">&lt;<span class=\"name\">head</span>&gt;</span></div><div class=\"line\"><span class=\"tag\">&lt;<span class=\"name\">meta</span> <span class=\"attr\">charset</span>=<span class=\"string\">\"utf-8\"</span>&gt;</span></div><div class=\"line\"><span class=\"tag\">&lt;<span class=\"name\">title</span>&gt;</span>HTML5 For Web Designers<span class=\"tag\">&lt;/<span class=\"name\">title</span>&gt;</span></div><div class=\"line\"><span class=\"tag\">&lt;<span class=\"name\">script</span>&gt;</span><span class=\"undefined\"></span></div><div class=\"line\"><span class=\"javascript\"><span class=\"keyword\">if</span> (<span class=\"string\">'serviceWorker'</span> <span class=\"keyword\">in</span> navigator) &#123;</span></div><div class=\"line\"><span class=\"javascript\">  navigator.serviceWorker.register(<span class=\"string\">'/serviceworker.js'</span>);</span></div><div class=\"line\"><span class=\"undefined\">&#125;</span></div><div class=\"line\"><span class=\"undefined\"></span><span class=\"tag\">&lt;/<span class=\"name\">script</span>&gt;</span></div><div class=\"line\"><span class=\"tag\">&lt;/<span class=\"name\">head</span>&gt;</span></div><div class=\"line\"><span class=\"tag\">&lt;/<span class=\"name\">html</span>&gt;</span></div></pre></td></tr></table></figure><p>这样就注册了我的<a href=\"https://html5forwebdesigners.com/serviceworker.js\" target=\"_blank\" rel=\"external\">书籍网站的 Service Worker</a>，然后就开始下载所有<a href=\"https://adactio.com/journal/10754\" target=\"_blank\" rel=\"external\">离线渲染整个网站</a>所需的资源。</p><p>搞定了。从未访问过 html5forwebdesigners.com 这个域名，但网站已经在你的设备上预加载过了，一切仅仅因为你访问过 adactio.com。</p><p>一些注意事项：</p><p>我不得不降低 html5forwebdesigners.com 的内容安全策略（Content Security Policy），以允许能通过 iframe 将其嵌入 adactio.com:</p><blockquote><p>Header always set Access-Control-Allow-Origin: “<a href=\"https://adactio.com\" target=\"_blank\" rel=\"external\">https://adactio.com</a>“</p></blockquote><p>若你的浏览器设置选择了“禁止第三方 cookie 及 网站数据”（“Block third-party cookies and site data”），通过 iframe 调用的 Service Worker 是不会被安装的：</p><blockquote><p>Uncaught (in promise) DOMException: Failed to register a ServiceWorker: The user denied permission to use Service Worker.</p></blockquote><p>我在本文中的示例相对来说是无害的。不过，可以难想象一些更加极端的情形。想象有一家出版商，有 50 种出版物，每本书有一个网站。每个网站都可能有一个空页面，等待着通过 iframe 被其他 49 个网站嵌入。你只需要访问其中一个页面，就会有 50 个Service Workers 在后台运转起来缓存资源。</p><p>这就有了<a href=\"https://en.wikipedia.org/wiki/Tragedy_of_the_commons\" target=\"_blank\" rel=\"external\">“公地悲剧”</a>的潜在可能。希望我们能清楚的知道，如何去使用这力量。</p><p>千万别让广告狗们知道哦！（直译：千万别给广告行业知道这。）</p>","categories":[],"tags":[{"name":"翻译","path":"api/tags/翻译.json"},{"name":"Service Worker","path":"api/tags/Service Worker.json"}]}