{"title":"渐进增强的键盘导航","slug":"better-keyboard-navigation-with-progressive-enhancement","date":"2016-08-30T15:15:46.000Z","updated":"2017-08-10T10:42:08.508Z","comments":true,"path":"api/articles/better-keyboard-navigation-with-progressive-enhancement.json","excerpt":null,"covers":["https://ogjija9ft.qnssl.com/placeholder.png"],"content":"<p>创建界面时很重要的一点是，要考虑到那些只依赖键盘来使用产品的用户。这对可访问性来说是基本要求，在多数情况下，通过键盘操作访问也并非难事。这意味着首先，也是最重要的，是使用键盘可访问元素进行交互。</p><ul><li><p>如果希望用户跳转到其他地方，使用带有有效的 href 属性的锚点连接</p></li><li><p>如果希望用户执行你自己的代码，并在当前文档中停留，使用按钮</p></li></ul><p><img src=\"https://ogjija9ft.qnssl.com/placeholder.png\" data-orig=\"http://p2.qhimg.com/t01adc9f3ae9a586201.jpg\" alt=\"键盘\"></p><p>通过<a href=\"https://developer.mozilla.org/en-US/docs/Web/Accessibility/Keyboard-navigable_JavaScript_widgets\" target=\"_blank\" rel=\"external\">流动 tabIndex 技术</a>几乎可以使所有内容都能通过键盘访问，不过，既然已经有 HTML 元素可以做同样的事情，又何必再麻烦呢。</p><h2 id=\"效果可视化\"><a href=\"#效果可视化\" class=\"headerlink\" title=\"效果可视化\"></a>效果可视化</h2><p>不过，使用恰当的元素并不那么简单；用户键盘在元素集合中所处的位置，也要显眼一些。给激活的元素加上轮廓（outline），浏览器解决了这个问题。这虽然超有用，但却是一些人的眼中钉，他们希望由自己控制所有交互的视觉展现。在 CSS 中将 outline 属性设置为 none，就能移除这个视觉辅助功能；不过这会带来<a href=\"http://www.outlinenone.com/\" target=\"_blank\" rel=\"external\">不小的可访问性问题</a>，除非你提供一个别的替代。</p><p>使用最显眼的 HTML 元素；加上一些 CSS，确保除 hover 之外 focus 状态同样也被定义。这样就可以使用户在列表中的一个个项目间，轻松地通过 tab 来切换了。Shift + Tab 允许回退。可以看下 <a href=\"http://jsbin.com/ronuzis\" target=\"_blank\" rel=\"external\">demo</a>，HTML 挺简单粗暴的。</p><figure class=\"highlight html\"><table><tr><td class=\"code\"><pre><div class=\"line\"><span class=\"tag\">&lt;<span class=\"name\">ul</span>&gt;</span></div><div class=\"line\">  <span class=\"tag\">&lt;<span class=\"name\">li</span>&gt;</span><span class=\"tag\">&lt;<span class=\"name\">button</span>&gt;</span>1<span class=\"tag\">&lt;/<span class=\"name\">button</span>&gt;</span><span class=\"tag\">&lt;/<span class=\"name\">li</span>&gt;</span></div><div class=\"line\">  <span class=\"tag\">&lt;<span class=\"name\">li</span>&gt;</span><span class=\"tag\">&lt;<span class=\"name\">button</span>&gt;</span>2<span class=\"tag\">&lt;/<span class=\"name\">button</span>&gt;</span><span class=\"tag\">&lt;/<span class=\"name\">li</span>&gt;</span></div><div class=\"line\">  <span class=\"tag\">&lt;<span class=\"name\">li</span>&gt;</span><span class=\"tag\">&lt;<span class=\"name\">button</span>&gt;</span>3<span class=\"tag\">&lt;/<span class=\"name\">button</span>&gt;</span><span class=\"tag\">&lt;/<span class=\"name\">li</span>&gt;</span></div><div class=\"line\">  …</div><div class=\"line\">  <span class=\"tag\">&lt;<span class=\"name\">li</span>&gt;</span><span class=\"tag\">&lt;<span class=\"name\">button</span>&gt;</span>20<span class=\"tag\">&lt;/<span class=\"name\">button</span>&gt;</span><span class=\"tag\">&lt;/<span class=\"name\">li</span>&gt;</span></div><div class=\"line\"><span class=\"tag\">&lt;/<span class=\"name\">ul</span>&gt;</span></div></pre></td></tr></table></figure><p><img src=\"https://ogjija9ft.qnssl.com/placeholder.png\" data-orig=\"http://p5.qhimg.com/t01f5cf80c24e3e5365.gif\" alt=\"在按钮列表中 tab 切换\"></p><p>使用列表，为我们的元素赋予了层次结构，以及普通浏览器所没有的可访问性技术的导航方式。它还带来很多 HTML 元素，我们可以自己添加样式。通过一点样式，我们可以将其转换为网格，占用更少的垂直空间，容纳更多内容。</p><figure class=\"highlight css\"><table><tr><td class=\"code\"><pre><div class=\"line\"><span class=\"selector-tag\">ul</span>, <span class=\"selector-tag\">li</span> &#123;</div><div class=\"line\">  <span class=\"attribute\">margin</span>: <span class=\"number\">0</span>;</div><div class=\"line\">  <span class=\"attribute\">padding</span>: <span class=\"number\">0</span>;</div><div class=\"line\">  <span class=\"attribute\">list-style</span>: none;</div><div class=\"line\">&#125;</div><div class=\"line\"><span class=\"selector-tag\">button</span> &#123;</div><div class=\"line\">  <span class=\"attribute\">border</span>: none;</div><div class=\"line\">  <span class=\"attribute\">display</span>: block;</div><div class=\"line\">  <span class=\"attribute\">background</span>: goldenrod;</div><div class=\"line\">  <span class=\"attribute\">color</span>: white;</div><div class=\"line\">  <span class=\"attribute\">width</span>: <span class=\"number\">90%</span>;</div><div class=\"line\">  <span class=\"attribute\">height</span>: <span class=\"number\">30px</span>;  </div><div class=\"line\">  <span class=\"attribute\">margin</span>: <span class=\"number\">5%</span>;</div><div class=\"line\">  <span class=\"attribute\">transform</span>: <span class=\"built_in\">scale</span>(0.8);</div><div class=\"line\">  <span class=\"attribute\">transition</span>: <span class=\"number\">300ms</span>;</div><div class=\"line\">&#125;</div><div class=\"line\"><span class=\"selector-tag\">button</span><span class=\"selector-pseudo\">:hover</span>, <span class=\"selector-tag\">button</span><span class=\"selector-pseudo\">:focus</span> &#123;</div><div class=\"line\">  <span class=\"attribute\">transform</span>: <span class=\"built_in\">scale</span>(1);</div><div class=\"line\">  <span class=\"attribute\">outline</span>: none;</div><div class=\"line\">  <span class=\"attribute\">background</span>: powderblue;</div><div class=\"line\">  <span class=\"attribute\">color</span>: <span class=\"number\">#333</span>;</div><div class=\"line\">&#125;</div><div class=\"line\"></div><div class=\"line\"><span class=\"selector-tag\">li</span> &#123;</div><div class=\"line\">  <span class=\"attribute\">float</span>: left;</div><div class=\"line\">&#125;</div><div class=\"line\"></div><div class=\"line\"><span class=\"comment\">/* </span></div><div class=\"line\"><span class=\"comment\">  grid magic by @heydonworks </span></div><div class=\"line\"><span class=\"comment\">  https://codepen.io/heydon/pen/bcdrl</span></div><div class=\"line\"><span class=\"comment\">*/</span></div><div class=\"line\"></div><div class=\"line\"><span class=\"selector-tag\">li</span> &#123;</div><div class=\"line\">  <span class=\"attribute\">width</span>: <span class=\"built_in\">calc</span>(100% / 4);</div><div class=\"line\">&#125;</div><div class=\"line\"><span class=\"selector-tag\">li</span><span class=\"selector-pseudo\">:nth-child(4n+1)</span><span class=\"selector-pseudo\">:nth-last-child(1)</span> &#123;</div><div class=\"line\">  <span class=\"attribute\">width</span>: <span class=\"number\">100%</span>;</div><div class=\"line\">&#125;</div><div class=\"line\"><span class=\"selector-tag\">li</span><span class=\"selector-pseudo\">:nth-child(4n+1)</span><span class=\"selector-pseudo\">:nth-last-child(1)</span> ~ <span class=\"selector-tag\">li</span> &#123;</div><div class=\"line\">  <span class=\"attribute\">width</span>: <span class=\"number\">100%</span>;</div><div class=\"line\">&#125;</div><div class=\"line\"><span class=\"selector-tag\">li</span><span class=\"selector-pseudo\">:nth-child(4n+1)</span><span class=\"selector-pseudo\">:nth-last-child(2)</span> &#123;</div><div class=\"line\">  <span class=\"attribute\">width</span>: <span class=\"number\">50%</span>;</div><div class=\"line\">&#125;</div><div class=\"line\"><span class=\"selector-tag\">li</span><span class=\"selector-pseudo\">:nth-child(4n+1)</span><span class=\"selector-pseudo\">:nth-last-child(2)</span> ~ <span class=\"selector-tag\">li</span> &#123;</div><div class=\"line\">  <span class=\"attribute\">width</span>: <span class=\"number\">50%</span>;</div><div class=\"line\">&#125;</div><div class=\"line\"><span class=\"selector-tag\">li</span><span class=\"selector-pseudo\">:nth-child(4n+1)</span><span class=\"selector-pseudo\">:nth-last-child(3)</span> &#123;</div><div class=\"line\">  <span class=\"attribute\">width</span>: <span class=\"built_in\">calc</span>(100% / 4);</div><div class=\"line\">&#125;</div><div class=\"line\"><span class=\"selector-tag\">li</span><span class=\"selector-pseudo\">:nth-child(4n+1)</span><span class=\"selector-pseudo\">:nth-last-child(3)</span> ~ <span class=\"selector-tag\">li</span> &#123;</div><div class=\"line\">  <span class=\"attribute\">width</span>: <span class=\"built_in\">calc</span>(100% / 4);</div><div class=\"line\">&#125;</div></pre></td></tr></table></figure><p>结果<a href=\"http://output.jsbin.com/cujomeq/\" target=\"_blank\" rel=\"external\">看起来非常棒</a>，在查看列表的过程中，我们能清楚地看到自己所处的位置。</p><p><img src=\"https://ogjija9ft.qnssl.com/placeholder.png\" data-orig=\"http://p3.qhimg.com/t0192466c1b3d4a0744.gif\" alt=\"网格中一格格地切换\"></p><h2 id=\"键盘访问的升级-——-提供快捷方式\"><a href=\"#键盘访问的升级-——-提供快捷方式\" class=\"headerlink\" title=\"键盘访问的升级 —— 提供快捷方式\"></a>键盘访问的升级 —— 提供快捷方式</h2><p>不过，在访问网格时，通过键盘进行两个方向的移动会不会更好呢？</p><p>使用一点 JavaScript 做渐进增强，<a href=\"http://jsbin.com/mafeko/\" target=\"_blank\" rel=\"external\">我们做到了</a>，可以使用鼠标或方向键访问网格。</p><p><img src=\"https://ogjija9ft.qnssl.com/placeholder.png\" data-orig=\"http://p9.qhimg.com/t0108c1e3e1785dfe95.gif\" alt=\"使用鼠标控制方向切换网格访问\"></p><p>不过记着，这仅仅只是一个<strong>增强</strong>。假设 JavaScript 因为各种可能的原因执行失败，依然可以通过 tab 来访问列表，我们失去的只是便利，但至少还有可用的界面。</p><p>我将这个打包成了一个小巧、无依赖的开源 JavaScript 项目 <a href=\"https://github.com/codepo8/gridnav\" target=\"_blank\" rel=\"external\">gridnav</a>，可以在 <a href=\"https://codepo8.github.io/gridnav\" target=\"_blank\" rel=\"external\">GitHub</a> 上获取代码。你要做的就是调用脚本，传给它一个选择器以获取元素列表。</p><figure class=\"highlight html\"><table><tr><td class=\"code\"><pre><div class=\"line\"><span class=\"tag\">&lt;<span class=\"name\">ul</span> <span class=\"attr\">id</span>=<span class=\"string\">\"links\"</span> <span class=\"attr\">data-amount</span>=<span class=\"string\">\"5\"</span> <span class=\"attr\">data-element</span>=<span class=\"string\">\"a\"</span>&gt;</span></div><div class=\"line\">  <span class=\"tag\">&lt;<span class=\"name\">li</span>&gt;</span><span class=\"tag\">&lt;<span class=\"name\">a</span> <span class=\"attr\">href</span>=<span class=\"string\">\"#\"</span>&gt;</span>1<span class=\"tag\">&lt;/<span class=\"name\">a</span>&gt;</span><span class=\"tag\">&lt;/<span class=\"name\">li</span>&gt;</span></div><div class=\"line\">  <span class=\"tag\">&lt;<span class=\"name\">li</span>&gt;</span><span class=\"tag\">&lt;<span class=\"name\">a</span> <span class=\"attr\">href</span>=<span class=\"string\">\"#\"</span>&gt;</span>2<span class=\"tag\">&lt;/<span class=\"name\">a</span>&gt;</span><span class=\"tag\">&lt;/<span class=\"name\">li</span>&gt;</span></div><div class=\"line\">  …</div><div class=\"line\">  <span class=\"tag\">&lt;<span class=\"name\">li</span>&gt;</span><span class=\"tag\">&lt;<span class=\"name\">a</span> <span class=\"attr\">href</span>=<span class=\"string\">\"#\"</span>&gt;</span>25<span class=\"tag\">&lt;/<span class=\"name\">a</span>&gt;</span><span class=\"tag\">&lt;/<span class=\"name\">li</span>&gt;</span></div><div class=\"line\"><span class=\"tag\">&lt;/<span class=\"name\">ul</span>&gt;</span></div><div class=\"line\"></div><div class=\"line\"><span class=\"tag\">&lt;<span class=\"name\">script</span> <span class=\"attr\">src</span>=<span class=\"string\">\"gridnav.js\"</span>&gt;</span><span class=\"undefined\"></span><span class=\"tag\">&lt;/<span class=\"name\">script</span>&gt;</span></div><div class=\"line\"><span class=\"tag\">&lt;<span class=\"name\">script</span>&gt;</span><span class=\"undefined\"></span></div><div class=\"line\"><span class=\"javascript\">  <span class=\"keyword\">var</span> linklist = <span class=\"keyword\">new</span> Gridnav(<span class=\"string\">'#links'</span>);</span></div><div class=\"line\"><span class=\"undefined\"></span><span class=\"tag\">&lt;/<span class=\"name\">script</span>&gt;</span></div></pre></td></tr></table></figure><p>通过列表元素的 data- 属性，可以自己定义每行元素的数量以及键盘可访问的元素。这些是可选的，但设置之后会让代码更快，出错可能性更小。<a href=\"https://github.com/codepo8/gridnav/blob/master/README.md\" target=\"_blank\" rel=\"external\">README</a> 文件更详细地解释了如何使用。</p><h2 id=\"工作原理\"><a href=\"#工作原理\" class=\"headerlink\" title=\"工作原理\"></a>工作原理</h2><p>开始考虑如何做的时候，像任何开发者一样，抓到了最复杂的方式。我以为，需要对父节点、兄弟节点的大量定位比较，使用上 <a href=\"https://developer.mozilla.org/en-US/docs/Web/API/Element/getBoundingClientRect\" target=\"_blank\" rel=\"external\">getBoundingClientRect</a>，进行大量的 DOM 访问。</p><p>之后我往回走了一步，意识到如何展示列表并不重要。最终不过是一个列表，我们要访问它而已。甚至不需要访问 DOM，因为我们所做的不过是从一堆按钮或锚点连接中的一个切换到另一个。我们要做的就是：</p><ol><li><p>找到当前所在元素（<a href=\"https://developer.mozilla.org/en-US/docs/Web/API/Event/target\" target=\"_blank\" rel=\"external\">event.target</a>）。</p></li><li><p>获取按下的键。</p></li><li><p>根据键向前向后移动，或跳过一些元素到下一行。</p></li></ol><p>就像这样（<a href=\"https://codepo8.github.io/gridnav/tutorialfiles/demo-to-inline.html\" target=\"_blank\" rel=\"external\">点击这里试试看</a>）：</p><p><img src=\"https://ogjija9ft.qnssl.com/placeholder.png\" data-orig=\"http://p8.qhimg.com/t01fd0f3a12ee84c71c.gif\" alt=\"网格中移动和在坐标系中移动一样\"></p><p>我们需要跳过的元素数量是由每行的元素数量决定的。向上等同于向前 n 个元素，向下相当于向后 n 个元素。</p><p><img src=\"https://ogjija9ft.qnssl.com/placeholder.png\" data-orig=\"http://p6.qhimg.com/t017ff0dbc0bb99bb24.png\" alt=\"网格移动图解\"></p><p>使用一些小技巧，完整代码非常简短：</p><figure class=\"highlight javascript\"><table><tr><td class=\"code\"><pre><div class=\"line\">(<span class=\"function\"><span class=\"keyword\">function</span>(<span class=\"params\"></span>)</span>&#123;</div><div class=\"line\">  <span class=\"keyword\">var</span> list = <span class=\"built_in\">document</span>.querySelector(<span class=\"string\">'ul'</span>);</div><div class=\"line\">  <span class=\"keyword\">var</span> items = list.querySelectorAll(<span class=\"string\">'button'</span>);</div><div class=\"line\">  <span class=\"keyword\">var</span> amount = <span class=\"built_in\">Math</span>.floor(</div><div class=\"line\">    list.offsetWidth / list.firstElementChild.offsetWidth</div><div class=\"line\">  );</div><div class=\"line\">  <span class=\"keyword\">var</span> codes = &#123;</div><div class=\"line\">    <span class=\"number\">38</span>: -amount,</div><div class=\"line\">    <span class=\"number\">40</span>: amount,</div><div class=\"line\">    <span class=\"number\">39</span>: <span class=\"number\">1</span>,</div><div class=\"line\">    <span class=\"number\">37</span>: <span class=\"number\">-1</span></div><div class=\"line\">  &#125;;</div><div class=\"line\">  <span class=\"keyword\">for</span> (<span class=\"keyword\">var</span> i = <span class=\"number\">0</span>; i &lt; items.length; i++) &#123;</div><div class=\"line\">    items[i].index = i;</div><div class=\"line\">  &#125;</div><div class=\"line\">  <span class=\"function\"><span class=\"keyword\">function</span> <span class=\"title\">handlekeys</span>(<span class=\"params\">ev</span>) </span>&#123;</div><div class=\"line\">    <span class=\"keyword\">var</span> keycode = ev.keyCode;</div><div class=\"line\">    <span class=\"keyword\">if</span> (codes[keycode]) &#123;</div><div class=\"line\">      <span class=\"keyword\">var</span> t = ev.target;</div><div class=\"line\">      <span class=\"keyword\">if</span> (t.index !== <span class=\"literal\">undefined</span>) &#123;</div><div class=\"line\">        <span class=\"keyword\">if</span> (items[t.index + codes[keycode]]) &#123;</div><div class=\"line\">          items[t.index + codes[keycode]].focus();</div><div class=\"line\">        &#125;</div><div class=\"line\">      &#125;</div><div class=\"line\">    &#125;</div><div class=\"line\">  &#125;</div><div class=\"line\">  list.addEventListener(<span class=\"string\">'keyup'</span>, handlekeys);</div><div class=\"line\">&#125;)();</div></pre></td></tr></table></figure><p>这里发生了什么？</p><p>首先我们获取到了列表元素，并缓存所有可通过键盘访问的元素：</p><figure class=\"highlight javascript\"><table><tr><td class=\"code\"><pre><div class=\"line\"><span class=\"keyword\">var</span> list = <span class=\"built_in\">document</span>.querySelector(<span class=\"string\">'ul'</span>);</div><div class=\"line\"><span class=\"keyword\">var</span> items = list.querySelectorAll(<span class=\"string\">'button'</span>);</div></pre></td></tr></table></figure><p>计算每次上下移动需要跳过的元素数量，将列表的宽度除以列表第一个子元素（本例中是 LI）的宽度即可：</p><figure class=\"highlight javascript\"><table><tr><td class=\"code\"><pre><div class=\"line\"><span class=\"keyword\">var</span> amount = <span class=\"built_in\">Math</span>.floor(</div><div class=\"line\">  list.offsetWidth / list.firstElementChild.offsetWidth</div><div class=\"line\">);</div></pre></td></tr></table></figure><p>相较于 switch 语句或者大量的 if 判断，我更乐意使用查找表。在本例总共，查找表名字是 codes。向上键值为 38，向下 40，向左 37，向右 39。假如我们拿到了 codes[37]，值为 -1，也就是我们要在列表中移动的数量：</p><figure class=\"highlight javascript\"><table><tr><td class=\"code\"><pre><div class=\"line\"><span class=\"keyword\">var</span> codes = &#123;</div><div class=\"line\">  <span class=\"number\">38</span>: -amount,</div><div class=\"line\">  <span class=\"number\">40</span>: amount,</div><div class=\"line\">  <span class=\"number\">39</span>: <span class=\"number\">1</span>,</div><div class=\"line\">  <span class=\"number\">37</span>: <span class=\"number\">-1</span></div><div class=\"line\">&#125;;</div></pre></td></tr></table></figure><p>可以使用 event.target 获取按下键盘时列表中的选中元素，但我们不知道它在列表中的位置。为避免重复遍历列表，一次性遍历所有按钮，将它们在列表中的索引存储在按钮自身的 index 属性中。</p><figure class=\"highlight javascript\"><table><tr><td class=\"code\"><pre><div class=\"line\"><span class=\"keyword\">for</span> (<span class=\"keyword\">var</span> i = <span class=\"number\">0</span>; i &lt; items.length; i++) &#123;</div><div class=\"line\">  items[i].index = i;</div><div class=\"line\">&#125;</div></pre></td></tr></table></figure><p>handlekeys() 完成剩余工作。读取所按按键的键值，然后到 codes 中查找。所以，我们只针对方向键做出响应。接着获取当前的元素，检查其是否有 index 属性。如果有，则检查我们将要移到的位置是否有元素存在。如果元素存在，则获得焦点。</p><figure class=\"highlight javascript\"><table><tr><td class=\"code\"><pre><div class=\"line\"><span class=\"function\"><span class=\"keyword\">function</span> <span class=\"title\">handlekeys</span>(<span class=\"params\">ev</span>) </span>&#123;</div><div class=\"line\">  <span class=\"keyword\">var</span> keycode = ev.keyCode;</div><div class=\"line\">  <span class=\"keyword\">if</span> (codes[keycode]) &#123;</div><div class=\"line\">    <span class=\"keyword\">var</span> t = ev.target;</div><div class=\"line\">    <span class=\"keyword\">if</span> (t.index !== <span class=\"literal\">undefined</span>) &#123;</div><div class=\"line\">      <span class=\"keyword\">if</span> (items[t.index + codes[keycode]]) &#123;</div><div class=\"line\">        items[t.index + codes[keycode]].focus();</div><div class=\"line\">      &#125;</div><div class=\"line\">    &#125;</div><div class=\"line\">  &#125;</div><div class=\"line\">&#125;</div></pre></td></tr></table></figure><p>给列表绑定一个 keyup 事件监听器，搞定 :)</p><figure class=\"highlight javascript\"><table><tr><td class=\"code\"><pre><div class=\"line\">list.addEventListener(<span class=\"string\">'keyup'</span>, handlekeys);</div></pre></td></tr></table></figure><p>如果你想看真实效果，这有一个<a href=\"https://www.youtube.com/watch?v=zc420bXDqWk\" target=\"_blank\" rel=\"external\">讲述各个细节的快速视频教程</a>。</p><p>视频在最后的代码部分有点 bug，因为我没将 count 属性和 undefined 对比，所以在第一个元素上，键盘功能没法正常工作（0 是 falsy）。</p>","categories":[],"tags":[{"name":"翻译","path":"api/tags/翻译.json"},{"name":"用户体验","path":"api/tags/用户体验.json"},{"name":"可用性","path":"api/tags/可用性.json"}]}