{"title":"手把手教你写一个 Javascript 框架：数据绑定","slug":"data-bind-dirty-checking","date":"2016-11-14T16:44:01.000Z","updated":"2017-08-10T10:42:08.508Z","comments":true,"path":"api/articles/data-bind-dirty-checking.json","excerpt":null,"covers":["https://ogjija9ft.qnssl.com/placeholder.png"],"content":"<p><strong>本文是“编写 JavaScript 框架”系列的第四章。本章我将解释脏检查和基于getter/setter 访问器的数据绑定技术，并指出它们各自的优缺点。</strong></p><p>本系列主要是如何开发一个开源的客户端框架，框架名为 NX。我将在本系列中分享框架编写过程中如何克服遇到的主要困难。对 NX 感兴趣的朋友可以点击 NX 项目<a href=\"http://nx-framework.com/\" target=\"_blank\" rel=\"external\">主页</a>查看。</p><p>本系列章节如下：</p><ol><li><a href=\"/2016/nx-project-structure/\">项目结构（Project structuring）</a></li><li><a href=\"/2016/execution-timing/\">执行调度（Execution timing）</a></li><li><a href=\"/2016/sandbox-code-evaluation/\">沙箱求值（Sandboxed code evaluation）</a></li><li>数据绑定简介(本文)</li><li><a href=\"/2016/es6-proxy-data-binding/\">ES6 Proxy 实现数据绑定</a></li><li>自定义元素</li><li>客户端路由</li></ol><h2 id=\"数据绑定简介\"><a href=\"#数据绑定简介\" class=\"headerlink\" title=\"数据绑定简介\"></a>数据绑定简介</h2><blockquote><p>数据绑定是将数据源与数据提供者、消费者绑定并在它们之间保持同步的一种基本技术。</p></blockquote><p>上面这个基本定义指出了数据绑定技术的通用构建模块。</p><ul><li>定义数据提供者、消费者</li><li>定义哪些变化触发数据同步</li><li>数据提供者监听变化的方式</li><li>发送变化时运行的同步函数 —— 下文会将该函数称作 <code>handler()</code></li></ul><p>不同数据绑定技术采用不同方式实现以上几步。接下来几个小节介绍其中两种技术，即脏检查、getter/setter 访问器方法。介绍完它们后我将简要讨论它们各自的优缺点。</p><h3 id=\"脏检查\"><a href=\"#脏检查\" class=\"headerlink\" title=\"脏检查\"></a>脏检查</h3><p>脏检查可能是最广为人知的数据绑定方法。它是一种不错的传统选择，因其概念简单，无需复杂的语言特性支持。</p><h3 id=\"脏检查语法\"><a href=\"#脏检查语法\" class=\"headerlink\" title=\"脏检查语法\"></a>脏检查语法</h3><p>定义数据提供者和消费者无需任何特殊语法，仅靠普通 JavaScript 对象即可。</p><figure class=\"highlight javascript\"><table><tr><td class=\"code\"><pre><div class=\"line\"><span class=\"keyword\">const</span> provider = &#123;</div><div class=\"line\">  message: <span class=\"string\">'Hello World'</span></div><div class=\"line\">&#125;</div><div class=\"line\"><span class=\"keyword\">const</span> consumer = <span class=\"built_in\">document</span>.createElement(<span class=\"string\">'p'</span>)</div></pre></td></tr></table></figure><p>数据同步通常由提供者属性变化触发。那些需要对变化进行观察的属性，必须明确映射到各自的<code>handler()</code>函数。</p><figure class=\"highlight javascript\"><table><tr><td class=\"code\"><pre><div class=\"line\">observe(provider, <span class=\"string\">'message'</span>, message =&gt; &#123;</div><div class=\"line\">  consumer.innerHTML = message</div><div class=\"line\">&#125;)</div></pre></td></tr></table></figure><p><code>observe()</code> 函数仅仅保存了 <code>(provider, property) -&gt; handler</code> 映射，留作后用。</p><figure class=\"highlight javascript\"><table><tr><td class=\"code\"><pre><div class=\"line\"><span class=\"function\"><span class=\"keyword\">function</span> <span class=\"title\">observe</span> (<span class=\"params\">provider, prop, handler</span>) </span>&#123;</div><div class=\"line\">  provider._handlers[prop] = handler</div><div class=\"line\">&#125;</div></pre></td></tr></table></figure><p>这样一来就可以定义数据提供者、消费者，为属性变化注册<code>handler()</code>函数。公有 API 部分已经完成，下面要完成的是内部实现。</p><h3 id=\"监听变化\"><a href=\"#监听变化\" class=\"headerlink\" title=\"监听变化\"></a>监听变化</h3><p>脏检查之所以“脏”是有原因的。它依赖周期性检查，而非直接监听属性变化。这种周期性检查通常称作 digest cycle。在一个 digest cycle 内，遍历由<code>observe()</code>所添加的每一个 <code>(provider, property) -&gt; handler</code> 入口，并检查属性自上一次遍历以来是否发生了变化。若发生变化，则运行<code>handler()</code>函数。简单实现如下：</p><figure class=\"highlight javascript\"><table><tr><td class=\"code\"><pre><div class=\"line\"><span class=\"function\"><span class=\"keyword\">function</span> <span class=\"title\">digest</span> (<span class=\"params\"></span>) </span>&#123;</div><div class=\"line\">  providers.forEach(digestProvider)</div><div class=\"line\">&#125;</div><div class=\"line\"></div><div class=\"line\"><span class=\"function\"><span class=\"keyword\">function</span> <span class=\"title\">digestProvider</span> (<span class=\"params\">provider</span>) </span>&#123;</div><div class=\"line\">  <span class=\"keyword\">for</span> (<span class=\"keyword\">let</span> prop <span class=\"keyword\">in</span> provider._handlers) &#123;</div><div class=\"line\">    <span class=\"keyword\">if</span> (provider._prevValues[prop] !== provider[prop]) &#123;</div><div class=\"line\">      provider._prevValues[prop] = provider[prop]</div><div class=\"line\">      handler(provider[prop])</div><div class=\"line\">    &#125;</div><div class=\"line\">  &#125;</div><div class=\"line\">&#125;</div></pre></td></tr></table></figure><p><code>digest()</code> 函数需要不时运行，以保障状态同步。</p><h2 id=\"getter-setter-访问器方法\"><a href=\"#getter-setter-访问器方法\" class=\"headerlink\" title=\"getter/setter 访问器方法\"></a>getter/setter 访问器方法</h2><p>getter/setter 访问器方法是当前的主流趋势，其支持广泛程度稍低，因为需要用到 ES5 getter/setter 功能。但这种方法之优雅足以弥补这个问题。</p><h3 id=\"访问器语法\"><a href=\"#访问器语法\" class=\"headerlink\" title=\"访问器语法\"></a>访问器语法</h3><p>定义数据提供者需要一些特殊语法。普通提供者对象需要传给<code>observable()</code>函数，转换为可观察对象。</p><figure class=\"highlight javascript\"><table><tr><td class=\"code\"><pre><div class=\"line\"><span class=\"keyword\">const</span> provider = observable(&#123;</div><div class=\"line\">  greeting: <span class=\"string\">'Hello'</span>,</div><div class=\"line\">  subject: <span class=\"string\">'World'</span></div><div class=\"line\">&#125;)</div><div class=\"line\"><span class=\"keyword\">const</span> consumer = <span class=\"built_in\">document</span>.createElement(<span class=\"string\">'p'</span>)</div></pre></td></tr></table></figure><p>这完全可以弥补简单的 <code>handler()</code> 映射语法。在脏检查中，我们必须像下面这样，为每一个观察属性明确进行定义：</p><figure class=\"highlight javascript\"><table><tr><td class=\"code\"><pre><div class=\"line\">observe(provider, <span class=\"string\">'greeting'</span>, greeting =&gt; &#123;</div><div class=\"line\">  consumer.innerHTML = greeting + <span class=\"string\">' '</span> + provider.subject</div><div class=\"line\">&#125;)</div><div class=\"line\"></div><div class=\"line\">observe(provider, <span class=\"string\">'subject'</span>, subject =&gt; &#123;</div><div class=\"line\">  consumer.innerHTML = provider.greeting + <span class=\"string\">' '</span> + subject</div><div class=\"line\">&#125;)</div></pre></td></tr></table></figure><p>又笨又长。访问器技术可以在 <code>handler()</code> 函数中自动检测用到的提供者属性，这样就可以简化以上代码。</p><figure class=\"highlight javascript\"><table><tr><td class=\"code\"><pre><div class=\"line\">observe(<span class=\"function\"><span class=\"params\">()</span> =&gt;</span> &#123;</div><div class=\"line\">  consumer.innerHTML = provider.greeting + <span class=\"string\">' '</span> + provider.subject</div><div class=\"line\">&#125;)</div></pre></td></tr></table></figure><p><code>observe()</code> 的实现与脏检查并不相同。我们仅仅需要执行传入的 <code>handler()</code>，并在其执行期间将其标记为当前活动函数。</p><figure class=\"highlight javascript\"><table><tr><td class=\"code\"><pre><div class=\"line\"><span class=\"keyword\">let</span> activeHandler</div><div class=\"line\"></div><div class=\"line\"><span class=\"function\"><span class=\"keyword\">function</span> <span class=\"title\">observe</span>(<span class=\"params\">handler</span>) </span>&#123;</div><div class=\"line\">  activeHandler = handler</div><div class=\"line\">  handler()</div><div class=\"line\">  activeHandler = <span class=\"literal\">undefined</span></div><div class=\"line\">&#125;</div></pre></td></tr></table></figure><p>我们利用 JavaScript 单线程特点，采用单一的<code>activehandler</code>变量来记录当前运行的<code>handler()</code> 函数。</p><h3 id=\"监听变化-1\"><a href=\"#监听变化-1\" class=\"headerlink\" title=\"监听变化\"></a>监听变化</h3><p>“访问器技术”终于闪亮登场。借助于 getter/setter 访问器在背后的强力支持，数据提供者 provider 的能力大大增强。基本的思想是，拦截 provider 的属性获取、设置操作。</p><ul><li><p>get：如果存在正在运行的<code>activeHandler</code>，则保存<code>(provider, property) -&gt; activeHandler</code>映射，稍后使用。</p></li><li><p>set：运行所有 <code>(provide, property)</code> 对应的 <code>handler()</code>函数。</p></li></ul><p><img src=\"https://ogjija9ft.qnssl.com/placeholder.png\" data-orig=\"http://s0.qhres.com/static/363a87a8b3f27981.svg\" alt=\"The accessor data binding technique.\"></p><p>下面是监听单个属性变化的简单实现：</p><figure class=\"highlight javascript\"><table><tr><td class=\"code\"><pre><div class=\"line\"><span class=\"function\"><span class=\"keyword\">function</span> <span class=\"title\">observableProp</span> (<span class=\"params\">provider, prop</span>) </span>&#123;</div><div class=\"line\">  <span class=\"keyword\">const</span> value = provider[prop]</div><div class=\"line\">  <span class=\"built_in\">Object</span>.defineProperty(provider, prop, &#123;</div><div class=\"line\">    get () &#123;</div><div class=\"line\">      <span class=\"keyword\">if</span> (activeHandler) &#123;</div><div class=\"line\">        provider._handlers[prop] = activeHandler</div><div class=\"line\">      &#125;</div><div class=\"line\">      <span class=\"keyword\">return</span> value</div><div class=\"line\">    &#125;,</div><div class=\"line\">    set (newValue) &#123;</div><div class=\"line\">      value = newValue</div><div class=\"line\">      <span class=\"keyword\">const</span> handler = obj._handlers[prop]</div><div class=\"line\">      <span class=\"keyword\">if</span> (handler) &#123;</div><div class=\"line\">        activeHandler = handler</div><div class=\"line\">        handler()</div><div class=\"line\">        activeHandler = <span class=\"literal\">undefined</span></div><div class=\"line\">      &#125;</div><div class=\"line\">    &#125;</div><div class=\"line\">  &#125;)</div><div class=\"line\">&#125;</div></pre></td></tr></table></figure><p>上一节提到的<code>observable()</code>函数会递归遍历 provider 的属性，并使用 <code>observableProp()</code> 函数将它们统统转换为可观察对象。</p><figure class=\"highlight javascript\"><table><tr><td class=\"code\"><pre><div class=\"line\"><span class=\"function\"><span class=\"keyword\">function</span> <span class=\"title\">observable</span> (<span class=\"params\">provider</span>) </span>&#123;</div><div class=\"line\">  <span class=\"keyword\">for</span> (<span class=\"keyword\">let</span> prop <span class=\"keyword\">in</span> provider) &#123;</div><div class=\"line\">    observableProp(provider, prop)</div><div class=\"line\">    <span class=\"keyword\">if</span> (<span class=\"keyword\">typeof</span> provider[prop] === <span class=\"string\">'object'</span>) &#123;</div><div class=\"line\">      observable(provider[prop])</div><div class=\"line\">    &#125;</div><div class=\"line\">  &#125;</div><div class=\"line\">&#125;</div></pre></td></tr></table></figure><p>这只是一个简单实现，但用来对比两种技术已足够。</p><h2 id=\"两种技术对比\"><a href=\"#两种技术对比\" class=\"headerlink\" title=\"两种技术对比\"></a>两种技术对比</h2><p>本节将简要指出脏检查和访问器两种技术各自的优缺点。</p><h3 id=\"语法形式\"><a href=\"#语法形式\" class=\"headerlink\" title=\"语法形式\"></a>语法形式</h3><p>脏检查无需定义提供者、消费者，但将 <code>(provider, property)</code> 和 <code>handler()</code> 进行映射的方式笨拙又不灵活。</p><p>访问器技术需要使用 <code>observable()</code> 函数对提供者进行封装，不过自动进行 <code>handler()</code> 映射弥补了不足。对于使用数据绑定的大型项目来说，访问器技术是必备特性。</p><h3 id=\"性能\"><a href=\"#性能\" class=\"headerlink\" title=\"性能\"></a>性能</h3><p>脏检查早就因其性能表现臭名昭著。每次 digest cycle 中，需要对每个 <code>(provider, property) -&gt; handler</code> 入口进行数次检查。此外，即便应用处于闲置状态也必须保持运转，因为它并不值得属性何时发生变化。</p><p>访问器方法更快一些，但在一些大型可观察对象面前，性能也可能发生退化。使用访问器替换提供者的所有属性，通常是过重了。一种解决办法是在必要时动态建立 getter/setter，而不是一次性提前完成。此外，还有一种简单方法是使用一个 <code>noObserve()</code> 函数包装不需要的属性，告诉 <code>observable()</code> 不要理会这些。但这会引入额外的语法。</p><h3 id=\"灵活性\"><a href=\"#灵活性\" class=\"headerlink\" title=\"灵活性\"></a>灵活性</h3><p>脏检查天生就能和扩展属性（动态添加的）以及访问器属性一起工作。</p><p>访问器技术在这方面有个弱点。初始化 getter/setter 时，扩展属性并不包含在内。比如对数组来说，这就会导致问题，但也能通过手动调用 <code>observableProp()</code> 来解决。访问器属性也无法支持，因为访问器属性无法再包装一次。一种常见的解决办法是使用 <code>computed()</code> 函数替代 getter。不过这会引入更多自定义语法。</p><h3 id=\"时间控制\"><a href=\"#时间控制\" class=\"headerlink\" title=\"时间控制\"></a>时间控制</h3><p>脏检查给我们的自由并不多，因为我们无从得知属性实际发生变化的时机。<code>handler()</code> 函数只能通过不时运行 <code>digest()</code> 循环而异步执行。</p><p>使用访问器技术，getter/setter 是同步触发的，因此就有了选择上的自由。我们可以决定是否立即执行 <code>handler()</code>，或者分批异步执行。前者保证了可预见性，后者则可以通过去重提升性能。</p><h2 id=\"关于下一章\"><a href=\"#关于下一章\" class=\"headerlink\" title=\"关于下一章\"></a>关于下一章</h2><p>下一章我将介绍 <a href=\"https://github.com/RisingStack/nx-observe\" target=\"_blank\" rel=\"external\">nx-observe</a> 数据绑定工具，阐述如何用 ES6 Proxy 替代 ES5 getters/setters，以弥补访问器技术的多数不足之处。</p><h2 id=\"写在最后\"><a href=\"#写在最后\" class=\"headerlink\" title=\"写在最后\"></a>写在最后</h2><p>如果对 NX 框架感兴趣，请访问 <a href=\"http://nx-framework.com/\" target=\"_blank\" rel=\"external\">主页</a>。胆大的读者还可以在Github 上查看 <a href=\"https://github.com/RisingStack/nx-framework\" target=\"_blank\" rel=\"external\">NX 源码</a> 和 <a href=\"https://github.com/RisingStack/nx-observe\" target=\"_blank\" rel=\"external\">nx-observe 源码</a>。</p><p>希望你喜欢这篇文章。下一章我们将讨论 <a href=\"https://blog.risingstack.com/writing-a-javascript-framework-sandboxed-code-evaluation/\" target=\"_blank\" rel=\"external\">沙箱求值（Sandboxed code evaluation）</a>。</p>","categories":[],"tags":[{"name":"翻译","path":"api/tags/翻译.json"},{"name":"ES6","path":"api/tags/ES6.json"},{"name":"数据绑定","path":"api/tags/数据绑定.json"}]}