{"title":"聊聊 JavaScript Date 对象","slug":"date-in-javascript","date":"2016-08-31T12:05:45.000Z","updated":"2017-08-10T10:42:08.508Z","comments":true,"path":"api/articles/date-in-javascript.json","excerpt":null,"covers":["https://ogjija9ft.qnssl.com/placeholder.png"],"content":"<h2 id=\"时间的发现\"><a href=\"#时间的发现\" class=\"headerlink\" title=\"时间的发现\"></a>时间的发现</h2><p>日常生活中，各种形式的时间字符到处都是。</p><p>时间观念的产生，时间单位、计时工具的发明，给人类带来的变化实在一言难尽。</p><p>今天就来谈谈日期那些事儿。一起来看看 JavaScript 中的日期对象 Date。</p><h2 id=\"Date-对象\"><a href=\"#Date-对象\" class=\"headerlink\" title=\"Date 对象\"></a>Date 对象</h2><p>和其他对象如 Math、RegExp 等一样，Date 对象是 JavaScript 语言中的内建（build-in）对象。在工作中，Date 对象有着许多重要的应用。</p><p>创建一个 Date 实例很简单，下面简单回顾下常用的方法。</p><p><strong>获取当前时间</strong></p><figure class=\"highlight javascript\"><table><tr><td class=\"code\"><pre><div class=\"line\"><span class=\"keyword\">var</span> now = <span class=\"keyword\">new</span> <span class=\"built_in\">Date</span>();</div></pre></td></tr></table></figure><p>注意，JavaScript 中的当前时间与操作系统相关。因此，在重要的 Web 应用中，应该会避免使用该时间，更可靠的方式是操作前先请求服务器获取时间，或者将工作直接交给服务端。</p><p><strong>生成时间</strong></p><figure class=\"highlight javascript\"><table><tr><td class=\"code\"><pre><div class=\"line\"><span class=\"comment\">// 2016-08-31 23:27:22</span></div><div class=\"line\"><span class=\"keyword\">new</span> <span class=\"built_in\">Date</span>(<span class=\"number\">2016</span>, <span class=\"number\">7</span>, <span class=\"number\">31</span>, <span class=\"number\">23</span>, <span class=\"number\">27</span>, <span class=\"number\">22</span>);</div><div class=\"line\"><span class=\"keyword\">new</span> <span class=\"built_in\">Date</span>(<span class=\"string\">'2016-08-31 23:27:22'</span>);</div><div class=\"line\"><span class=\"keyword\">new</span> <span class=\"built_in\">Date</span>(<span class=\"string\">'2016/08/31 23:27:22'</span>);</div></pre></td></tr></table></figure><p>上面只是最常见的几种形式。实际应用中会发现，Date 对象非常强大，能够解析多种格式的字符串。本文暂且略过不表。</p><p>值得一提的是，上面 <code>new Date(&#39;2016-08-31&#39;)</code> 这种形式应当尽量避免。如果没有记错，iOS 系统环境中，这种格式会报错，遇到该格式的字符串时，应该一律先进行替换操作：</p><figure class=\"highlight javascript\"><table><tr><td class=\"code\"><pre><div class=\"line\"><span class=\"keyword\">var</span> string = <span class=\"string\">'2016-08-31'</span>;</div><div class=\"line\"><span class=\"keyword\">var</span> date = <span class=\"keyword\">new</span> <span class=\"built_in\">Date</span>(string.replace(<span class=\"regexp\">/-/g</span>, <span class=\"string\">'/'</span>));</div></pre></td></tr></table></figure><p><strong>获取或修改更多时间细节</strong></p><p>Date 对象提供了一系列 <code>set</code> <code>get</code> 方法供我们使用。方法名也很语义化。在此略过。</p><h2 id=\"眼花缭乱的时间字符串\"><a href=\"#眼花缭乱的时间字符串\" class=\"headerlink\" title=\"眼花缭乱的时间字符串\"></a>眼花缭乱的时间字符串</h2><p>在工作中，常常会接触各种不同格式的时间字符串。除了那些格式整齐，地球人几乎都能读懂的之外，还有一些不那么为普通人所了解的格式。</p><p>与此同时，细心的同学可能注意到，在控制台中输入一个 Date 变量的引用，按下 <code>.</code> 的那一刻，会有一大堆属性、方法提示。除去 <code>set</code> <code>get</code> 这一类方法之外，还有一堆 <code>to***String</code> 形式的方法。相信多数同学用得不多。</p><p>往前数月，我也不太关注这些东西。但后来某次，后端返回的数据总是随机地有一些数据是 <code>2016-08-31T15:44:30.244Z</code> 这种格式的。当时不明白其含义，只能自作聪明地拿正则表达式来匹配，作为容错方案。</p><p>接下来，自己的一个小爬虫工具想要支持 rss 解析。拿到的不少日期数据是 <code>Thu Aug 25 2016 01:31:50 GMT+0800 (CST)</code> 这种格式的。</p><p>由此我开始试着去了解这些看上去奇奇怪怪的日期格式。</p><p>接下来，主要通过 JavaScript 中的 <code>to***String</code> 系列方法，了解这些时间字符串。</p><h2 id=\"一堆-to-String-方法\"><a href=\"#一堆-to-String-方法\" class=\"headerlink\" title=\"一堆 to***String 方法\"></a>一堆 <code>to***String</code> 方法</h2><p>首先，让我们写个简单的脚本，看看 Date 对象到底有哪些 <code>to***String</code> 方法。</p><p>注意，这些方法是无法通过 <code>for in</code> 循环取到的，也就是说，默认是 <code>enumerable: false</code>。</p><p>使用 <code>Object.getOwnPropertyDescriptor</code> 方法可以查看这些细节。</p><p>以 <code>toString</code> 为例，一起看下：</p><figure class=\"highlight javascript\"><table><tr><td class=\"code\"><pre><div class=\"line\"><span class=\"built_in\">Object</span>.getOwnPropertyDescriptor(<span class=\"built_in\">Date</span>.prototype, <span class=\"string\">'toString'</span>);</div></pre></td></tr></table></figure><p>结果如下：</p><figure class=\"highlight javascript\"><table><tr><td class=\"code\"><pre><div class=\"line\">&#123;</div><div class=\"line\">    writable: <span class=\"literal\">true</span>,</div><div class=\"line\">    enumerable: <span class=\"literal\">false</span>,</div><div class=\"line\">    configurable: <span class=\"literal\">true</span>,</div><div class=\"line\">    value: <span class=\"function\"><span class=\"keyword\">function</span> <span class=\"title\">toString</span>(<span class=\"params\"></span>),</span></div><div class=\"line\"><span class=\"function\">    <span class=\"title\">__proto__</span>: <span class=\"title\">Object</span></span></div><div class=\"line\"><span class=\"function\">&#125;</span></div></pre></td></tr></table></figure><p>既然不能通过 <code>for in</code> 遍历，那还有没有其他办法呢？</p><p>有的。<code>Object.getOwnPropertyNames</code> 这个方法可以帮我们拿到对象自身属性的 key 值。</p><p>（写到这里，虽然看上去很啰嗦，但我总觉得有必要把细节记下来。万一下次又记不清了呢。）</p><p>接着，就可以愉快地取到所有的 <code>to***String</code> 方法名了。</p><figure class=\"highlight javascript\"><table><tr><td class=\"code\"><pre><div class=\"line\"><span class=\"keyword\">let</span> proto = <span class=\"built_in\">Date</span>.prototype;</div><div class=\"line\"><span class=\"keyword\">let</span> names = <span class=\"built_in\">Object</span>.getOwnPropertyNames(proto).filter(<span class=\"function\">(<span class=\"params\">name</span>) =&gt;</span> /^to[a-zA-Z]*<span class=\"built_in\">String</span>/.test(name));</div><div class=\"line\"><span class=\"built_in\">console</span>.log(names);</div></pre></td></tr></table></figure><p>一共有 9 个，如下：</p><figure class=\"highlight json\"><table><tr><td class=\"code\"><pre><div class=\"line\">[ <span class=\"string\">\"toString\"</span>,</div><div class=\"line\">  <span class=\"string\">\"toDateString\"</span>,</div><div class=\"line\">  <span class=\"string\">\"toTimeString\"</span>,</div><div class=\"line\">  <span class=\"string\">\"toISOString\"</span>,</div><div class=\"line\">  <span class=\"string\">\"toUTCString\"</span>,</div><div class=\"line\">  <span class=\"string\">\"toGMTString\"</span>,</div><div class=\"line\">  <span class=\"string\">\"toLocaleString\"</span>,</div><div class=\"line\">  <span class=\"string\">\"toLocaleDateString\"</span>,</div><div class=\"line\">  <span class=\"string\">\"toLocaleTimeString\"</span></div><div class=\"line\">]</div></pre></td></tr></table></figure><p>看名称大概也能知道，这 9 个方法可以分为三组。下面按组来细看。</p><h2 id=\"toString-系列\"><a href=\"#toString-系列\" class=\"headerlink\" title=\"toString 系列\"></a>toString 系列</h2><p>接下来，我们所有的实验，统一使用一个 Date 实例。需要说明的，我所使用的是 Chrome 52，所有实验都是在控制台中进行的。</p><figure class=\"highlight javascript\"><table><tr><td class=\"code\"><pre><div class=\"line\"><span class=\"comment\">// 2016-09-02 10:49:22</span></div><div class=\"line\"><span class=\"keyword\">var</span> date = <span class=\"keyword\">new</span> <span class=\"built_in\">Date</span>(<span class=\"number\">2016</span>, <span class=\"number\">8</span>, <span class=\"number\">2</span>, <span class=\"number\">10</span>, <span class=\"number\">49</span>, <span class=\"number\">22</span>);</div></pre></td></tr></table></figure><p>一并展示出所有结果吧，就是这么简单粗暴。</p><p><img src=\"https://ogjija9ft.qnssl.com/placeholder.png\" data-orig=\"http://p6.qhimg.com/t01788a97c49c40d8e7.png\" alt=\"toString\"></p><p>注意到，<code>date + &#39;&#39;</code> 和 <code>date.toString()</code> 的结果是一样的。这不是偶然，它们实际上是等价的。这涉及到 JavaScript 中的<strong>隐式类型转换</strong>。</p><p>根据 ECMA-262 标准，<code>toString()</code> <code>toDateString()</code> <code>toTimeString()</code> 执行的结果，是实现相关的（implementation-dependent）。</p><p>以 <code>toDateString()</code> 为例，看看标准中的是如何说的：</p><blockquote><p>该方法返回一个 String 类型的值。该值是实现相关的，但其目的是以一种简便、便于阅读的形式，展示 Date 实例在当前时区内的“日期”部分。<br>—— <a href=\"http://www.ecma-international.org/ecma-262/7.0/index.html#sec-todatestring\" target=\"_blank\" rel=\"external\">ECMA-262 7ᵗʰ Edition</a></p></blockquote><p>再来看看结果中的 <code>GMT+0800</code> 是什么鬼。所谓 <code>GMT</code>，是英文 “Greenwich Mean Time” 的缩写，完整翻译过来就是“格林尼治平时”，也就是通常所说的“格林尼治时间”，即位于英国伦敦郊区的皇家格林尼治天文台的标准时间。详细信息可以查看<a href=\"https://en.wikipedia.org/wiki/Greenwich_Mean_Time\" target=\"_blank\" rel=\"external\">维基百科</a>。</p><p>至于“+0800”，则是<a href=\"https://zh.wikipedia.org/wiki/%E6%97%B6%E5%8C%BA\" target=\"_blank\" rel=\"external\"><strong>时区</strong></a>的概念了。这意味着，当前时间与标准时区相差 8 小时。</p><p>比如，此刻是北京时间 2016 年 9 月 2 日 13:07:22，也就是 <code>Fri Sep 02 2016 13:07:22 GMT+0800</code>，那么此时，格林尼治时区的时间就应该是 05:07:22。不过，从<a href=\"http://www.timeanddate.com/time/zones/bst\" target=\"_blank\" rel=\"external\">世界时钟</a>中此时英国伦敦的时间是 06:07:22。为何会有此差别？因为 9 月 2 号的时候，伦敦使用的是 BST 时区，即 British Summer Time，也就是众所周知的“夏令时”。</p><p><img src=\"https://ogjija9ft.qnssl.com/placeholder.png\" data-orig=\"http://p6.qhimg.com/t01a2428498bf539feb.png\" alt=\"时区图\"></p><p>像 BST、CST 这些标志，就像上面表格中的“中国标准时间”一样。这些是用来说明时区的，通常用缩写表示，不过这<a href=\"https://zh.wikipedia.org/wiki/%E6%97%B6%E5%8C%BA\" target=\"_blank\" rel=\"external\">并不是标准</a>。CST 正好就是中国标准时间（China Standar Time）的缩写，可以参考 <a href=\"http://www.timeanddate.com/time/zones/cst-china\" target=\"_blank\" rel=\"external\">timeanddate</a> 这个网站。</p><p>不过，上面仅仅是提到格林尼治时间。并不意味着真正用到了它。JavaScript 中实际使用到的，还是 UTC 时间。</p><h2 id=\"toLocaleString-系列\"><a href=\"#toLocaleString-系列\" class=\"headerlink\" title=\"toLocaleString 系列\"></a>toLocaleString 系列</h2><p>执行结果如下图所示：</p><p><img src=\"https://ogjija9ft.qnssl.com/placeholder.png\" data-orig=\"http://p9.qhimg.com/t01b54c2a69220c814e.png\" alt=\"toLocaleString 系列\"></p><p>也很好理解。这三个方法，也是和实现相关的。[标准]中有一句很关键，“与宿主环境当前区域设置的约定保持一致”（”corresponds to the conventions of the host environment’s current locale.”）。</p><h2 id=\"标准时间系列\"><a href=\"#标准时间系列\" class=\"headerlink\" title=\"标准时间系列\"></a>标准时间系列</h2><p>接着看 <code>toISOString()</code> <code>toUTCString()</code> <code>toGMTString()</code> 三个方法。按照惯例，先看结果：</p><p><img src=\"https://ogjija9ft.qnssl.com/placeholder.png\" data-orig=\"http://p4.qhimg.com/t017844b50bac5b0ca6.png\" alt=\"toISOString() 与 toUTCString()、toGMTString()\"></p><p>这些年，想必各种商业广告已经帮我们普及了 ISO 的概念，八九岁的时候就知道，某某品牌的摩托车号称通过 ISO-2001 标准。ISO，全称是国际标准化组织（International Organization for Standardization），负责制定全世界工商业国际标准的国际标准。</p><p><a href=\"http://www.ecma-international.org/ecma-262/7.0/index.html#sec-date-time-string-format\" target=\"_blank\" rel=\"external\">JavaScript 标准</a>定义的时间交换格式（interchange format），是基于 ISO 8601 扩展格式的简化版本，格式是 “YYYY-MM-DDTHH:mm:ss.sssZ”。<code>toISOString()</code> 返回的就是这样的字符串。</p><p><code>T</code> 只是一个字面量，标志着接下来的内容是时间（相对于前面的日期而言）。</p><p><code>Z</code> 标志着时差。直接使用 <code>Z</code>，意味着我们使用的是标准时间（UTC）。</p><p>在我们的例子中，<code>date.toISOString()</code> 的结果是 <code>2016-09-02T02:49:22.000Z</code>，可以看到，和我们的实际时间 10:49:22 相差了 8 小时。</p><p>当然，<code>Z</code> 的位置上，还可以使用<code>+HH:mm</code> <code>-HH:mm</code> 的形式。这样就是直接指定与标准时间的时差了。</p><p>例如，<code>2016-09-02T02:49:22.000Z</code> 作为标准时间，相当于北京时间的 10:49:22，换一种形式就是 <code>2016-09-02T10:49:22.000+08:00</code>。</p><p>UTC 是“世界标准时间”的简称，又作“协调世界时” “世界协调时间”，英文是 Coordinated Universal Time。下面引用下<a href=\"https://zh.wikipedia.org/wiki/%E5%8D%8F%E8%B0%83%E4%B8%96%E7%95%8C%E6%97%B6\" target=\"_blank\" rel=\"external\">维基百科</a>中的说明：</p><blockquote><p>协调世界时是世界上调节时钟和时间的主要时间标准，它与0度经线的平太阳时相差不超过1秒，并不遵守夏令时。协调世界时是最接近格林尼治标准时间(GMT)的几个替代时间系统之一……<br>UTC基于国际原子时，并通过不规则的加入闰秒来抵消地球自转变慢的影响。</p></blockquote><p>我们注意到，<code>toUTCString()</code> <code>toGMTString()</code> 两者返回的字符串是一样的。实际上，这还是和具体实现有关。</p><p>还是引用<a href=\"https://zh.wikipedia.org/wiki/%E6%A0%BC%E6%9E%97%E5%B0%BC%E6%B2%BB%E5%B9%B3%E6%97%B6\" target=\"_blank\" rel=\"external\">维基百科</a>中的一段，来看看 UTC 时间和格林尼治时间的不同。</p><blockquote><p>理论上来说，格林尼治标准时间的正午是指当太阳横穿格林尼治子午线时（也就是在格林尼治上空最高点时）的时间。由于地球在它的椭圆轨道里的运动速度不均匀，这个时刻可能与实际的太阳时有误差，最大误差达16分钟。<br>由于地球每天的自转是有些不规则的，而且正在缓慢减速，因此格林尼治时间已经不再被作为标准时间使用。现在的标准时间，是由原子钟报时的协调世界时（UTC）。</p></blockquote><p><a href=\"http://www.ecma-international.org/ecma-262/7.0/index.html#sec-date-constructor\" target=\"_blank\" rel=\"external\">ES 2016</a> 中提到，<code>toGMTString()</code> 主要是用来满足旧代码兼容性的，新代码中推荐使用 <code>toUTCString()</code>。标准还提到这么一句：</p><blockquote><p>The function object that is the initial value of Date.prototype.toGMTString is the same function object that is the initial value of Date.prototype.toUTCString.</p></blockquote><p>也就是说，在 JavaScript 中，<code>toUTCString()</code> <code>toGMTString()</code> 这俩是一样的。</p><figure class=\"highlight javascript\"><table><tr><td class=\"code\"><pre><div class=\"line\">assertEqual(date.toGMTString, date,toUTCString);</div></pre></td></tr></table></figure><h2 id=\"日期提取工具\"><a href=\"#日期提取工具\" class=\"headerlink\" title=\"日期提取工具\"></a>日期提取工具</h2><p>从字符串中提取时间，已经有很多工具，还相当智能，英文不必说，中文的“前天”“五天前”“上周三”之类的不在话下。</p><p>临时应急，也仅仅是为了辨别一些常用的日期字符串，我也写了一个小工具，主要是提取日期。</p><p>关键的正则表达式如下：</p><figure class=\"highlight javascript\"><table><tr><td class=\"code\"><pre><div class=\"line\"><span class=\"comment\">// 2012 年 2 月 28 日</span></div><div class=\"line\">re_zh  = <span class=\"regexp\">/(\\d&#123;4&#125;)\\s*[^x00-xff]\\s*(\\d&#123;1,2&#125;)\\s*[^x00-xff]\\s*(\\d&#123;1,2&#125;)\\s*[^x00-xff]/</span>,</div><div class=\"line\"></div><div class=\"line\"><span class=\"comment\">// 2012-02-28, 2012.02.28, 2012/02/28</span></div><div class=\"line\">re_ymd = <span class=\"regexp\">/\\d&#123;4&#125;([\\/\\-\\.])\\d&#123;1,2&#125;(\\1)\\d&#123;1,2&#125;/</span>,</div><div class=\"line\"></div><div class=\"line\"><span class=\"comment\">// 02/28/2012 etc.</span></div><div class=\"line\">re_mdy = <span class=\"regexp\">/\\d&#123;1,2&#125;([\\/\\-\\.])\\d&#123;1,2&#125;(\\1)\\d&#123;4&#125;/</span>,</div><div class=\"line\"></div><div class=\"line\">re_en  = <span class=\"keyword\">new</span> <span class=\"built_in\">RegExp</span>([</div><div class=\"line\">    <span class=\"comment\">// toUTCString(): \"Tue, 30 Aug 2016 03:01:19 GMT\"</span></div><div class=\"line\">    /(\\w&#123;<span class=\"number\">3</span>&#125;), (\\d&#123;<span class=\"number\">2</span>&#125;) (\\w&#123;<span class=\"number\">3</span>&#125;) (\\d&#123;<span class=\"number\">4</span>&#125;) ((\\d&#123;<span class=\"number\">2</span>&#125;):(\\d&#123;<span class=\"number\">2</span>&#125;):(\\d&#123;<span class=\"number\">2</span>&#125;)) GMT/.source,</div><div class=\"line\"></div><div class=\"line\">    <span class=\"comment\">// toString():  \"Tue Aug 30 2016 11:02:45 GMT+0800 (中国标准时间)\"</span></div><div class=\"line\">    /(\\w&#123;<span class=\"number\">3</span>&#125;) (\\w&#123;<span class=\"number\">3</span>&#125;) (\\d&#123;<span class=\"number\">2</span>&#125;) (\\d&#123;<span class=\"number\">4</span>&#125;) ((\\d&#123;<span class=\"number\">2</span>&#125;):(\\d&#123;<span class=\"number\">2</span>&#125;):(\\d&#123;<span class=\"number\">2</span>&#125;)) GMT\\+\\d&#123;<span class=\"number\">4</span>&#125;/.source,</div><div class=\"line\"></div><div class=\"line\">    <span class=\"comment\">// toISOString(): \"2016-08-30T03:01:19.543Z\"</span></div><div class=\"line\">    /(\\d&#123;<span class=\"number\">4</span>&#125;)-(\\d&#123;<span class=\"number\">2</span>&#125;)-(\\d&#123;<span class=\"number\">2</span>&#125;)T((\\d&#123;<span class=\"number\">2</span>&#125;):(\\d&#123;<span class=\"number\">2</span>&#125;):(\\d&#123;<span class=\"number\">2</span>&#125;))\\.(\\d&#123;<span class=\"number\">3</span>&#125;)Z/.source,</div><div class=\"line\">    </div><div class=\"line\">    <span class=\"comment\">// toDateString(): \"Tue Aug 30 2016\"</span></div><div class=\"line\">    /(\\w&#123;<span class=\"number\">3</span>&#125;) (\\w&#123;<span class=\"number\">3</span>&#125;) (\\d&#123;<span class=\"number\">2</span>&#125;) (\\d&#123;<span class=\"number\">4</span>&#125;)/.source</div><div class=\"line\">].join(<span class=\"string\">'|'</span>), <span class=\"string\">'m'</span>);</div></pre></td></tr></table></figure><p>详细代码，可见 <a href=\"https://github.com/AngusFu/date-parser\" target=\"_blank\" rel=\"external\">Github</a>。之后有时间，也会考虑加入更智能的识别功能。</p><h2 id=\"参考\"><a href=\"#参考\" class=\"headerlink\" title=\"参考\"></a>参考</h2><ul><li><a href=\"http://www.timeanddate.com/\" target=\"_blank\" rel=\"external\">http://www.timeanddate.com/</a></li><li><a href=\"https://zh.wikipedia.org\" target=\"_blank\" rel=\"external\">wikipedia</a></li><li><a href=\"http://www.ecma-international.org/ecma-262/7.0/index.html\" target=\"_blank\" rel=\"external\">ECMAScript® 2016 Language Specification</a></li><li><a href=\"http://wwp.greenwichmeantime.com/\" target=\"_blank\" rel=\"external\">http://wwp.greenwichmeantime.com/</a></li></ul>","categories":[],"tags":[{"name":"原创","path":"api/tags/原创.json"},{"name":"JavaScript","path":"api/tags/JavaScript.json"}]}