{"title":"让人倾倒的 11 个 Npm Trick","slug":"eleven-npm-tricks-that-will-knock-your-wombat-socks-off","date":"2016-09-03T00:45:10.000Z","updated":"2017-08-10T10:42:08.508Z","comments":true,"path":"api/articles/eleven-npm-tricks-that-will-knock-your-wombat-socks-off.json","excerpt":null,"covers":["https://ogjija9ft.qnssl.com/placeholder.png"],"content":"<p><img src=\"https://ogjija9ft.qnssl.com/placeholder.png\" data-orig=\"http://p4.qhimg.com/t014d6a103b20214141.png\" alt=\"让人倾倒的 11 个 npm trick\"></p><p>有效率地使用 npm 可能会很困难。内置特性堆积如山，尝试学习它们是很艰巨的任务。</p><p>就我个人而言，单学习并使用其中一些小 trick 解救了我，从前移除那些未使用的模块时，我只能先删除整个 <code>node_modules</code> 文件夹，接着再用 <code>npm install</code> 重新安装<em>一切</em>。（<code>npm prune</code>，请见本文第四节。）如你所想，这简直要让人发狂了。</p><p>我们编了这样一个 trick 列表，使用起来很简单，它们会加速你使用 npm 开发的过程，无论你在做什么项目。</p><h2 id=\"1-打开-package-主页\"><a href=\"#1-打开-package-主页\" class=\"headerlink\" title=\"1.打开 package 主页\"></a>1.打开 package 主页</h2><p><strong>运行:</strong> <code>npm home $package</code></p><p>执行 <code>home</code> 命令会打开 <code>$package</code> 的主页。例如，如果指定 <code>$package</code> 为 <code>lodash</code>，那么就就会打开 Lodash 官网。没有安装（全局/某个项目） package 不影响该命令的使用。</p><h2 id=\"2-打开-package-Github-仓库\"><a href=\"#2-打开-package-Github-仓库\" class=\"headerlink\" title=\"2. 打开 package Github 仓库\"></a>2. 打开 package Github 仓库</h2><p><strong>运行:</strong> <code>npm repo $package</code></p><p>类似前面的 <code>home</code> 命令， <code>repo</code> 命令会打开 <code>$package</code> 的 Github 仓库。如 <code>npm repo express</code> 会打开 Express 的官方仓库地址。同样，不需要安装 package 就能使用。</p><h2 id=\"3-检查-package-的过时依赖\"><a href=\"#3-检查-package-的过时依赖\" class=\"headerlink\" title=\"3. 检查 package 的过时依赖\"></a>3. 检查 package 的过时依赖</h2><p><strong>运行:</strong> <code>npm outdated</code></p><p>在项目中，运行 <code>outdated</code> 命令会通过 npm registry 检查是否有过时的 package，并在命令行中打印出当前版本、所需版本以及最新版本。</p><p><img src=\"https://ogjija9ft.qnssl.com/placeholder.png\" data-orig=\"http://p9.qhimg.com/t01be55669dcc86377b.png\" alt=\"在 Node 项目中运行 npm outdated\"></p><h2 id=\"4-检查-package-json-中未声明的-package\"><a href=\"#4-检查-package-json-中未声明的-package\" class=\"headerlink\" title=\"4. 检查 package.json 中未声明的 package\"></a>4. 检查 package.json 中未声明的 package</h2><p><strong>运行:</strong> <code>npm prune</code></p><p>运行 <code>prune</code> 命令，npm CLI 会读取 <code>package.json</code>，并将结果与项目的 <code>/node_modules</code> 目录进行对比，并打印出不在 <code>package.json</code> 之列的模块列表。</p><p><code>npm prune</code> 命令接着会拿出这些 package，并移除那些没有手动加到 <code>package.json</code> 中或没有使用 <code>--save</code> 标志安装的 package。</p><p><img src=\"https://ogjija9ft.qnssl.com/placeholder.png\" data-orig=\"http://p0.qhimg.com/t01d021722c08048520.png\" alt=\"在 Node 项目中运行 npm prune\"></p><p><strong>更新：</strong> 感谢 <a href=\"https://twitter.com/EvanHahn\" target=\"_blank\" rel=\"external\">@EvanHahn</a> 提醒，一种个人配置可以让 <code>npm prune</code> 提供与 <code>npm</code> 默认方式略有不同的结果。</p><h2 id=\"5-锁定依赖版本\"><a href=\"#5-锁定依赖版本\" class=\"headerlink\" title=\"5. 锁定依赖版本\"></a>5. 锁定依赖版本</h2><p><strong>运行:</strong> <code>npm shrinkwrap</code></p><p>在项目中使用 <code>shrinkwrap</code> 命令，会生成一个 <code>npm-shrinkwrap.json</code> 文件，将项目依赖锁定在当前在 <code>node_modules</code> 中使用的特定版本。运行 <code>npm install</code> 时，若发现存在 <code>npm-shrinkwrap.json</code>，则会覆盖列出的依赖以及 <code>package.json</code> 中的任何语义版本范围。</p><p>如果需要验证项目中 <code>package.json</code>、 <code>npm-shrinkwrap.json</code> 及 <code>node_modules</code> 的一致性，可以考虑使用 <a href=\"https://github.com/uber/npm-shrinkwrap\" target=\"_blank\" rel=\"external\">npm-shrinkwrap</a>。</p><p><img src=\"https://ogjija9ft.qnssl.com/placeholder.png\" data-orig=\"http://p2.qhimg.com/t010ecff8dd4bc1fe35.png\" alt=\"在 Node 项目中运行 npm shrinkwrap\"></p><h2 id=\"6-在-Node-js-v4-LTS-中使用-npm-v3\"><a href=\"#6-在-Node-js-v4-LTS-中使用-npm-v3\" class=\"headerlink\" title=\"6. 在 Node.js v4 LTS 中使用 npm v3\"></a>6. 在 Node.js v4 LTS 中使用 npm v3</h2><p><strong>运行:</strong> <code>npm install -g npm@3</code></p><p>使用 npm 全局安装 <code>npm@3</code>，会将 npm v2 升级至 v3。使用 npm v2 LTS 的 Node.js v4 LTS 发布版本（“Argon”）中也是如此。这会在 v4 LTS 中安装 npm v3 的最新稳定版本。（译者注：LTS 指 Long-Term Support， 即提供长期技术支持的版本。）</p><h2 id=\"7-运行-npm-install-g，无需加-sudo\"><a href=\"#7-运行-npm-install-g，无需加-sudo\" class=\"headerlink\" title=\"7. 运行 npm install -g，无需加  sudo\"></a>7. 运行 <code>npm install -g</code>，无需加 <code>sudo</code></h2><p><strong>运行:</strong> <code>npm config set prefix $dir</code></p><p><code>$dir</code> 指你想将<em>全局依赖安装在的</em>目录，运行命令，这一来，安装全局模块再也不用使用 sudo，该目录则成为全局的 bin 目录。唯一需要注意的是，确保使用 <code>chown -R $USER $dir</code> 该目录的<strong>调整用户权限</strong>。</p><h2 id=\"8-改变所有项目的默认前缀\"><a href=\"#8-改变所有项目的默认前缀\" class=\"headerlink\" title=\"8. 改变所有项目的默认前缀\"></a>8. 改变所有项目的默认前缀</h2><p><strong>运行:</strong> <code>npm config set save-prefix ~</code></p><p>使用 <code>--save</code> 或 <code>--save-dev</code> 标志安装新 package 时，使用 <code>~</code> 比默认的 <code>^</code> 行为更加保守。<code>~</code> 将依赖锁定在小版本（minor version），允许使用 <code>npm update</code> 安装补丁版本。<code>^</code> 将依赖锁定在主版本，允许使用 <code>npm update</code>更新小版本。</p><h2 id=\"9-生产环境下去除-devDependencies-依赖\"><a href=\"#9-生产环境下去除-devDependencies-依赖\" class=\"headerlink\" title=\"9. 生产环境下去除 devDependencies 依赖\"></a>9. 生产环境下去除 <code>devDependencies</code> 依赖</h2><p>项目准备上到生产环境时，确保使用 <code>--production</code> 标志安装依赖。该标志会安装 <code>dependencies</code>，忽略 <code>devDependencies</code>。这会确保开发所使用的工具及 package 不会进入生产环境。</p><p>此外，还可以将 <code>NODE_ENV</code> 环境变量设置为 <code>production</code>，确保 <code>devDependencies</code> 绝不会被安装。</p><h2 id=\"10-使用-npmignore-要当心\"><a href=\"#10-使用-npmignore-要当心\" class=\"headerlink\" title=\"10. 使用 .npmignore 要当心\"></a>10. 使用 <code>.npmignore</code> 要当心</h2><p>如果还没使用过 <code>.npmignore</code>，会默认使用 <code>.gitignore</code> 文件，加上一些更健全的默认选项。</p><p>很多人不明白都是，一旦在项目中添加了 <code>.npmignore</code> 文件，<code>.gitignore</code> 的规则就会被忽略（好讽刺，出乎意料啊）。结果就是，发布项目时，不得不审查两个文件是否同步，防止敏感信息的泄露。</p><h2 id=\"11-带默认内容的-npm-init\"><a href=\"#11-带默认内容的-npm-init\" class=\"headerlink\" title=\"11. 带默认内容的 npm init\"></a>11. 带默认内容的 <code>npm init</code></h2><p>在新项目中运行 <code>npm init</code> 时，可以配置 <code>package.json</code> 细节。如果想设置 <code>npm init</code> 会一直使用的默认工作，可以使用 <code>config set</code> 命令，加上一些额外的参数：</p><figure class=\"highlight bash\"><table><tr><td class=\"code\"><pre><div class=\"line\">npm config <span class=\"built_in\">set</span> init.author.name <span class=\"variable\">$name</span></div><div class=\"line\">npm config <span class=\"built_in\">set</span> init.author.email <span class=\"variable\">$email</span></div></pre></td></tr></table></figure><p>若想彻底自定义初始化脚本，可以指定一个自定义的默认脚本：</p><figure class=\"highlight bash\"><table><tr><td class=\"code\"><pre><div class=\"line\">npm config <span class=\"built_in\">set</span> init-module ~/.npm-init.js</div></pre></td></tr></table></figure><p>下面是一个示例脚本，会弹出私有设置项，在需要情况下创建 Github 仓库。确保更改默认的 Github 用户名（<code>YOUR_GITHUB_USERNAME</code>），作为 Github 用户名环境变量的 fallback 值。</p><figure class=\"highlight javascript\"><table><tr><td class=\"code\"><pre><div class=\"line\"><span class=\"keyword\">var</span> cp = <span class=\"built_in\">require</span>(<span class=\"string\">'child_process'</span>);</div><div class=\"line\"><span class=\"keyword\">var</span> priv;</div><div class=\"line\"></div><div class=\"line\"><span class=\"keyword\">var</span> USER = process.env.GITHUB_USERNAME || <span class=\"string\">'YOUR_GITHUB_USERNAME'</span>;</div><div class=\"line\"></div><div class=\"line\"><span class=\"built_in\">module</span>.exports = &#123;</div><div class=\"line\"></div><div class=\"line\">  name: prompt(<span class=\"string\">'name'</span>, basename || package.name),</div><div class=\"line\"></div><div class=\"line\">  version: <span class=\"string\">'0.0.1'</span>,</div><div class=\"line\"></div><div class=\"line\">  private: prompt(<span class=\"string\">'private'</span>, <span class=\"string\">'true'</span>, <span class=\"function\"><span class=\"keyword\">function</span>(<span class=\"params\">val</span>)</span>&#123;</div><div class=\"line\">    <span class=\"keyword\">return</span> priv = (<span class=\"keyword\">typeof</span> val === <span class=\"string\">'boolean'</span>) ? val : !!val.match(<span class=\"string\">'true'</span>)</div><div class=\"line\">  &#125;),</div><div class=\"line\"></div><div class=\"line\">  create: prompt(<span class=\"string\">'create github repo'</span>, <span class=\"string\">'yes'</span>, <span class=\"function\"><span class=\"keyword\">function</span>(<span class=\"params\">val</span>)</span>&#123;</div><div class=\"line\">    val = val.indexOf(<span class=\"string\">'y'</span>) !== <span class=\"number\">-1</span> ? <span class=\"literal\">true</span> : <span class=\"literal\">false</span>;</div><div class=\"line\"></div><div class=\"line\">    <span class=\"keyword\">if</span>(val)&#123;</div><div class=\"line\">      <span class=\"built_in\">console</span>.log(<span class=\"string\">'enter github password:'</span>);</div><div class=\"line\">      cp.execSync(<span class=\"string\">\"curl -u '\"</span>+USER+<span class=\"string\">\"' https://api.github.com/user/repos -d \"</span> +</div><div class=\"line\">        <span class=\"string\">\"'&#123;\\\"name\\\": \\\"\"</span>+basename+<span class=\"string\">\"\\\", \\\"private\\\": \"</span>+ ((priv) ? <span class=\"string\">'true'</span> : <span class=\"string\">'false'</span>)  +<span class=\"string\">\"&#125;' \"</span>);</div><div class=\"line\">      cp.execSync(<span class=\"string\">'git remote add origin '</span>+ <span class=\"string\">'https://github.com/'</span>+USER+<span class=\"string\">'/'</span> + basename + <span class=\"string\">'.git'</span>);</div><div class=\"line\">    &#125;</div><div class=\"line\"></div><div class=\"line\">    <span class=\"keyword\">return</span> <span class=\"literal\">undefined</span>;</div><div class=\"line\">  &#125;),</div><div class=\"line\"></div><div class=\"line\">  main: prompt(<span class=\"string\">'entry point'</span>, <span class=\"string\">'index.js'</span>),</div><div class=\"line\"></div><div class=\"line\">  repository: &#123;</div><div class=\"line\">    type: <span class=\"string\">'git'</span>,</div><div class=\"line\">    url: <span class=\"string\">'git://github.com/'</span>+USER+<span class=\"string\">'/'</span> + basename + <span class=\"string\">'.git'</span> &#125;,</div><div class=\"line\"></div><div class=\"line\">  bugs: &#123; <span class=\"attr\">url</span>: <span class=\"string\">'https://github.com/'</span>+USER<span class=\"string\">'/'</span> + basename + <span class=\"string\">'/issues'</span> &#125;,</div><div class=\"line\"></div><div class=\"line\">  homepage: <span class=\"string\">\"https://github.com/\"</span>+USER+<span class=\"string\">\"/\"</span> + basename,</div><div class=\"line\"></div><div class=\"line\">  keywords: prompt(<span class=\"function\"><span class=\"keyword\">function</span> (<span class=\"params\">s</span>) </span>&#123; <span class=\"keyword\">return</span> s.split(<span class=\"regexp\">/\\s+/</span>) &#125;),</div><div class=\"line\"></div><div class=\"line\">  license: <span class=\"string\">'MIT'</span>,</div><div class=\"line\"></div><div class=\"line\">  cleanup: <span class=\"function\"><span class=\"keyword\">function</span>(<span class=\"params\">cb</span>)</span>&#123;</div><div class=\"line\"></div><div class=\"line\">    cb(<span class=\"literal\">null</span>, <span class=\"literal\">undefined</span>)</div><div class=\"line\">  &#125;</div><div class=\"line\"></div><div class=\"line\">&#125;</div></pre></td></tr></table></figure><h2 id=\"最后一点…\"><a href=\"#最后一点…\" class=\"headerlink\" title=\"最后一点…\"></a>最后一点…</h2><p>若想学习更多关于 npm、Node.js、JavaScript、Docker、Kubernetes 以及 Electron 等等等等，可以在 Twitter、 上关注 <a href=\"https://twitter.com/nodesource\" target=\"_blank\" rel=\"external\">@NodeSource</a>。我们一直都在，很乐意收到你的消息！</p>","categories":[],"tags":[{"name":"翻译","path":"api/tags/翻译.json"},{"name":"Node.js","path":"api/tags/Node.js.json"},{"name":"npm","path":"api/tags/npm.json"}]}