{"title":"浏览器中的 ES6 Module 实现","slug":"es-modules-in-browsers","date":"2017-05-06T00:00:00.000Z","updated":"2017-08-10T10:42:08.508Z","comments":true,"path":"api/articles/es-modules-in-browsers.json","excerpt":null,"covers":null,"content":"<p>ES6 的模块特性（module） 开始在浏览器端实现啦！一切正在路上…</p><table><thead><tr><th>浏览器</th><th>备注</th></tr></thead><tbody><tr><td>Safari 10.1</td><td>(无)</td></tr><tr><td>Chrome Canary 60</td><td>打开 <code>chrome:flags</code> 启用“实验性网络平台功能”</td></tr><tr><td>Firefox 54</td><td>打开 <code>about:config</code> 启用 <code>dom.moduleScripts.enabled</code></td></tr><tr><td>Edge 15</td><td>打开 <code>about:flags</code> 启用“实验性 JavaScript 功能”</td></tr></tbody></table><figure class=\"highlight html\"><table><tr><td class=\"code\"><pre><div class=\"line\"><span class=\"tag\">&lt;<span class=\"name\">script</span> <span class=\"attr\">type</span>=<span class=\"string\">\"module\"</span>&gt;</span><span class=\"undefined\"></span></div><div class=\"line\"><span class=\"javascript\">  <span class=\"keyword\">import</span> &#123;addTextToBody&#125; <span class=\"keyword\">from</span> <span class=\"string\">'./utils.js'</span>;</span></div><div class=\"line\"><span class=\"undefined\"></span></div><div class=\"line\"><span class=\"javascript\">  addTextToBody(<span class=\"string\">'Modules are pretty cool.'</span>);</span></div><div class=\"line\"><span class=\"undefined\"></span><span class=\"tag\">&lt;/<span class=\"name\">script</span>&gt;</span></div></pre></td></tr></table></figure><figure class=\"highlight javascript\"><table><tr><td class=\"code\"><pre><div class=\"line\"><span class=\"comment\">// utils.js</span></div><div class=\"line\"><span class=\"keyword\">export</span> <span class=\"function\"><span class=\"keyword\">function</span> <span class=\"title\">addTextToBody</span>(<span class=\"params\">text</span>) </span>&#123;</div><div class=\"line\">  <span class=\"keyword\">const</span> div = <span class=\"built_in\">document</span>.createElement(<span class=\"string\">'div'</span>);</div><div class=\"line\">  div.textContent = text;</div><div class=\"line\">  <span class=\"built_in\">document</span>.body.appendChild(div);</div><div class=\"line\">&#125;</div></pre></td></tr></table></figure><p><strong><a href=\"https://cdn.rawgit.com/jakearchibald/a298d5af601982c338186cd355e624a8/raw/aaa2cbee9a5810d14b01ae965e52ecb9b2965a44/\" target=\"_blank\" rel=\"external\">Live demo</a></strong>。</p><p>只需为 <code>script</code> 元素添加 <code>type=module</code> 属性，浏览器就会把该元素对应的内联脚本或外部脚本当成 ECMAScript 模块进行处理。</p><p>目前已经有一些 <a href=\"https://ponyfoo.com/articles/es6-modules-in-depth\" target=\"_blank\" rel=\"external\">很棒的关于 ECMAScript 模块的文章</a>了，不过我还是想分享一些和浏览器相关的东西，它们都是我在测试代码、阅读规范的过程中学习到的。</p><h2 id=\"尚未得到支持的-import-路径符号\"><a href=\"#尚未得到支持的-import-路径符号\" class=\"headerlink\" title=\"尚未得到支持的 import 路径符号\"></a>尚未得到支持的 import 路径符号</h2><figure class=\"highlight javascript\"><table><tr><td class=\"code\"><pre><div class=\"line\"><span class=\"comment\">// 支持</span></div><div class=\"line\"><span class=\"keyword\">import</span> &#123;foo&#125; <span class=\"keyword\">from</span> <span class=\"string\">'https://jakearchibald.com/utils/bar.js'</span>;</div><div class=\"line\"><span class=\"keyword\">import</span> &#123;foo&#125; <span class=\"keyword\">from</span> <span class=\"string\">'/utils/bar.js'</span>;</div><div class=\"line\"><span class=\"keyword\">import</span> &#123;foo&#125; <span class=\"keyword\">from</span> <span class=\"string\">'./bar.js'</span>;</div><div class=\"line\"><span class=\"keyword\">import</span> &#123;foo&#125; <span class=\"keyword\">from</span> <span class=\"string\">'../bar.js'</span>;</div><div class=\"line\"></div><div class=\"line\"><span class=\"comment\">// 不支持</span></div><div class=\"line\"><span class=\"keyword\">import</span> &#123;foo&#125; <span class=\"keyword\">from</span> <span class=\"string\">'bar.js'</span>;</div><div class=\"line\"><span class=\"keyword\">import</span> &#123;foo&#125; <span class=\"keyword\">from</span> <span class=\"string\">'utils/bar.js'</span>;</div></pre></td></tr></table></figure><p>有效的路径符号应当符合以下条件规则之一：</p><ul><li>完整的非相对路径。这样在将其传给<code>new URL(moduleSpecifier)</code>的时候才不会报错。</li><li>以 <code>/</code> 开头。</li><li>以 <code>./</code> 开头。</li><li>以 <code>../</code> 开头。</li></ul><p>其他形式的符号被保留下来，未来将用于其他功能（如引入[import]内置模块）。</p><h2 id=\"使用-nomodule-属性向后兼容\"><a href=\"#使用-nomodule-属性向后兼容\" class=\"headerlink\" title=\"使用 nomodule 属性向后兼容\"></a>使用 <code>nomodule</code> 属性向后兼容</h2><figure class=\"highlight html\"><table><tr><td class=\"code\"><pre><div class=\"line\"><span class=\"tag\">&lt;<span class=\"name\">script</span> <span class=\"attr\">type</span>=<span class=\"string\">\"module\"</span> <span class=\"attr\">src</span>=<span class=\"string\">\"module.js\"</span>&gt;</span><span class=\"undefined\"></span><span class=\"tag\">&lt;/<span class=\"name\">script</span>&gt;</span></div><div class=\"line\"><span class=\"tag\">&lt;<span class=\"name\">script</span> <span class=\"attr\">nomodule</span> <span class=\"attr\">src</span>=<span class=\"string\">\"fallback.js\"</span>&gt;</span><span class=\"undefined\"></span><span class=\"tag\">&lt;/<span class=\"name\">script</span>&gt;</span></div></pre></td></tr></table></figure><p><strong><a href=\"https://cdn.rawgit.com/jakearchibald/6110fb6df717ebca44c2e40814cc12af/raw/7fc79ed89199c2512a4579c9a3ba19f72c219bd8/\" target=\"_blank\" rel=\"external\">Live demo</a></strong>。</p><p>支持 <code>type=module</code> 的浏览器将会忽略带有 <code>nomodule</code> 属性的 <code>script</code> 标签。这意味着我们可以为支持模块的浏览器提供模块形式的代码，同时为那些不支持模块的浏览器提供降级处理。</p><h3 id=\"浏览器-issue\"><a href=\"#浏览器-issue\" class=\"headerlink\" title=\"浏览器 issue\"></a>浏览器 issue</h3><ul><li>Firefox 暂不支持 <code>nomodule</code> (<a href=\"https://bugzilla.mozilla.org/show_bug.cgi?id=1330900\" target=\"_blank\" rel=\"external\">issue</a>)。</li><li>Edge 暂不支持 <code>nomodule</code> (<a href=\"https://developer.microsoft.com/en-us/microsoft-edge/platform/issues/10525830/\" target=\"_blank\" rel=\"external\">issue</a>)。</li><li>Safari 10.1 暂不支持 <code>nomodule</code>，但在最新的技术预览版中已经解决了此问题。对于 10.1 来说，有一个<a href=\"https://gist.github.com/samthor/64b114e4a4f539915a95b91ffd340acc\" target=\"_blank\" rel=\"external\">相当棒的解决方案</a>。</li></ul><h2 id=\"默认延迟执行\"><a href=\"#默认延迟执行\" class=\"headerlink\" title=\"默认延迟执行\"></a>默认延迟执行</h2><figure class=\"highlight html\"><table><tr><td class=\"code\"><pre><div class=\"line\"><span class=\"comment\">&lt;!-- 这个脚本会在… --&gt;</span></div><div class=\"line\"><span class=\"tag\">&lt;<span class=\"name\">script</span> <span class=\"attr\">type</span>=<span class=\"string\">\"module\"</span> <span class=\"attr\">src</span>=<span class=\"string\">\"1.js\"</span>&gt;</span><span class=\"undefined\"></span><span class=\"tag\">&lt;/<span class=\"name\">script</span>&gt;</span></div><div class=\"line\"></div><div class=\"line\"><span class=\"comment\">&lt;!-- …这个脚本之后、… --&gt;</span></div><div class=\"line\"><span class=\"tag\">&lt;<span class=\"name\">script</span> <span class=\"attr\">src</span>=<span class=\"string\">\"2.js\"</span>&gt;</span><span class=\"undefined\"></span><span class=\"tag\">&lt;/<span class=\"name\">script</span>&gt;</span></div><div class=\"line\"></div><div class=\"line\"><span class=\"comment\">&lt;!-- …这个脚本之前执行。 --&gt;</span></div><div class=\"line\"><span class=\"tag\">&lt;<span class=\"name\">script</span> <span class=\"attr\">defer</span> <span class=\"attr\">src</span>=<span class=\"string\">\"3.js\"</span>&gt;</span><span class=\"undefined\"></span><span class=\"tag\">&lt;/<span class=\"name\">script</span>&gt;</span></div></pre></td></tr></table></figure><p><strong><a href=\"https://cdn.rawgit.com/jakearchibald/d6808ea2665f8b3994380160dc2c0bc1/raw/c0a194aa70dda1339c960c6f05b2e16988ee66ac/\" target=\"_blank\" rel=\"external\">Live demo</a></strong>。脚本执行顺序为 <code>2.js</code>, <code>1.js</code>, <code>3.js</code>。</p><p>获取脚本会导致 HTML parser 阻塞，这简直太太太太恶心了。对正常的脚本，我们可以使用 <code>defer</code> 属性来防止阻塞，脚本将延迟至文档解析完毕后执行，同时保持与其他使用 <code>defer</code> 的脚本之间的执行顺序。模块脚本的默认行为与 <code>defer</code> 相同 —— 无法使模块脚本阻塞 HTML parser。</p><p>模块脚本与使用 <code>defer</code> 的正常脚本使用相同的执行队列。</p><h2 id=\"内联脚本同样延迟\"><a href=\"#内联脚本同样延迟\" class=\"headerlink\" title=\"内联脚本同样延迟\"></a>内联脚本同样延迟</h2><figure class=\"highlight html\"><table><tr><td class=\"code\"><pre><div class=\"line\"><span class=\"comment\">&lt;!-- 这个脚本会在… --&gt;</span></div><div class=\"line\"><span class=\"tag\">&lt;<span class=\"name\">script</span> <span class=\"attr\">type</span>=<span class=\"string\">\"module\"</span>&gt;</span><span class=\"undefined\"></span></div><div class=\"line\"><span class=\"javascript\">  addTextToBody(<span class=\"string\">\"Inline module executed\"</span>);</span></div><div class=\"line\"><span class=\"undefined\"></span><span class=\"tag\">&lt;/<span class=\"name\">script</span>&gt;</span></div><div class=\"line\"></div><div class=\"line\"><span class=\"comment\">&lt;!-- …这个脚本… --&gt;</span></div><div class=\"line\"><span class=\"tag\">&lt;<span class=\"name\">script</span> <span class=\"attr\">src</span>=<span class=\"string\">\"1.js\"</span>&gt;</span><span class=\"undefined\"></span><span class=\"tag\">&lt;/<span class=\"name\">script</span>&gt;</span></div><div class=\"line\"></div><div class=\"line\"><span class=\"comment\">&lt;!-- …以及这个脚本之后、… --&gt;</span></div><div class=\"line\"><span class=\"tag\">&lt;<span class=\"name\">script</span> <span class=\"attr\">defer</span>&gt;</span><span class=\"undefined\"></span></div><div class=\"line\"><span class=\"javascript\">  addTextToBody(<span class=\"string\">\"Inline script executed\"</span>);</span></div><div class=\"line\"><span class=\"undefined\"></span><span class=\"tag\">&lt;/<span class=\"name\">script</span>&gt;</span></div><div class=\"line\"></div><div class=\"line\"><span class=\"comment\">&lt;!-- …这个脚本之前执行。 --&gt;</span></div><div class=\"line\"><span class=\"tag\">&lt;<span class=\"name\">script</span> <span class=\"attr\">defer</span> <span class=\"attr\">src</span>=<span class=\"string\">\"2.js\"</span>&gt;</span><span class=\"undefined\"></span><span class=\"tag\">&lt;/<span class=\"name\">script</span>&gt;</span></div></pre></td></tr></table></figure><p><strong><a href=\"https://cdn.rawgit.com/jakearchibald/7026f72c0675898196f7669699e3231e/raw/fc7521aabd9485f30dbd5189b407313cd350cf2b/\" target=\"_blank\" rel=\"external\">Live demo</a></strong>。执行顺序依次为 <code>1.js</code>、内联脚本、内联模块、<code>2.js</code>。</p><p>正常的内联脚本会忽略 <code>defer</code> 属性，而内联模块则总是延迟执行，无论是否引入其他内容。</p><h2 id=\"async-对内联、外部模块同样适用\"><a href=\"#async-对内联、外部模块同样适用\" class=\"headerlink\" title=\"async 对内联、外部模块同样适用\"></a><code>async</code> 对内联、外部模块同样适用</h2><figure class=\"highlight html\"><table><tr><td class=\"code\"><pre><div class=\"line\"><span class=\"comment\">&lt;!-- 脚本将会在其引入的模块加载完成后立即执行 --&gt;</span></div><div class=\"line\"><span class=\"tag\">&lt;<span class=\"name\">script</span> <span class=\"attr\">async</span> <span class=\"attr\">type</span>=<span class=\"string\">\"module\"</span>&gt;</span><span class=\"undefined\"></span></div><div class=\"line\"><span class=\"javascript\">  <span class=\"keyword\">import</span> &#123;addTextToBody&#125; <span class=\"keyword\">from</span> <span class=\"string\">'./utils.js'</span>;</span></div><div class=\"line\"><span class=\"undefined\"></span></div><div class=\"line\"><span class=\"javascript\">  addTextToBody(<span class=\"string\">'Inline module executed.'</span>);</span></div><div class=\"line\"><span class=\"undefined\"></span><span class=\"tag\">&lt;/<span class=\"name\">script</span>&gt;</span></div><div class=\"line\"></div><div class=\"line\"><span class=\"comment\">&lt;!-- 脚本及其引入的模块加载完成后立即执行 --&gt;</span></div><div class=\"line\"><span class=\"tag\">&lt;<span class=\"name\">script</span> <span class=\"attr\">async</span> <span class=\"attr\">type</span>=<span class=\"string\">\"module\"</span> <span class=\"attr\">src</span>=<span class=\"string\">\"1.js\"</span>&gt;</span><span class=\"undefined\"></span><span class=\"tag\">&lt;/<span class=\"name\">script</span>&gt;</span></div></pre></td></tr></table></figure><p><strong><a href=\"https://module-script-tests-rgjnxtrtqq.now.sh/async\" target=\"_blank\" rel=\"external\">Live demo</a></strong>。先完成加载的脚本先执行。</p><p>与正常脚本相同，带有 <code>async</code> 属性的脚本在下载时不会阻塞 HTML parser，一旦加载完毕，立即执行。不同的是，<code>async</code> 对内联模块也同样适用。</p><p>使用 <code>async</code> 时，脚本的执行顺序可能会和它们在 DOM 中出现的顺序不尽相同。</p><h3 id=\"浏览器-issue-1\"><a href=\"#浏览器-issue-1\" class=\"headerlink\" title=\"浏览器 issue\"></a>浏览器 issue</h3><ul><li>Firefox 不支持内联模块使用 <code>async</code>(<a href=\"https://bugzilla.mozilla.org/show_bug.cgi?id=1361369\" target=\"_blank\" rel=\"external\">issue</a>)。</li></ul><h2 id=\"模块只执行一次\"><a href=\"#模块只执行一次\" class=\"headerlink\" title=\"模块只执行一次\"></a>模块只执行一次</h2><figure class=\"highlight html\"><table><tr><td class=\"code\"><pre><div class=\"line\"><span class=\"comment\">&lt;!-- 1.js 只执行一次 --&gt;</span></div><div class=\"line\"><span class=\"tag\">&lt;<span class=\"name\">script</span> <span class=\"attr\">type</span>=<span class=\"string\">\"module\"</span> <span class=\"attr\">src</span>=<span class=\"string\">\"1.js\"</span>&gt;</span><span class=\"undefined\"></span><span class=\"tag\">&lt;/<span class=\"name\">script</span>&gt;</span></div><div class=\"line\"><span class=\"tag\">&lt;<span class=\"name\">script</span> <span class=\"attr\">type</span>=<span class=\"string\">\"module\"</span> <span class=\"attr\">src</span>=<span class=\"string\">\"1.js\"</span>&gt;</span><span class=\"undefined\"></span><span class=\"tag\">&lt;/<span class=\"name\">script</span>&gt;</span></div><div class=\"line\"><span class=\"tag\">&lt;<span class=\"name\">script</span> <span class=\"attr\">type</span>=<span class=\"string\">\"module\"</span>&gt;</span><span class=\"undefined\"></span></div><div class=\"line\"><span class=\"javascript\">  <span class=\"keyword\">import</span> <span class=\"string\">\"./1.js\"</span>;</span></div><div class=\"line\"><span class=\"undefined\"></span><span class=\"tag\">&lt;/<span class=\"name\">script</span>&gt;</span></div><div class=\"line\"></div><div class=\"line\"><span class=\"comment\">&lt;!-- 普通脚本会执行多次 --&gt;</span></div><div class=\"line\"><span class=\"tag\">&lt;<span class=\"name\">script</span> <span class=\"attr\">src</span>=<span class=\"string\">\"2.js\"</span>&gt;</span><span class=\"undefined\"></span><span class=\"tag\">&lt;/<span class=\"name\">script</span>&gt;</span></div><div class=\"line\"><span class=\"tag\">&lt;<span class=\"name\">script</span> <span class=\"attr\">src</span>=<span class=\"string\">\"2.js\"</span>&gt;</span><span class=\"undefined\"></span><span class=\"tag\">&lt;/<span class=\"name\">script</span>&gt;</span></div></pre></td></tr></table></figure><p><strong><a href=\"https://cdn.rawgit.com/jakearchibald/f7f6d37ef1b4d8a4f908f3e80d50f4fe/raw/1fcedde007a2b90049a7ea438781aebe69e22762/\" target=\"_blank\" rel=\"external\">Live demo</a></strong>。</p><p>引入同一个模块多次的时候，模块只会执行一次。这对 HTML 中的模块脚本同样适用 —— 在同一个页面中，URL 相同的模块只会执行一次。</p><h3 id=\"浏览器-issue-2\"><a href=\"#浏览器-issue-2\" class=\"headerlink\" title=\"浏览器 issue\"></a>浏览器 issue</h3><ul><li>Edge 会执行多次 (<a href=\"https://developer.microsoft.com/en-us/microsoft-edge/platform/issues/11865922/\" target=\"_blank\" rel=\"external\">issue</a>)。</li></ul><h2 id=\"总是使用-CORS\"><a href=\"#总是使用-CORS\" class=\"headerlink\" title=\"总是使用 CORS\"></a>总是使用 CORS</h2><figure class=\"highlight html\"><table><tr><td class=\"code\"><pre><div class=\"line\"><span class=\"comment\">&lt;!-- 模块不会执行，因其未通过 CORS 检查 --&gt;</span></div><div class=\"line\"><span class=\"tag\">&lt;<span class=\"name\">script</span> <span class=\"attr\">type</span>=<span class=\"string\">\"module\"</span> <span class=\"attr\">src</span>=<span class=\"string\">\"https://….now.sh/no-cors\"</span>&gt;</span><span class=\"undefined\"></span><span class=\"tag\">&lt;/<span class=\"name\">script</span>&gt;</span></div><div class=\"line\"></div><div class=\"line\"><span class=\"comment\">&lt;!-- 模块不会执行，因其引入的脚本未通过 CORS 检查 --&gt;</span></div><div class=\"line\"><span class=\"tag\">&lt;<span class=\"name\">script</span> <span class=\"attr\">type</span>=<span class=\"string\">\"module\"</span>&gt;</span><span class=\"undefined\"></span></div><div class=\"line\"><span class=\"javascript\">  <span class=\"keyword\">import</span> <span class=\"string\">'https://….now.sh/no-cors'</span>;</span></div><div class=\"line\"><span class=\"undefined\"></span></div><div class=\"line\"><span class=\"javascript\">  addTextToBody(<span class=\"string\">\"This will not execute.\"</span>);</span></div><div class=\"line\"><span class=\"undefined\"></span><span class=\"tag\">&lt;/<span class=\"name\">script</span>&gt;</span></div><div class=\"line\"></div><div class=\"line\"><span class=\"comment\">&lt;!-- CORS 检查通过，模块将会执行 --&gt;</span></div><div class=\"line\"><span class=\"tag\">&lt;<span class=\"name\">script</span> <span class=\"attr\">type</span>=<span class=\"string\">\"module\"</span> <span class=\"attr\">src</span>=<span class=\"string\">\"https://….now.sh/cors\"</span>&gt;</span><span class=\"undefined\"></span><span class=\"tag\">&lt;/<span class=\"name\">script</span>&gt;</span></div></pre></td></tr></table></figure><p><strong><a href=\"https://cdn.rawgit.com/jakearchibald/2b8d4bc7624ca6a2c7f3c35f6e17fe2d/raw/fe04e60b0b7021f261e79b8ef28b0ccd132c1585/\" target=\"_blank\" rel=\"external\">Live demo</a></strong>。</p><p>与正常脚本不同，模块脚本（及其引入的脚本）是通过 CORS 获取的。这意味着，跨域模块脚本必须返回类似 <code>Access-Control-Allow-Origin: *</code> 这样的有效的响应头。</p><h3 id=\"浏览器-issue-3\"><a href=\"#浏览器-issue-3\" class=\"headerlink\" title=\"浏览器 issue\"></a>浏览器 issue</h3><ul><li>Firefox 无法加载 demo 页面(<a href=\"https://bugzilla.mozilla.org/show_bug.cgi?id=1361373\" target=\"_blank\" rel=\"external\">issue</a>)。</li><li>Edge 加载了没有 CORS 响应头的模块(<a href=\"https://developer.microsoft.com/en-us/microsoft-edge/platform/issues/11865934/\" target=\"_blank\" rel=\"external\">issue</a>)。</li></ul><h2 id=\"不携带凭证信息\"><a href=\"#不携带凭证信息\" class=\"headerlink\" title=\"不携带凭证信息\"></a>不携带凭证信息</h2><figure class=\"highlight html\"><table><tr><td class=\"code\"><pre><div class=\"line\"><span class=\"comment\">&lt;!-- 请求脚本时会携带相关凭证 (如 cookie) --&gt;</span></div><div class=\"line\"><span class=\"tag\">&lt;<span class=\"name\">script</span> <span class=\"attr\">src</span>=<span class=\"string\">\"1.js\"</span>&gt;</span><span class=\"undefined\"></span><span class=\"tag\">&lt;/<span class=\"name\">script</span>&gt;</span></div><div class=\"line\"></div><div class=\"line\"><span class=\"comment\">&lt;!-- 不会携带相关凭证 --&gt;</span></div><div class=\"line\"><span class=\"tag\">&lt;<span class=\"name\">script</span> <span class=\"attr\">type</span>=<span class=\"string\">\"module\"</span> <span class=\"attr\">src</span>=<span class=\"string\">\"1.js\"</span>&gt;</span><span class=\"undefined\"></span><span class=\"tag\">&lt;/<span class=\"name\">script</span>&gt;</span></div><div class=\"line\"></div><div class=\"line\"><span class=\"comment\">&lt;!-- 会携带相关凭证 --&gt;</span></div><div class=\"line\"><span class=\"tag\">&lt;<span class=\"name\">script</span> <span class=\"attr\">type</span>=<span class=\"string\">\"module\"</span> <span class=\"attr\">crossorigin</span> <span class=\"attr\">src</span>=<span class=\"string\">\"1.js?\"</span>&gt;</span><span class=\"undefined\"></span><span class=\"tag\">&lt;/<span class=\"name\">script</span>&gt;</span></div><div class=\"line\"></div><div class=\"line\"><span class=\"comment\">&lt;!-- 不会携带相关凭证 --&gt;</span></div><div class=\"line\"><span class=\"tag\">&lt;<span class=\"name\">script</span> <span class=\"attr\">type</span>=<span class=\"string\">\"module\"</span> <span class=\"attr\">crossorigin</span> <span class=\"attr\">src</span>=<span class=\"string\">\"https://other-origin/1.js\"</span>&gt;</span><span class=\"undefined\"></span><span class=\"tag\">&lt;/<span class=\"name\">script</span>&gt;</span></div><div class=\"line\"></div><div class=\"line\"><span class=\"comment\">&lt;!-- 会携带相关凭证--&gt;</span></div><div class=\"line\"><span class=\"tag\">&lt;<span class=\"name\">script</span> <span class=\"attr\">type</span>=<span class=\"string\">\"module\"</span> <span class=\"attr\">crossorigin</span>=<span class=\"string\">\"use-credentials\"</span> <span class=\"attr\">src</span>=<span class=\"string\">\"https://other-origin/1.js?\"</span>&gt;</span><span class=\"undefined\"></span><span class=\"tag\">&lt;/<span class=\"name\">script</span>&gt;</span></div></pre></td></tr></table></figure><p><strong><a href=\"https://module-script-tests-zoelmqooyv.now.sh/cookie-page\" target=\"_blank\" rel=\"external\">Live demo</a></strong>。</p><p>在请求同源的情况下，多数基于 CORS 的 API 都会发送凭证信息（credentials，如 Cookie）。但 <code>fetch()</code> 和模块脚本恰恰例外 —— 除非手动声明，否则是不会发送相关凭证的。</p><p>对于一个同源的模块脚本，可以为其添加 <code>crossorigin</code> 属性（这看起来挺怪的，我已经在规范中提出这个<a href=\"https://github.com/whatwg/html/issues/2557\" target=\"_blank\" rel=\"external\">问题</a>了），这样在请求时就可以携带相关凭证了。如果你还想将凭证发给其他域，请使用 <code>crossorigin=&quot;use-credentials&quot;</code>。需要注意的是，接收凭证的域必须返回 <code>Access-Control-Allow-Credentials: true</code> 的响应头。</p><p>此外，还有一个与“模块只会执行一次”这条规则相关的问题。浏览器是通过 URL 来区别不同模块的，所以如果你先请求了一个模块而不携带任何凭证，紧接着又携带凭证信息去请求该模块，那么第二次得到的依然是不携带凭证的请求所返回的模块。这正是我在上面代码中的 URL 后面加上“?”的原因。</p><h3 id=\"浏览器-issue-4\"><a href=\"#浏览器-issue-4\" class=\"headerlink\" title=\"浏览器 issue\"></a>浏览器 issue</h3><ul><li>请求同源模块时，Chrome 会携带凭证信息(<a href=\"https://bugs.chromium.org/p/chromium/issues/detail?id=717525\" target=\"_blank\" rel=\"external\">issue</a>)。</li><li>即使添加了 <code>crossorigin</code> 属性，Safari 在请求同源脚本时也不会携带凭证信息(<a href=\"https://bugs.webkit.org/show_bug.cgi?id=171550\" target=\"_blank\" rel=\"external\">issue</a>)。</li><li>Edge 则完全弄反了。请求同源模块时，Edge 默认会发送凭证信息，但如果手动添加了 <code>crossorigin</code> 属性，则又不会携带 (<a href=\"https://developer.microsoft.com/en-us/microsoft-edge/platform/issues/11865956/\" target=\"_blank\" rel=\"external\">issue</a>)。</li></ul><p>Firefox 是唯一正确实现这一点的浏览器 —— 好样的！</p><h2 id=\"Mime-types\"><a href=\"#Mime-types\" class=\"headerlink\" title=\"Mime-types\"></a>Mime-types</h2><p>不同于普通脚本，对于通过 module 引入的脚本，服务器必须返回<a href=\"https://html.spec.whatwg.org/multipage/scripting.html#javascript-mime-type\" target=\"_blank\" rel=\"external\">合法的 MIME type</a>，否则脚本将不会执行。</p><p><strong><a href=\"https://module-script-tests-zoelmqooyv.now.sh/mime\" target=\"_blank\" rel=\"external\">Live demo</a></strong>。</p><h3 id=\"浏览器-issue-5\"><a href=\"#浏览器-issue-5\" class=\"headerlink\" title=\"浏览器 issue\"></a>浏览器 issue</h3><ul><li>Edge 仍将执行 MIME type 非法的脚本(<a href=\"https://developer.microsoft.com/en-us/microsoft-edge/platform/issues/11865977/\" target=\"_blank\" rel=\"external\">issue</a>)。</li></ul><hr><p>以上就是我目前所学习到的所有内容。浏览器开始支持 ES6 模块，简直太开心啦~</p>","categories":[],"tags":[{"name":"翻译","path":"api/tags/翻译.json"},{"name":"ES6","path":"api/tags/ES6.json"}]}