{"title":"ArrayBuffer and TypedArray in ES2015","slug":"es2015-arraybuffer","date":"2017-08-10T00:00:00.000Z","updated":"2017-08-10T10:42:08.508Z","comments":true,"path":"api/articles/es2015-arraybuffer.json","excerpt":null,"covers":null,"content":"<p><iframe id=\"ppt\" src=\"https://ppt.baomitu.com/embed/d475f14e?style=dark\" width=\"640\" height=\"420\" scrolling=\"no\" frameborder=\"0\" webkitallowfullscreen=\"\" mozallowfullscreen=\"\" allowfullscreen></iframe></p><script>!function(){function t(){var t=n.clientWidth;i.width=t,i.height=21*t/32}var e=function(t){return document.querySelector(t)},n=e(\".post-block\"),i=e(\"#ppt\");t(),window.addEventListener(\"resize\",t)}();</script>","categories":[],"tags":[{"name":"原创","path":"api/tags/原创.json"},{"name":"ES2015","path":"api/tags/ES2015.json"},{"name":"Reflect","path":"api/tags/Reflect.json"},{"name":"Proxy","path":"api/tags/Proxy.json"}]}