{"title":"快来上钩哈哈哈","slug":"fishing-for-spider","date":"2016-11-13T00:00:00.000Z","updated":"2017-08-10T10:42:08.508Z","comments":true,"path":"api/articles/fishing-for-spider.json","excerpt":null,"covers":["https://ogjija9ft.qnssl.com/placeholder.png"],"content":"<p>最近遇到一点问题。</p><p>可以注意到，我的博客是添加过版权声明的。其实吧，版权这些事情对我这种无名小卒来说，无阻挂齿。文章被人看到，已经很满足了，万一有人分享一下或者点个赞、打赏一下，那更是受宠若惊了。所以呢，我自己的文章，在我变成大神之前，你们这些网站，说真的，爱咋用咋用。</p><p>可是呢，偏偏我又是个过了六级的，平常没事也翻译点文章，翻译文章这种事情，其实蛮有趣的，在翻译中学习，觉得比每天随便翻翻要好得多。</p><p>有时候，自己觉得文章还不错的，就会分享到社区。然而，这时候就出现问题了。</p><p>我的翻译当然不值钱了。但毕竟是别人的东西啊，所以肯定得声明原文咯。每篇都申请原作者的同意，也不是很现实，虽然我确实试过。大神们都很热情，基本上都表示，只要你声明原文的来源即可。有些作者还特高兴（作为程序员，换成谁谁都高兴吧）。</p><p>所以，声明来源这种事情，说重要也重要，说不重要也不重要。基本的礼貌还是要有的。</p><p>有那么一些社区，比如 SF、推酷，还有稀土掘金，基本上会对文章进行缓存或者抓取。但每次总觉得情况不对，我的原作者声明呢？</p><p>为了探明声明没有被抓到的原因，今天修改了数次代码。还发了两篇钓鱼的文章。终于成功了（推酷上成功了，SF 和掘金暂时没测试，为了表示不爽，我决定暂时不在这俩上面分享内容）。</p><p>诀窍就是一点，用 <code>p</code> 标签。别用 <code>blockquote、div</code>（惨痛）。将内容写在 <code>p</code> 标签内，用 <code>br</code> 换行。样式的话，用 CSS <code>first-child</code> <code>nth-of-child</code> 等选择器控制。</p><p>神坑。</p><p>嗯，这就是之前那篇钓鱼文。成功了。</p><p><img src=\"https://ogjija9ft.qnssl.com/placeholder.png\" data-orig=\"https://ogjija9ft.qnssl.com/tuicool.jpg\" alt=\"\"></p>","categories":[],"tags":[{"name":"原创","path":"api/tags/原创.json"}]}