{"title":"Font-Display 的使用","slug":"font-display","date":"2017-08-04T23:13:53.000Z","updated":"2017-08-10T10:42:08.508Z","comments":true,"path":"api/articles/font-display.json","excerpt":null,"covers":null,"content":"<p>进行性能优化时，决定 Web Font 的加载行为是一项技术活。<code>@font-face</code>规则中新增了一个<code>font-display</code>声明，开发者可以根据 Web Font 的加载时间来决定如何渲染或降级处理。</p><h2 id=\"字体渲染差异\"><a href=\"#字体渲染差异\" class=\"headerlink\" title=\"字体渲染差异\"></a>字体渲染差异</h2><p>有了 Web Font，开发者可以在项目中加入丰富的排版功能。但需要权衡的是，下载字体会耗费一些时间。而下载时间难免会受到网络状况的影响，继而干扰用户体验。说实话，如果连页面展示都费劲，谁还会在乎你用多炫的字体呢。</p><p>字体下载可能比较慢，为了减轻风险，大多数浏览器都采用了超时处理。一旦超时，就使用后备字体。理想很美好，现实很无奈，浏览器在实现上各有自己的一套。</p><table><thead><tr><th style=\"text-align:left\">Browser</th><th style=\"text-align:left\">Timeout</th><th style=\"text-align:left\">Fallback</th><th style=\"text-align:left\">Swap</th></tr></thead><tbody><tr><td style=\"text-align:left\"><strong>Chrome 35+</strong></td><td style=\"text-align:left\">3 seconds</td><td style=\"text-align:left\">Yes</td><td style=\"text-align:left\">Yes</td></tr><tr><td style=\"text-align:left\"><strong>Opera</strong></td><td style=\"text-align:left\">3 seconds</td><td style=\"text-align:left\">Yes</td><td style=\"text-align:left\">Yes</td></tr><tr><td style=\"text-align:left\"><strong>Firefox</strong></td><td style=\"text-align:left\">3 seconds</td><td style=\"text-align:left\">Yes</td><td style=\"text-align:left\">Yes</td></tr><tr><td style=\"text-align:left\"><strong>Internet Explorer</strong></td><td style=\"text-align:left\">0 seconds</td><td style=\"text-align:left\">Yes</td><td style=\"text-align:left\">Yes</td></tr><tr><td style=\"text-align:left\"><strong>Safari</strong></td><td style=\"text-align:left\">No timeout</td><td style=\"text-align:left\">N/A</td><td style=\"text-align:left\">N/A</td></tr></tbody></table><ul><li><p>Chrome 和 Firefox 超时时间为 3 秒，超时后使用后备字体。若字体最终勉强加载成功，它将替换后备字体，重新渲染文本。</p></li><li><p>IE 浏览器超时时间为 0 秒，也就是说，会立即渲染文本。若所请求的字体尚不可用，则使用后备字体。一旦请求字体可用，将重新渲染文本。</p></li><li><p>Safari 没有超时行为（或者说，至少在基准网络超时之前什么也没干）。</p></li></ul><p>更糟糕的是，这些规则对应用造成的影响，在很大程度上不受开发者控制。关注性能的开发者也许更乐意使用后备字体，使网页内容更快地展现，当更美观的 Web Font 下载完成后再加以使用。使用 Font Loading API 之类的工具，可以覆盖浏览器的某些默认行为，提升性能。但这将引入额外的 JavaScript 代码 —— 要么把代码内联到页面中；要么请求外部文件，而这可能带来额外的 HTTP 延时。</p><p>CSS 工作组为此提出了新方案：为<code>@font-face</code>增加新的<code>font-display</code>声明，用于控制字体下载完成之前的渲染行为。</p><h2 id=\"字体下载时间轴\"><a href=\"#字体下载时间轴\" class=\"headerlink\" title=\"字体下载时间轴\"></a>字体下载时间轴</h2><p>与一些浏览器目前使用的字体超时行为类似，<code>font-display</code>将字体下载过程划分为三个阶段。</p><ol><li><p>首先是字体阻塞阶段（font block period）。在此期间，如果字体未完成加载，则尝试使用它的任何元素必须以不可见的后备字体形式呈现；否则正常使用该字体。</p></li><li><p>紧接着字体阻塞阶段的是字体交换阶段（font swap period）。在此期间，如果字体未完成加载，则尝试使用它的任何元素必须使用后备字体进行渲染；否则正常使用该字体。</p></li><li><p>紧接着是字体故障阶段（font failure period）。此时若字体未完成加载，则将其标记为下载失败，并使用常规后备字体；否则正常使用该字体。</p></li></ol><p>理解以上三个阶段，根据字体是否下载成功、何时下载完成等情况，就可以可以使用<code>font-display</code>来决定如何渲染字体了。</p><h2 id=\"使用哪种-font-display-值？\"><a href=\"#使用哪种-font-display-值？\" class=\"headerlink\" title=\"使用哪种 font-display 值？\"></a>使用哪种 font-display 值？</h2><p>要使用<code>font-display</code>，请在<code>@font-face</code>规则中添加代码：</p><figure class=\"highlight css\"><table><tr><td class=\"code\"><pre><div class=\"line\">@<span class=\"keyword\">font-face</span> &#123;</div><div class=\"line\">  <span class=\"attribute\">font-family</span>:  <span class=\"string\">'Arvo'</span>;</div><div class=\"line\">  <span class=\"attribute\">font-display</span>:  auto;</div><div class=\"line\">  <span class=\"attribute\">src</span>:  <span class=\"built_in\">local</span>(<span class=\"string\">'Arvo'</span>), <span class=\"built_in\">url</span>(https://fonts.gstatic.com/s/arvo/v9/rC7kKhY-eUDY-ucISTIf5PesZW2xOQ-xsNqO47m55DA.woff2) <span class=\"built_in\">format</span>(<span class=\"string\">'woff2'</span>);</div><div class=\"line\">&#125;</div></pre></td></tr></table></figure><p>目前，<code>font-display</code>支持<code>auto | block | swap | fallback | optional</code>五种值。</p><h3 id=\"auto\"><a href=\"#auto\" class=\"headerlink\" title=\"auto\"></a>auto</h3><p><code>auto</code>使用的字体展示策略与浏览器一致。当前，大多数浏览器使用的默认策略类似<code>block</code>。</p><h3 id=\"block\"><a href=\"#block\" class=\"headerlink\" title=\"block\"></a>block</h3><p><code>block</code>给予字体一个较短的阻塞时间（大多数情况下推荐使用 3s）和无限大的交换时间。换言之，如果字体未加载完成，浏览器将首先绘制“隐形”文本；一旦字体加载完成，立即切换字体。为此，浏览器将创建一个匿名字体，其类型与所选字体相似，但所有字形都不含“墨水”。使用特定字体渲染文本之后页面方才可用，只有这种情况下才应该使用 <code>block</code>。</p><h3 id=\"swap\"><a href=\"#swap\" class=\"headerlink\" title=\"swap\"></a>swap</h3><p>使用 <code>swap</code>，则阻塞阶段时间为 0，交换阶段时间无限大。也就是说，如果字体没有完成加载，浏览器会立即绘制文字，一旦字体加载成功，立即切换字体。与 <code>block</code> 类似，如果使用特定字体渲染文本对页面很重要，且使用其他字体渲染仍将显示正确的信息，才应使用 <code>swap</code>。Logo 文字就很适合使用 <code>swap</code>，因为以合理的后备字体显示公司名称仍将正确传递信息，而且最终会以官方字体的样式展现。</p><h3 id=\"fallback\"><a href=\"#fallback\" class=\"headerlink\" title=\"fallback\"></a>fallback</h3><p>使用 <code>fallback</code>时，阻塞阶段时间将非常小（多数情况下推荐小于 100ms），交换阶段也比较短（多数情况下建议使用 3 秒钟）。换言之，如果字体没有加载，则首先会使用后备字体渲染。一旦加载成功，就会切换字体。但如果等待时间过久，则页面将一直使用后备字体。如果希望用户尽快开始阅读，而且不因新字体的载入导致文本样式发生变动而干扰用户体验，<code>fallback</code> 是一个很好的选择。举个例子，正文文本就符合这个条件。</p><h3 id=\"optional\"><a href=\"#optional\" class=\"headerlink\" title=\"optional\"></a>optional</h3><p>使用 optional 时，阻塞阶段时间会非常小（多数情况下建议低于 100ms），交换阶段时间为 0。与 <code>fallback</code> 类似，如果字体能够为页面效果增色不少，但并非特别重要时，使用 <code>optional</code> 正好。使用 <code>optional</code> 时，将由浏览器来决定是否开始下载字体。可以不下载，也可以给予字体较低的优先级，一切取决于浏览器是否认为对用户最有利。当用户处于弱网络下，这是非常有用的，下载字体可能并非对资源最好的利用。</p><h2 id=\"浏览器支持\"><a href=\"#浏览器支持\" class=\"headerlink\" title=\"浏览器支持\"></a>浏览器支持</h2><p>启用 Chrome 49 桌面版、Opera 或 Opera for Android的 “Experimental Web Platform Features flag” 后可以使用 <code>font-display</code>。（译者注：该文发表于 2016 年。根据译者 2017 年 8 月 4 日访问<a href=\"http://caniuse.com/#search=font-display\" target=\"_blank\" rel=\"external\">caniuse</a>获取的信息，Chrome 60 正式引入 <code>font-display</code>。）</p><h2 id=\"Demo\"><a href=\"#Demo\" class=\"headerlink\" title=\"Demo\"></a>Demo</h2><p>点击<a href=\"https://jsbin.com/nigahi/latest/edit?html,output\" target=\"_blank\" rel=\"external\">链接</a>可以查看<code>font-display</code>的效果。对关注性能的开发者来说，<code>font-display</code> 可是相当有用的工具啊！</p>","categories":[],"tags":[{"name":"翻译","path":"api/tags/翻译.json"},{"name":"CSS","path":"api/tags/CSS.json"},{"name":"性能","path":"api/tags/性能.json"}]}