{"title":"关于前端常见算法面试题的一些思考","slug":"front-end-interview-algo-questions","date":"2016-10-26T00:00:00.000Z","updated":"2017-08-10T10:42:08.508Z","comments":true,"path":"api/articles/front-end-interview-algo-questions.json","excerpt":null,"covers":null,"content":"<p>今天上班时间，读了 <a href=\"http://www.jackpu.com/\" target=\"_blank\" rel=\"external\">@JackPu</a> 的新文章<a href=\"http://www.jackpu.com/qian-duan-mian-shi-zhong-de-chang-jian-de-suan-fa-wen-ti/\" target=\"_blank\" rel=\"external\">《前端面试中的常见的算法问题》</a>。内容虽然看起挺基础，但可以有不少思考，同时也是一次挺好的复习。</p><p>其中，有几个问题，想出了一些不同的解决办法，做了下笔记，并且进行了简单的性能测试。关于排序，这次没有深看。接下来有空时，再研究一番。</p><h2 id=\"判断回文-Palindromic-Words\"><a href=\"#判断回文-Palindromic-Words\" class=\"headerlink\" title=\"判断回文(Palindromic Words)\"></a>判断回文(Palindromic Words)</h2><p>结果是，使用循环来判断，性能远高于数组方法。接下来，在其他一些例子中也能看到，借用数组方法，往往很耗性能。</p><figure class=\"highlight javascript\"><table><tr><td class=\"code\"><pre><div class=\"line\"></div><div class=\"line\"><span class=\"comment\">// Array methods</span></div><div class=\"line\"><span class=\"keyword\">const</span> isPalindromicA = <span class=\"function\"><span class=\"params\">w</span> =&gt;</span> w === w.split(<span class=\"string\">''</span>).reverse().join(<span class=\"string\">''</span>);</div><div class=\"line\"></div><div class=\"line\"><span class=\"comment\">// while loop</span></div><div class=\"line\"><span class=\"keyword\">const</span> isPalindromicB = <span class=\"function\">(<span class=\"params\">w</span>) =&gt;</span> &#123;</div><div class=\"line\">    </div><div class=\"line\">    <span class=\"keyword\">let</span> len = w.length;</div><div class=\"line\">    <span class=\"comment\">// 感谢 @拉比克魔王 的指点</span></div><div class=\"line\">    <span class=\"keyword\">let</span> start = <span class=\"built_in\">Math</span>.ceil(len / <span class=\"number\">2</span>);</div><div class=\"line\">    <span class=\"keyword\">while</span> (start &lt; len) &#123;</div><div class=\"line\">      <span class=\"keyword\">if</span> (w[start] !== w[len - start - <span class=\"number\">1</span>]) &#123;</div><div class=\"line\">            <span class=\"keyword\">return</span> <span class=\"literal\">false</span>;</div><div class=\"line\">       &#125;</div><div class=\"line\">       start++;</div><div class=\"line\">    &#125;</div><div class=\"line\">    <span class=\"keyword\">return</span> <span class=\"literal\">true</span>;</div><div class=\"line\">&#125;;</div><div class=\"line\"></div><div class=\"line\"><span class=\"comment\">// -------------------------------------------------</span></div><div class=\"line\"><span class=\"comment\">// perf test</span></div><div class=\"line\"><span class=\"comment\">// first let's generate a fake word with, say 20 chars</span></div><div class=\"line\"><span class=\"keyword\">var</span> word = (<span class=\"function\"><span class=\"keyword\">function</span> (<span class=\"params\"></span>) </span>&#123;</div><div class=\"line\">    <span class=\"keyword\">var</span> len = <span class=\"number\">20</span>;</div><div class=\"line\">    <span class=\"keyword\">var</span> arr = [];</div><div class=\"line\">    <span class=\"keyword\">while</span> (len--) &#123;</div><div class=\"line\">        arr.push(<span class=\"number\">97</span> + ((<span class=\"built_in\">Math</span>.random()* <span class=\"number\">26</span>) | <span class=\"number\">0</span>));</div><div class=\"line\">    &#125;</div><div class=\"line\">    <span class=\"keyword\">return</span> <span class=\"built_in\">String</span>.fromCharCode.apply(<span class=\"built_in\">String</span>, arr);</div><div class=\"line\">&#125;)();</div><div class=\"line\"></div><div class=\"line\"><span class=\"comment\">// times</span></div><div class=\"line\"><span class=\"keyword\">var</span> t = <span class=\"number\">2e4</span>;</div><div class=\"line\"><span class=\"keyword\">var</span> i = <span class=\"number\">0</span>;</div><div class=\"line\"></div><div class=\"line\"><span class=\"built_in\">console</span>.time(<span class=\"string\">'Array method'</span>);</div><div class=\"line\"><span class=\"keyword\">while</span> (i &lt; t) &#123;</div><div class=\"line\">    isPalindromicA(word);</div><div class=\"line\">    i++;</div><div class=\"line\">&#125;</div><div class=\"line\"><span class=\"built_in\">console</span>.timeEnd(<span class=\"string\">'Array method'</span>);</div><div class=\"line\"></div><div class=\"line\">i = <span class=\"number\">0</span>;</div><div class=\"line\"><span class=\"built_in\">console</span>.time(<span class=\"string\">'Loop'</span>);</div><div class=\"line\"><span class=\"keyword\">while</span> (i &lt; t) &#123;</div><div class=\"line\">    isPalindromicB(word);</div><div class=\"line\">    i++;</div><div class=\"line\">&#125;</div><div class=\"line\"><span class=\"built_in\">console</span>.timeEnd(<span class=\"string\">'Loop'</span>);</div></pre></td></tr></table></figure><h2 id=\"数组去重\"><a href=\"#数组去重\" class=\"headerlink\" title=\"数组去重\"></a>数组去重</h2><p>ES 5 方法性能更好，高一倍以上。不过笔试、面试时，附上 <code>Set</code> 的办法，肯定会更好。</p><figure class=\"highlight javascript\"><table><tr><td class=\"code\"><pre><div class=\"line\"></div><div class=\"line\"><span class=\"comment\">// ES 5</span></div><div class=\"line\"><span class=\"keyword\">const</span> uniqueES5 = <span class=\"function\">(<span class=\"params\">arr</span>) =&gt;</span> &#123;</div><div class=\"line\">    <span class=\"keyword\">var</span> cache = &#123;&#125;;</div><div class=\"line\">    <span class=\"keyword\">return</span> arr.filter(<span class=\"function\">(<span class=\"params\">item</span>) =&gt;</span> &#123;</div><div class=\"line\">        <span class=\"keyword\">return</span> cache[item] ? <span class=\"literal\">false</span> : (cache[item] = <span class=\"literal\">true</span>);</div><div class=\"line\">    &#125;);</div><div class=\"line\">&#125;;</div><div class=\"line\"></div><div class=\"line\"><span class=\"comment\">// ES6 method</span></div><div class=\"line\"><span class=\"comment\">// 为啥用了 Array.from 呢，保持类型一致啊</span></div><div class=\"line\"><span class=\"keyword\">const</span> uniqueES6 = <span class=\"function\">(<span class=\"params\">arr</span>) =&gt;</span> <span class=\"built_in\">Array</span>.from(<span class=\"keyword\">new</span> <span class=\"built_in\">Set</span>(arr));</div><div class=\"line\"></div><div class=\"line\"></div><div class=\"line\"><span class=\"comment\">// -------------------------------------------------</span></div><div class=\"line\"><span class=\"comment\">// perf test</span></div><div class=\"line\"></div><div class=\"line\"><span class=\"comment\">// times</span></div><div class=\"line\"><span class=\"keyword\">var</span> t = <span class=\"number\">2e4</span>;</div><div class=\"line\"><span class=\"keyword\">var</span> i;</div><div class=\"line\"><span class=\"keyword\">var</span> array = [<span class=\"number\">1</span>, <span class=\"number\">2</span>, <span class=\"number\">3</span>, <span class=\"number\">3</span>, <span class=\"number\">2</span>, <span class=\"number\">4</span>, <span class=\"number\">5</span>, <span class=\"number\">4</span>];</div><div class=\"line\"></div><div class=\"line\">i = <span class=\"number\">0</span>;</div><div class=\"line\"><span class=\"built_in\">console</span>.time(<span class=\"string\">'ES5 filter + cache'</span>);</div><div class=\"line\"><span class=\"keyword\">while</span> (i &lt; t) &#123;</div><div class=\"line\">    uniqueES5(array);</div><div class=\"line\">    i++;</div><div class=\"line\">&#125;</div><div class=\"line\"><span class=\"built_in\">console</span>.timeEnd(<span class=\"string\">'ES5 filter + cache'</span>);</div><div class=\"line\"></div><div class=\"line\">i = <span class=\"number\">0</span>;</div><div class=\"line\"><span class=\"built_in\">console</span>.time(<span class=\"string\">'ES6 Set'</span>);</div><div class=\"line\"><span class=\"keyword\">while</span> (i &lt; t) &#123;</div><div class=\"line\">    uniqueES6(array);</div><div class=\"line\">    i++;</div><div class=\"line\">&#125;</div><div class=\"line\"><span class=\"built_in\">console</span>.timeEnd(<span class=\"string\">'ES6 Set'</span>);</div></pre></td></tr></table></figure><h2 id=\"统计一个字符串出现最多的字母\"><a href=\"#统计一个字符串出现最多的字母\" class=\"headerlink\" title=\"统计一个字符串出现最多的字母\"></a>统计一个字符串出现最多的字母</h2><p>正则表达式的办法，临时想起来的，运行起来还是要慢，至少慢了一半。所以有时候还是要老老实实写代码，奇淫巧技少用。</p><figure class=\"highlight javascript\"><table><tr><td class=\"code\"><pre><div class=\"line\"></div><div class=\"line\"><span class=\"comment\">// 黑科技</span></div><div class=\"line\"><span class=\"keyword\">const</span> findMaxDuplicateCharRegex = <span class=\"function\">(<span class=\"params\">chars</span>) =&gt;</span> &#123;</div><div class=\"line\">    <span class=\"comment\">// 先对字符进行排序</span></div><div class=\"line\">    chars = chars.split(<span class=\"string\">''</span>).sort().join(<span class=\"string\">''</span>);</div><div class=\"line\">    <span class=\"comment\">// 获取相同字符序列</span></div><div class=\"line\">    <span class=\"keyword\">let</span> regex = <span class=\"regexp\">/(.)(\\1)+/g</span>;</div><div class=\"line\"></div><div class=\"line\">    <span class=\"keyword\">let</span> temp = <span class=\"literal\">null</span>;</div><div class=\"line\">    <span class=\"keyword\">let</span> max = <span class=\"number\">0</span>;</div><div class=\"line\">    <span class=\"keyword\">let</span> char = <span class=\"string\">''</span>;</div><div class=\"line\"></div><div class=\"line\">    <span class=\"keyword\">while</span> (temp = regex.exec(chars)) &#123;</div><div class=\"line\">        <span class=\"keyword\">if</span> (temp[<span class=\"number\">0</span>].length &gt; max) &#123;</div><div class=\"line\">            char = temp[<span class=\"number\">1</span>];</div><div class=\"line\">            max = temp[<span class=\"number\">0</span>].length;</div><div class=\"line\">        &#125;</div><div class=\"line\">    &#125;</div><div class=\"line\">    <span class=\"keyword\">return</span> char;</div><div class=\"line\">&#125;;</div><div class=\"line\"></div><div class=\"line\"><span class=\"comment\">// see http://www.jackpu.com/qian-duan-mian-shi-zhong-de-chang-jian-de-suan-fa-wen-ti/</span></div><div class=\"line\"><span class=\"keyword\">var</span> findMaxDuplicateCharNormal = <span class=\"function\"><span class=\"keyword\">function</span>(<span class=\"params\">str</span>) </span>&#123;</div><div class=\"line\">    <span class=\"keyword\">if</span> (str.length == <span class=\"number\">1</span>) &#123;</div><div class=\"line\">        <span class=\"keyword\">return</span> str;</div><div class=\"line\">    &#125;</div><div class=\"line\">    <span class=\"keyword\">let</span> charObj = &#123;&#125;;</div><div class=\"line\">    <span class=\"keyword\">for</span> (<span class=\"keyword\">let</span> i = <span class=\"number\">0</span>; i &lt; str.length; i++) &#123;</div><div class=\"line\">        <span class=\"keyword\">if</span> (!charObj[str.charAt(i)]) &#123;</div><div class=\"line\">            charObj[str.charAt(i)] = <span class=\"number\">1</span>;</div><div class=\"line\">        &#125; <span class=\"keyword\">else</span> &#123;</div><div class=\"line\">            charObj[str.charAt(i)] += <span class=\"number\">1</span>;</div><div class=\"line\">        &#125;</div><div class=\"line\">    &#125;</div><div class=\"line\">    <span class=\"keyword\">let</span> maxChar = <span class=\"string\">''</span>,</div><div class=\"line\">        maxValue = <span class=\"number\">1</span>;</div><div class=\"line\">    <span class=\"keyword\">for</span> (<span class=\"keyword\">var</span> k <span class=\"keyword\">in</span> charObj) &#123;</div><div class=\"line\">        <span class=\"keyword\">if</span> (charObj[k] &gt;= maxValue) &#123;</div><div class=\"line\">            maxChar = k;</div><div class=\"line\">            maxValue = charObj[k];</div><div class=\"line\">        &#125;</div><div class=\"line\">    &#125;</div><div class=\"line\">    <span class=\"keyword\">return</span> maxChar;</div><div class=\"line\">&#125;;</div><div class=\"line\"></div><div class=\"line\"></div><div class=\"line\"><span class=\"comment\">// -------------------------------------------------</span></div><div class=\"line\"><span class=\"comment\">// perf test</span></div><div class=\"line\"></div><div class=\"line\"><span class=\"comment\">// first let's generate a random string with 30 chars</span></div><div class=\"line\"><span class=\"keyword\">var</span> chars = (<span class=\"function\"><span class=\"keyword\">function</span> (<span class=\"params\"></span>) </span>&#123;</div><div class=\"line\">    <span class=\"keyword\">var</span> len = <span class=\"number\">30</span>;</div><div class=\"line\">    <span class=\"keyword\">var</span> arr = [];</div><div class=\"line\">    <span class=\"keyword\">while</span> (len--) &#123;</div><div class=\"line\">        arr.push(<span class=\"number\">97</span> + ((<span class=\"built_in\">Math</span>.random()* <span class=\"number\">26</span>) | <span class=\"number\">0</span>));</div><div class=\"line\">    &#125;</div><div class=\"line\">    <span class=\"keyword\">return</span> <span class=\"built_in\">String</span>.fromCharCode.apply(<span class=\"built_in\">String</span>, arr);</div><div class=\"line\">&#125;)();</div><div class=\"line\"></div><div class=\"line\"><span class=\"comment\">// times</span></div><div class=\"line\"><span class=\"keyword\">var</span> t = <span class=\"number\">2e4</span>;</div><div class=\"line\"><span class=\"keyword\">var</span> i;</div><div class=\"line\"></div><div class=\"line\">i = <span class=\"number\">0</span>;</div><div class=\"line\"><span class=\"built_in\">console</span>.time(<span class=\"string\">'正常方法'</span>);</div><div class=\"line\"><span class=\"keyword\">while</span> (i &lt; t) &#123;</div><div class=\"line\">    findMaxDuplicateCharNormal(chars);</div><div class=\"line\">    i++;</div><div class=\"line\">&#125;</div><div class=\"line\"><span class=\"built_in\">console</span>.timeEnd(<span class=\"string\">'正常方法'</span>);</div><div class=\"line\"></div><div class=\"line\">i = <span class=\"number\">0</span>;</div><div class=\"line\"><span class=\"built_in\">console</span>.time(<span class=\"string\">'正则方法'</span>);</div><div class=\"line\"><span class=\"keyword\">while</span> (i &lt; t) &#123;</div><div class=\"line\">    findMaxDuplicateCharRegex(chars);</div><div class=\"line\">    i++;</div><div class=\"line\">&#125;</div><div class=\"line\"><span class=\"built_in\">console</span>.timeEnd(<span class=\"string\">'正则方法'</span>);</div></pre></td></tr></table></figure><h2 id=\"不借助临时变量，进行两个整数的交换\"><a href=\"#不借助临时变量，进行两个整数的交换\" class=\"headerlink\" title=\"不借助临时变量，进行两个整数的交换\"></a>不借助临时变量，进行两个整数的交换</h2><p>三种方式均可。没有做性能测试。</p><figure class=\"highlight javascript\"><table><tr><td class=\"code\"><pre><div class=\"line\"></div><div class=\"line\"><span class=\"keyword\">let</span> a = <span class=\"number\">1</span>;</div><div class=\"line\"><span class=\"keyword\">let</span> b = <span class=\"number\">2</span>;</div><div class=\"line\"></div><div class=\"line\"><span class=\"comment\">// ES 6</span></div><div class=\"line\">[a, b] = [b, a];</div><div class=\"line\"></div><div class=\"line\"><span class=\"comment\">// 加减法</span></div><div class=\"line\">a = a - b;</div><div class=\"line\">b = b + a;</div><div class=\"line\">a = b - a;</div><div class=\"line\"></div><div class=\"line\"><span class=\"comment\">// 异或</span></div><div class=\"line\">a = a ^ b;</div><div class=\"line\">b = a ^ b;</div><div class=\"line\">a = b ^ a;</div></pre></td></tr></table></figure><h2 id=\"斐波那契数列\"><a href=\"#斐波那契数列\" class=\"headerlink\" title=\"斐波那契数列\"></a>斐波那契数列</h2><p>联想到了三种方式：动态规划；<a href=\"http://es6.ruanyifeng.com/#docs/function#尾递归\" target=\"_blank\" rel=\"external\">尾递归</a>；generator（算不上一个解决方案，只是临时想到的）。</p><p>上述三种方式中，动态规划最快，计算 fib(1000) 20000 次耗时 170 ms；尾递归耗时 200 ms 左右，generator 耗时 2800 ms 左右。</p><figure class=\"highlight javascript\"><table><tr><td class=\"code\"><pre><div class=\"line\"></div><div class=\"line\"><span class=\"comment\">// 动态规划</span></div><div class=\"line\"><span class=\"keyword\">const</span> fibonacciDynamic = <span class=\"function\"><span class=\"keyword\">function</span> (<span class=\"params\">n</span>) </span>&#123;</div><div class=\"line\">    <span class=\"keyword\">let</span> array = [<span class=\"number\">0</span>, <span class=\"number\">1</span>];</div><div class=\"line\"></div><div class=\"line\">    <span class=\"keyword\">for</span>(<span class=\"keyword\">let</span> i = <span class=\"number\">2</span>; i &lt; n + <span class=\"number\">1</span>; i++)&#123;</div><div class=\"line\">        array[i] = array[i - <span class=\"number\">1</span>] + array[i - <span class=\"number\">2</span>];</div><div class=\"line\">    &#125;</div><div class=\"line\"></div><div class=\"line\">    <span class=\"keyword\">return</span> array[n];</div><div class=\"line\">&#125;;</div><div class=\"line\"></div><div class=\"line\"><span class=\"comment\">// 尾递归</span></div><div class=\"line\"><span class=\"keyword\">const</span> fibonacciTailCall = <span class=\"function\"><span class=\"keyword\">function</span> (<span class=\"params\">n , ac1 = <span class=\"number\">1</span> , ac2 = <span class=\"number\">1</span></span>) </span>&#123;</div><div class=\"line\">    <span class=\"keyword\">if</span>( n &lt;= <span class=\"number\">1</span> ) &#123;</div><div class=\"line\">        <span class=\"keyword\">return</span> ac2</div><div class=\"line\">    &#125;</div><div class=\"line\">    <span class=\"keyword\">return</span> fibonacciTailCall(n - <span class=\"number\">1</span>, ac2, ac1 + ac2);</div><div class=\"line\">&#125;;</div><div class=\"line\"></div><div class=\"line\"><span class=\"comment\">// generator</span></div><div class=\"line\"><span class=\"keyword\">const</span> fibonacciGenerator = (<span class=\"function\"><span class=\"keyword\">function</span> (<span class=\"params\"></span>) </span>&#123;</div><div class=\"line\">    <span class=\"function\"><span class=\"keyword\">function</span> *<span class=\"title\">fib</span>(<span class=\"params\"></span>) </span>&#123;</div><div class=\"line\">        <span class=\"keyword\">let</span> a = <span class=\"number\">0</span>, b = <span class=\"number\">1</span>, sum = <span class=\"number\">0</span>;</div><div class=\"line\"></div><div class=\"line\">        <span class=\"keyword\">while</span> (<span class=\"literal\">true</span>) &#123;</div><div class=\"line\">            sum = a + b;</div><div class=\"line\">            b = a;</div><div class=\"line\">            a = sum;</div><div class=\"line\">            <span class=\"keyword\">yield</span> sum;</div><div class=\"line\">        &#125;</div><div class=\"line\">    &#125;</div><div class=\"line\">    </div><div class=\"line\">    <span class=\"keyword\">return</span> <span class=\"function\"><span class=\"keyword\">function</span> (<span class=\"params\">n</span>) </span>&#123;</div><div class=\"line\">        <span class=\"keyword\">var</span> iterator = fib();</div><div class=\"line\">        <span class=\"keyword\">let</span> result = <span class=\"number\">0</span>;</div><div class=\"line\"></div><div class=\"line\">        <span class=\"keyword\">while</span> (n--) &#123;</div><div class=\"line\">            result = iterator.next();</div><div class=\"line\">        &#125;</div><div class=\"line\">        <span class=\"keyword\">return</span> result.value;</div><div class=\"line\">    &#125;;</div><div class=\"line\">&#125;());</div><div class=\"line\"></div><div class=\"line\"></div><div class=\"line\"><span class=\"comment\">// -------------------------------------------------</span></div><div class=\"line\"><span class=\"comment\">// perf test</span></div><div class=\"line\"><span class=\"comment\">// calculate fib(1000) 20000 times</span></div><div class=\"line\"></div><div class=\"line\"><span class=\"keyword\">var</span> t = <span class=\"number\">2e4</span>;</div><div class=\"line\"><span class=\"keyword\">var</span> n = <span class=\"number\">1000</span>;</div><div class=\"line\"><span class=\"keyword\">var</span> i;</div><div class=\"line\"></div><div class=\"line\">i = <span class=\"number\">0</span>;</div><div class=\"line\"><span class=\"built_in\">console</span>.time(<span class=\"string\">'动态规划'</span>);</div><div class=\"line\"><span class=\"keyword\">while</span> (i &lt; t) &#123;</div><div class=\"line\">    fibonacciDynamic(n);</div><div class=\"line\">    i++;</div><div class=\"line\">&#125;</div><div class=\"line\"><span class=\"built_in\">console</span>.timeEnd(<span class=\"string\">'动态规划'</span>);</div><div class=\"line\"></div><div class=\"line\"></div><div class=\"line\">i = <span class=\"number\">0</span>;</div><div class=\"line\"><span class=\"built_in\">console</span>.time(<span class=\"string\">'尾递归'</span>);</div><div class=\"line\"><span class=\"keyword\">while</span> (i &lt; t) &#123;</div><div class=\"line\">    fibonacciTailCall(n);</div><div class=\"line\">    i++;</div><div class=\"line\">&#125;</div><div class=\"line\"><span class=\"built_in\">console</span>.timeEnd(<span class=\"string\">'尾递归'</span>);</div><div class=\"line\"></div><div class=\"line\"></div><div class=\"line\">i = <span class=\"number\">0</span>;</div><div class=\"line\"><span class=\"built_in\">console</span>.time(<span class=\"string\">'generator'</span>);</div><div class=\"line\"><span class=\"keyword\">while</span> (i &lt; t) &#123;</div><div class=\"line\">    fibonacciGenerator(n);</div><div class=\"line\">    i++;</div><div class=\"line\">&#125;</div><div class=\"line\"><span class=\"built_in\">console</span>.timeEnd(<span class=\"string\">'generator'</span>);</div></pre></td></tr></table></figure><h2 id=\"正数组的最大差值\"><a href=\"#正数组的最大差值\" class=\"headerlink\" title=\"正数组的最大差值\"></a>正数组的最大差值</h2><p>出乎意料地，这次 Math 方法竟然败给看 for 循环。不用说，reduce 超级慢，比 Math 还慢近十倍。</p><p>声明：Math 只是在本案例中比 for 循环慢，实际上如果只是单独取数组中的最大值或最小值，Math 还是很厉害的。实测：随机生成一个长度为 20 的数组（100 以内的正整数），寻找最大值，运行 10^6 次，Math 完胜，不到 1s 搞定，for 循环直接卡死。所以还是得看具体情况。</p><figure class=\"highlight javascript\"><table><tr><td class=\"code\"><pre><div class=\"line\"></div><div class=\"line\"><span class=\"comment\">// 使用 Math </span></div><div class=\"line\"><span class=\"keyword\">const</span> getMaxGap = <span class=\"function\">(<span class=\"params\">array</span>) =&gt;</span> <span class=\"built_in\">Math</span>.max.apply(<span class=\"built_in\">Math</span>, array) - <span class=\"built_in\">Math</span>.min.apply(<span class=\"built_in\">Math</span>, array);</div><div class=\"line\"></div><div class=\"line\"><span class=\"comment\">// 使用 reduce</span></div><div class=\"line\"><span class=\"keyword\">const</span> getMaxDiff = <span class=\"function\">(<span class=\"params\">array</span>) =&gt;</span> &#123;</div><div class=\"line\">    <span class=\"keyword\">if</span> (array.length &lt; <span class=\"number\">1</span>) <span class=\"keyword\">return</span> arrary[<span class=\"number\">0</span>];</div><div class=\"line\"></div><div class=\"line\">    array = array.reduce(<span class=\"function\">(<span class=\"params\">[max, min], el</span>) =&gt;</span> &#123;</div><div class=\"line\">       max = el &gt; max ? el : max;</div><div class=\"line\">       min = el &lt; min ? el : min;</div><div class=\"line\">       <span class=\"keyword\">return</span> [max, min];</div><div class=\"line\">    &#125;, array);</div><div class=\"line\"></div><div class=\"line\">    <span class=\"keyword\">return</span> array[<span class=\"number\">0</span>] - array[<span class=\"number\">1</span>];</div><div class=\"line\">&#125;;</div><div class=\"line\"></div><div class=\"line\"><span class=\"comment\">// see http://www.jackpu.com/qian-duan-mian-shi-zhong-de-chang-jian-de-suan-fa-wen-ti/</span></div><div class=\"line\"><span class=\"function\"><span class=\"keyword\">function</span> <span class=\"title\">getMaxProfit</span>(<span class=\"params\">arr</span>) </span>&#123;</div><div class=\"line\">    <span class=\"keyword\">var</span> minPrice = arr[<span class=\"number\">0</span>];</div><div class=\"line\">    <span class=\"keyword\">var</span> maxProfit = <span class=\"number\">0</span>;</div><div class=\"line\"></div><div class=\"line\">    <span class=\"keyword\">for</span> (<span class=\"keyword\">var</span> i = <span class=\"number\">0</span>; i &lt; arr.length; i++) &#123;</div><div class=\"line\">        <span class=\"keyword\">var</span> currentPrice = arr[i];</div><div class=\"line\"></div><div class=\"line\">        minPrice = <span class=\"built_in\">Math</span>.min(minPrice, currentPrice);</div><div class=\"line\"></div><div class=\"line\">        <span class=\"keyword\">var</span> potentialProfit = currentPrice - minPrice;</div><div class=\"line\"></div><div class=\"line\">        maxProfit = <span class=\"built_in\">Math</span>.max(maxProfit, potentialProfit);</div><div class=\"line\">    &#125;</div><div class=\"line\"></div><div class=\"line\">    <span class=\"keyword\">return</span> maxProfit;</div><div class=\"line\">&#125;</div><div class=\"line\"></div><div class=\"line\"></div><div class=\"line\"><span class=\"comment\">// -------------------------------------------------</span></div><div class=\"line\"><span class=\"comment\">// perf test</span></div><div class=\"line\"><span class=\"comment\">// 2000000 times: Math ~= 100ms; Reduce ~= 1100ms; Normal ~= 25ms</span></div><div class=\"line\"></div><div class=\"line\"><span class=\"keyword\">let</span> array = [<span class=\"number\">10</span>,<span class=\"number\">5</span>,<span class=\"number\">11</span>,<span class=\"number\">7</span>,<span class=\"number\">8</span>,<span class=\"number\">9</span>];</div><div class=\"line\"></div><div class=\"line\"><span class=\"keyword\">var</span> t = <span class=\"number\">2e6</span>;</div><div class=\"line\"><span class=\"keyword\">var</span> n = <span class=\"number\">1000</span>;</div><div class=\"line\"><span class=\"keyword\">var</span> i;</div><div class=\"line\"></div><div class=\"line\">i = <span class=\"number\">0</span>;</div><div class=\"line\"><span class=\"built_in\">console</span>.time(<span class=\"string\">'Math'</span>);</div><div class=\"line\"><span class=\"keyword\">while</span> (i &lt; t) &#123;</div><div class=\"line\">    getMaxGap(array);</div><div class=\"line\">    i++;</div><div class=\"line\">&#125;</div><div class=\"line\"><span class=\"built_in\">console</span>.timeEnd(<span class=\"string\">'Math'</span>);</div><div class=\"line\"></div><div class=\"line\">i = <span class=\"number\">0</span>;</div><div class=\"line\"><span class=\"built_in\">console</span>.time(<span class=\"string\">'Reduce'</span>);</div><div class=\"line\"><span class=\"keyword\">while</span> (i &lt; t) &#123;</div><div class=\"line\">    getMaxDiff(array);</div><div class=\"line\">    i++;</div><div class=\"line\">&#125;</div><div class=\"line\"><span class=\"built_in\">console</span>.timeEnd(<span class=\"string\">'Reduce'</span>);</div><div class=\"line\"></div><div class=\"line\"></div><div class=\"line\">i = <span class=\"number\">0</span>;</div><div class=\"line\"><span class=\"built_in\">console</span>.time(<span class=\"string\">'Normal'</span>);</div><div class=\"line\"><span class=\"keyword\">while</span> (i &lt; t) &#123;</div><div class=\"line\">    getMaxProfit(array);</div><div class=\"line\">    i++;</div><div class=\"line\">&#125;</div><div class=\"line\"><span class=\"built_in\">console</span>.timeEnd(<span class=\"string\">'Normal'</span>);</div></pre></td></tr></table></figure><p>对算法的了解还十分浅薄，错误肯定有，希望读者指教。还需要钻研更多。感谢 <a href=\"http://www.jackpu.com/\" target=\"_blank\" rel=\"external\">@JackPu</a> 的文章带来的启发和思考。</p><div class=\"tip\"><br>补注：<br><br>本文在描述测试结果会进行一些对比，也会使用一些“失败”“不如”等字眼，但测试比较主要是满足好奇心。实际工作中，多数人应该不会碰到那么大的计算量，因此几乎不用担心（多数情况下），多关注其他方面的优化吧。<br><br>另外，请不要对某些说法（正数组的差值例子中所说 Math 败给 for 循环）产生刻板印象（我自己就是，这次之后总感觉 Math 是不是不给力。被自己误会到了囧），具体情况具体分析，另外，多操作，多做实验。<br><br>如果本文一些不严谨的说法给您的学习、工作造成负面影响，还请谅解。如有问题，欢迎随时和我联系。<br></div>","categories":[],"tags":[{"name":"原创","path":"api/tags/原创.json"},{"name":"JavaScript","path":"api/tags/JavaScript.json"},{"name":"算法","path":"api/tags/算法.json"}]}