{"title":"内容加速黑科技趣谈","slug":"fun-hacks-faster-content","date":"2017-04-28T00:00:00.000Z","updated":"2017-08-10T10:42:08.508Z","comments":true,"path":"api/articles/fun-hacks-faster-content.json","excerpt":null,"covers":["https://ogjija9ft.qnssl.com/placeholder.png"],"content":"<p>数周前，在伦敦 Heathrow 机场等飞机的空闲中，我顺便处理了一些工作上的事情。不经意间发现 Github 在性能方面的一些问题，颇为诧异。通过新 tab 打开的页面，其加载速度竟然比直接点击链接打开的页面要快。不信请看视频（译者注：可能需要科学上网）：<a href=\"https://www.youtube.com/watch?v=4zG0AZRZD6Q\" target=\"_blank\" rel=\"external\">GitHub link click vs new tab</a>。</p><p>点击链接的同时复制链接并在新的 tab 页中打开。可以看到，尽管先点击的是链接，但渲染更快的却是新 tab 中打开的页面。</p><h2 id=\"有一说一（Show-them-what-you-got）\"><a href=\"#有一说一（Show-them-what-you-got）\" class=\"headerlink\" title=\"有一说一（Show them what you got）\"></a>有一说一（Show them what you got）</h2><p>页面加载的时候，浏览器会接收网络数据流，并将其输出（pipe）给 HTML 解析器，HTML 解析器再将数据输出到文档。这意味着，页面是边加载边渲染的。对于一个 100k 的页面来说，浏览器很可能在接收到 20k 数据的时候就开始渲染出一些可用内容了。</p><p>这个伟大又古老的特性，常常被开发者们有意无意地忽略了。多数提高加载性能的建议都归结于一点，即“展示你所拿到的东西” —— 别怕，千万不要傻傻等待一切加载完成之后再去展示内容。</p><p>GitHub 当然是关注性能的，所以他们使用服务端渲染。但在同一个 tab 下浏览页面时，他们用 JavaScript 重新实现了导航（navigation）功能，类似下面这样：</p><figure class=\"highlight javascript\"><table><tr><td class=\"code\"><pre><div class=\"line\"><span class=\"comment\">// …一堆重新实现浏览器导航功能代码…</span></div><div class=\"line\"><span class=\"keyword\">const</span> response = <span class=\"keyword\">await</span> fetch(<span class=\"string\">'page-data.inc'</span>);</div><div class=\"line\"><span class=\"keyword\">const</span> html = <span class=\"keyword\">await</span> response.text();</div><div class=\"line\"><span class=\"built_in\">document</span>.querySelector(<span class=\"string\">'.content'</span>).innerHTML = html;</div><div class=\"line\"><span class=\"comment\">// …加载更多重新实现导航功能的代码…</span></div></pre></td></tr></table></figure><p>这违反了规则，因为在 <code>page-data.inc</code> 下载完成之前什么事情都没干。而服务端渲染版完全不会这样囤积内容，其内容是流式的，这样就要快得多了。就 Github 的客户端渲染来说，很多 JavaScript 代码完全减慢了渲染过程。</p><p>这里我仅仅只是拿 Github 举例子 —— 这种反模式在单页应用中比比皆是。</p><p>在页面之内切换内容可能确实有些好处，特别是存在大量脚本的情况下，无需重新执行全部脚本即可更新内容。但我们能否在不放弃流的情况下完成这样的工作呢？我曾经常说 JavaScript 没有办法对流进行解析，但其实还是有的……</p><h2 id=\"lt-iframe-gt-和-document-write-大法\"><a href=\"#lt-iframe-gt-和-document-write-大法\" class=\"headerlink\" title=\"&lt;iframe&gt; 和 document.write 大法\"></a><code>&lt;iframe&gt;</code> 和 <code>document.write</code> 大法</h2><p><code>iframe</code> 早已跻身圈内最臭黑科技之列。但下面这个办法就使用了 <code>iframe</code> 和 <code>document.write()</code>，这样我们就能将内容以流的形式添加到页面中了。示例如下：</p><figure class=\"highlight javascript\"><table><tr><td class=\"code\"><pre><div class=\"line\"><span class=\"comment\">// 创建 iframe:</span></div><div class=\"line\"><span class=\"keyword\">const</span> iframe = <span class=\"built_in\">document</span>.createElement(<span class=\"string\">'iframe'</span>);</div><div class=\"line\"></div><div class=\"line\"><span class=\"comment\">// 添加到 document 中 (记得隐藏起来):</span></div><div class=\"line\">iframe.style.display = <span class=\"string\">'none'</span>;</div><div class=\"line\"><span class=\"built_in\">document</span>.body.appendChild(iframe);</div><div class=\"line\"></div><div class=\"line\"><span class=\"comment\">// 等待 iframe 加载:</span></div><div class=\"line\">iframe.onload = <span class=\"function\"><span class=\"params\">()</span> =&gt;</span> &#123;</div><div class=\"line\">  <span class=\"comment\">// 忽略其他 onload 操作:</span></div><div class=\"line\">  iframe.onload = <span class=\"literal\">null</span>;</div><div class=\"line\">  <span class=\"comment\">// 添加一个虚拟标签:</span></div><div class=\"line\">  iframe.contentDocument.write(<span class=\"string\">'&lt;streaming-element&gt;'</span>);</div><div class=\"line\">  <span class=\"comment\">// 引用该元素:</span></div><div class=\"line\">  <span class=\"keyword\">const</span> streamingElement = iframe.contentDocument.querySelector(<span class=\"string\">'streaming-element'</span>);</div><div class=\"line\">  <span class=\"comment\">// 将该元素从 iframe 中取出，并添加到文档中:</span></div><div class=\"line\">  <span class=\"built_in\">document</span>.body.appendChild(streamingElement);</div><div class=\"line\">  <span class=\"comment\">// 写入一些内容 —— 这里应该是异步的:</span></div><div class=\"line\">  iframe.contentDocument.write(<span class=\"string\">'&lt;p&gt;Hello!&lt;/p&gt;'</span>);</div><div class=\"line\">  <span class=\"comment\">// 继续写入内容，直到完成:</span></div><div class=\"line\">  iframe.contentDocument.write(<span class=\"string\">'&lt;/streaming-element&gt;'</span>);</div><div class=\"line\">  iframe.contentDocument.close();</div><div class=\"line\">&#125;;</div><div class=\"line\"></div><div class=\"line\"><span class=\"comment\">//  iframe 初始化</span></div><div class=\"line\">iframe.src = <span class=\"string\">''</span>;</div></pre></td></tr></table></figure><p>虽然 <code>Hello!</code> 是写到 iframe 中的，但它却出现在了父级的 document 中！这是因为<a href=\"https://html.spec.whatwg.org/multipage/syntax.html#parsing\" target=\"_blank\" rel=\"external\">解析器</a>维护了一个<a href=\"https://html.spec.whatwg.org/multipage/syntax.html#stack-of-open-elements\" target=\"_blank\" rel=\"external\">敞开元素栈（stack of open elements）</a>，新创建的元素会被压入栈中。就算我们把 <code>&lt;streaming-element/&gt;</code> 元素移出到 iframe 外面也不影响，就是这么任性。</p><p>此外，这种技术处理起 HTML 来，要比 <code>innerHTML</code> 更接近标准的页面加载解析器。尤其是脚本依然会被下载，并在父级文档的上下文中执行 —— 只是在 Firefox 中完全不会执行，<del>但我认为这是个 bug</del><strong>更新：</strong> 其实<a href=\"https://html.spec.whatwg.org/multipage/syntax.html#scripts-that-modify-the-page-as-it-is-being-parsed\" target=\"_blank\" rel=\"external\">脚本根本不应该执行</a>（感谢 <a href=\"https://twitter.com/zcorpan/status/806150847184928768\" target=\"_blank\" rel=\"external\">Simon Pieters 指出这一点</a>），但 Edge、Safari、Chrome 都这么干。</p><p>接下来我们只需要从服务端获取 HTML 数据流，每当一个部分的数据到达的时候，就调用 <code>iframe.contentDocument.write()</code>。流式传输和 <code>fetch()</code> 搭配起来会更好，但为了支持 Safari，我们还是<a href=\"https://github.com/jakearchibald/streaming-html/blob/master/streaming-iframe.js\" target=\"_blank\" rel=\"external\">使用 XHR 来 hack</a> 一下吧。</p><p>我已经写好了一个 demo，可以拿来<a href=\"https://jakearchibald.github.io/streaming-html/\" target=\"_blank\" rel=\"external\">和 Github 进行对比</a>。下面是在 3G 网络下的测试结果：</p><p><img src=\"https://ogjija9ft.qnssl.com/placeholder.png\" data-orig=\"https://ww3.sinaimg.cn/large/006tNbRwly1ff1n52arbtj31kw0e8q46.jpg\" alt=\"\"></p><p><a href=\"https://www.webpagetest.org/video/compare.php?tests=161206_N2_FJG-r,161206_JP_FPV-r:5-c:0\" target=\"_blank\" rel=\"external\">点击这里查看原始测试数据</a>。</p><p>使用 iframe 进行流式渲染，页面加载速度提高了 <strong>1.5 s</strong>。头像也提前半秒钟加载完成 —— 流式渲染意味着浏览器可以更早发现它们，并与内容一起并行下载。</p><p>上面的方法对 Github 来说还是有效的，因为它的服务器返回的是 HTML。如果你使用的是框架，由框架自己管理 DOM 的展示，那可能就麻烦一些了。这种情况下可以看看下面这个次优选项：</p><h2 id=\"换行符分隔的-JSON（Newline-delimited-JSON）\"><a href=\"#换行符分隔的-JSON（Newline-delimited-JSON）\" class=\"headerlink\" title=\"换行符分隔的 JSON（Newline-delimited JSON）\"></a>换行符分隔的 JSON（Newline-delimited JSON）</h2><p>许多网站使用 JSON 驱动动态内容。何其不幸，JSON 并不是一种对流友好的格式。尽管也有<a href=\"https://github.com/creationix/jsonparse\" target=\"_blank\" rel=\"external\">流式 JSON 解析器</a>，可用起来却并不那么简单。</p><p>所以与其传输下面这样一大块 JSON 数据：</p><figure class=\"highlight javascript\"><table><tr><td class=\"code\"><pre><div class=\"line\">&#123;</div><div class=\"line\">  <span class=\"string\">\"Comments\"</span>: [</div><div class=\"line\">    &#123;<span class=\"string\">\"author\"</span>: <span class=\"string\">\"Alex\"</span>, <span class=\"string\">\"body\"</span>: <span class=\"string\">\"…\"</span>&#125;,</div><div class=\"line\">    &#123;<span class=\"string\">\"author\"</span>: <span class=\"string\">\"Jake\"</span>, <span class=\"string\">\"body\"</span>: <span class=\"string\">\"…\"</span>&#125;</div><div class=\"line\">  ]</div><div class=\"line\">&#125;</div></pre></td></tr></table></figure><p>还不如像下面这样一行输出一个 JSON 对象：</p><figure class=\"highlight javascript\"><table><tr><td class=\"code\"><pre><div class=\"line\">&#123;<span class=\"string\">\"author\"</span>: <span class=\"string\">\"Alex\"</span>, <span class=\"string\">\"body\"</span>: <span class=\"string\">\"…\"</span>&#125;</div><div class=\"line\">&#123;<span class=\"string\">\"author\"</span>: <span class=\"string\">\"Jake\"</span>, <span class=\"string\">\"body\"</span>: <span class=\"string\">\"…\"</span>&#125;</div></pre></td></tr></table></figure><p>这种被称为 “换行符分隔的 JSON” 是有标准的：<a href=\"http://specs.okfnlabs.org/ndjson/\" target=\"_blank\" rel=\"external\">ndjson</a>。给上面的内容写一个解析器就要简单多了。到了 2017 年，我们也许可以使用一系列组合变换流（composable transform streams）来描述（译者注：本文写作于 2016 年 12 月）：</p><figure class=\"highlight javascript\"><table><tr><td class=\"code\"><pre><div class=\"line\"><span class=\"comment\">// 在 2017 年的某个时候可能会是这样：</span></div><div class=\"line\"><span class=\"keyword\">const</span> response = <span class=\"keyword\">await</span> fetch(<span class=\"string\">'comments.ndjson'</span>);</div><div class=\"line\"><span class=\"keyword\">const</span> comments = response.body</div><div class=\"line\">  <span class=\"comment\">// 从字节到文本:</span></div><div class=\"line\">  .pipeThrough(<span class=\"keyword\">new</span> TextDecoder())</div><div class=\"line\">  <span class=\"comment\">// 一直缓冲，直到遇到换行符:</span></div><div class=\"line\">  .pipeThrough(splitStream(<span class=\"string\">'\\n'</span>))</div><div class=\"line\">  <span class=\"comment\">// 将内容块解析为JSON:</span></div><div class=\"line\">  .pipeThrough(parseJSON());</div><div class=\"line\"></div><div class=\"line\"><span class=\"keyword\">for</span> <span class=\"keyword\">await</span> (<span class=\"keyword\">const</span> comment <span class=\"keyword\">of</span> comments) &#123;</div><div class=\"line\">  <span class=\"comment\">// 处理每条评论，并将其添加到页面:</span></div><div class=\"line\">  <span class=\"comment\">// (不管你使用的是什么模板或虚拟 DOM)</span></div><div class=\"line\">  addCommentToPage(comment);</div><div class=\"line\">&#125;</div></pre></td></tr></table></figure><p>在上面的代码中，<code>splitStream</code> 和 <code>parseJSON</code> 是<a href=\"https://gist.github.com/jakearchibald/c2052ef298459355963b8cfb79c71d1c\" target=\"_blank\" rel=\"external\">可复用变换流（reusable transform streams）</a>。与此同时，为了实现最大程度的兼容，我们可以<a href=\"https://github.com/jakearchibald/streaming-html/blob/master/xhr-ndjson.js\" target=\"_blank\" rel=\"external\">使用 XHR 进行 hack</a>。</p><p>我再次新建了一个<a href=\"https://jakearchibald.github.io/streaming-html/\" target=\"_blank\" rel=\"external\">对比的 demo</a>，下面是 3G 网络下的结果：</p><p><img src=\"https://ogjija9ft.qnssl.com/placeholder.png\" data-orig=\"https://ww3.sinaimg.cn/large/006tNbRwly1ff1noprcsfj31kw0iqjt2.jpg\" alt=\"\"></p><p><a href=\"https://www.webpagetest.org/video/compare.php?tests=161206_X9_FNG-r,161206_V7_FPJ-r:1-c:0\" target=\"_blank\" rel=\"external\">点击这里查看原始测试数据</a>。</p><p>与常规 JSON 相比，ND-JSON <strong>提前 1.5s</strong> 将内容渲染到页面上，尽管速度不如 iframe 方法那么快。在创建元素之前，必须等待完整的 JSON 对象出现。如果你的 JSON 文件体量巨大，可能会陷入对流的企盼之中。</p><h2 id=\"单页应用？别着急\"><a href=\"#单页应用？别着急\" class=\"headerlink\" title=\"单页应用？别着急\"></a>单页应用？别着急</h2><p>如前所述，Github 使用了大量的代码，然而却带来这样的性能问题。在客户端重新实现导航功能是困难的，如果你需要改变页面中的大块内容，这么做有可能并不值得。</p><p>可以拿我们的尝试与<a href=\"https://jakearchibald.github.io/streaming-html/\" target=\"_blank\" rel=\"external\">简单浏览器导航</a>进行对比：</p><p><img src=\"https://ogjija9ft.qnssl.com/placeholder.png\" data-orig=\"https://ww2.sinaimg.cn/large/006tNbRwly1ff1nxa5c4pj31kw0f1t9w.jpg\" alt=\"\"></p><p><a href=\"https://www.webpagetest.org/video/compare.php?tests=161206_JP_FPV-r,161206_V7_FPJ-r,161206_8Y_FN3-r:8-c:0\" target=\"_blank\" rel=\"external\">点击这里查看原始测试数据</a>。</p><p>打开一个简单的没有使用 JavaScript 浏览器导航的服务端渲染页面的速度差不多是一样的。但除去评论列表，测试页面实在太过简单。如果在不同页面之间存在有大量重复的复杂内容（主要是指可怕的广告脚本），结果可能因实际情况而有差异，但一定要记得进行测试！很可能你编写了一大堆代码，然而只能带来少的可怜的提升，甚至还可能减慢速度。</p><p>鸣谢 <a href=\"https://twitter.com/ElliottZ?s=09\" target=\"_blank\" rel=\"external\">Elliott Sprehn</a> 关于 HTML 解析器工作原理的赐教！</p>","categories":[],"tags":[{"name":"翻译","path":"api/tags/翻译.json"},{"name":"JavaScript","path":"api/tags/JavaScript.json"},{"name":"性能","path":"api/tags/性能.json"}]}