{"title":"函数式 TypeScript","slug":"functional-refactor-typescript","date":"2016-09-28T21:46:46.000Z","updated":"2017-08-10T10:42:08.508Z","comments":true,"path":"api/articles/functional-refactor-typescript.json","excerpt":null,"covers":["https://ogjija9ft.qnssl.com/placeholder.png"],"content":"<p><img src=\"https://ogjija9ft.qnssl.com/placeholder.png\" data-orig=\"http://p2.qhimg.com/t01aeda500508da54ce.png\" alt=\"\"></p><p>谈到函数式编程时，我们常提到机制、方法，而不是核心原则。函数式编程不是关于 Monad、Monoid 和 Zipper 这些概念的，虽然它们确实很有用。从根本上来说，函数式编程就是关于如使用通用的可复用函数进行组合编程。<strong>本文是我在重构 TypeScript 代码时使用函数式的一些思考的结果。</strong></p><p>首先，我们需要用到以下几项技术：</p><ul><li>尽可能使用函数代替简单值</li><li>数据转换过程管道化</li><li>提取通用函数</li></ul><p>来，开始吧！</p><p>假设我们有两个类，Employee 和 Department。Employee 有 name 和 salary 属性，Department 只是 Employee 的简单集合。</p><figure class=\"highlight javascript\"><table><tr><td class=\"code\"><pre><div class=\"line\"><span class=\"class\"><span class=\"keyword\">class</span> <span class=\"title\">Employee</span> </span>&#123;</div><div class=\"line\">  <span class=\"keyword\">constructor</span>(public name: string, public salary: number) &#123;&#125;</div><div class=\"line\">&#125;</div><div class=\"line\"></div><div class=\"line\"><span class=\"class\"><span class=\"keyword\">class</span> <span class=\"title\">Department</span> </span>&#123;</div><div class=\"line\">  <span class=\"keyword\">constructor</span>(public employees: Employee[]) &#123;&#125;</div><div class=\"line\"></div><div class=\"line\">  works(employee: Employee): boolean &#123;</div><div class=\"line\">    <span class=\"keyword\">return</span> <span class=\"keyword\">this</span>.employees.indexOf(employee) &gt; <span class=\"number\">-1</span>;</div><div class=\"line\">  &#125;</div><div class=\"line\">&#125;</div></pre></td></tr></table></figure><p>我们要重构的是 averageSalary 函数。</p><figure class=\"highlight javascript\"><table><tr><td class=\"code\"><pre><div class=\"line\"><span class=\"function\"><span class=\"keyword\">function</span> <span class=\"title\">averageSalary</span>(<span class=\"params\">employees: Employee[], minSalary: number, department?: Department</span>): <span class=\"title\">number</span> </span>&#123;</div><div class=\"line\">   <span class=\"keyword\">let</span> total = <span class=\"number\">0</span>;</div><div class=\"line\">   <span class=\"keyword\">let</span> count = <span class=\"number\">0</span>;</div><div class=\"line\"></div><div class=\"line\">   employees.forEach(<span class=\"function\">(<span class=\"params\">e</span>) =&gt;</span> &#123;</div><div class=\"line\">     <span class=\"keyword\">if</span>(minSalary &lt;= e.salary &amp;&amp; (department === <span class=\"literal\">undefined</span> || department.works(e)))&#123;</div><div class=\"line\">       total += e.salary;</div><div class=\"line\">       count += <span class=\"number\">1</span>;</div><div class=\"line\">     &#125;</div><div class=\"line\">   &#125;);</div><div class=\"line\"></div><div class=\"line\">  <span class=\"keyword\">return</span> total === <span class=\"number\">0</span> ? <span class=\"number\">0</span> : total / count;</div><div class=\"line\"> &#125;</div></pre></td></tr></table></figure><p>averageSalary 函数接收 employee 数组、最低薪资 minSalary 以及可选的 department 作为参数。如果传了 department 参数，函数会计算该部门中所有员工的平均薪资；若不传，则对全部员工进行计算。</p><p>该函数的使用方式如下：</p><figure class=\"highlight javascript\"><table><tr><td class=\"code\"><pre><div class=\"line\">describe(<span class=\"string\">\"average salary\"</span>, () =&gt; &#123;</div><div class=\"line\">  <span class=\"keyword\">const</span> empls = [</div><div class=\"line\">    <span class=\"keyword\">new</span> Employee(<span class=\"string\">\"Jim\"</span>, <span class=\"number\">100</span>),</div><div class=\"line\">    <span class=\"keyword\">new</span> Employee(<span class=\"string\">\"John\"</span>, <span class=\"number\">200</span>),</div><div class=\"line\">    <span class=\"keyword\">new</span> Employee(<span class=\"string\">\"Liz\"</span>, <span class=\"number\">120</span>),</div><div class=\"line\">    <span class=\"keyword\">new</span> Employee(<span class=\"string\">\"Penny\"</span>, <span class=\"number\">30</span>)</div><div class=\"line\">  ];</div><div class=\"line\"></div><div class=\"line\">  <span class=\"keyword\">const</span> sales = <span class=\"keyword\">new</span> Department([empls[<span class=\"number\">0</span>], empls[<span class=\"number\">1</span>]]);</div><div class=\"line\"></div><div class=\"line\">  it(<span class=\"string\">\"calculates the average salary\"</span>, () =&gt; &#123;</div><div class=\"line\">    expect(averageSalary(empls, <span class=\"number\">50</span>, sales)).toEqual(<span class=\"number\">150</span>);</div><div class=\"line\">    expect(averageSalary(empls, <span class=\"number\">50</span>)).toEqual(<span class=\"number\">140</span>);</div><div class=\"line\">  &#125;);</div><div class=\"line\">&#125;);</div></pre></td></tr></table></figure><p>需求虽简单粗暴，可就算不提代码难以拓展，其混乱是显而易见的。若新增条件，函数签名及接口就不得不发生变动，if 语句也会也越来越臃肿可怕。</p><p>我们一起用一些函数式编程的办法重构这个函数吧。</p><h2 id=\"使用函数代替简单值\"><a href=\"#使用函数代替简单值\" class=\"headerlink\" title=\"使用函数代替简单值\"></a>使用函数代替简单值</h2><p><strong>使用函数代替简单值看起来似乎不太直观，但这却是整理归纳代码的强大办法。</strong>在我们的例子中，这样做，意味着要将 minSalary 和 department 参数替换成两个条件检验的函数。</p><figure class=\"highlight javascript\"><table><tr><td class=\"code\"><pre><div class=\"line\">type Predicate = <span class=\"function\">(<span class=\"params\">e: Employee</span>) =&gt;</span> boolean;</div><div class=\"line\"></div><div class=\"line\"><span class=\"function\"><span class=\"keyword\">function</span> <span class=\"title\">averageSalary</span>(<span class=\"params\">employees: Employee[], salaryCondition: Predicate,</span></span></div><div class=\"line\"><span class=\"function\"><span class=\"params\">  departmentCondition?: Predicate</span>): <span class=\"title\">number</span> </span>&#123;</div><div class=\"line\">  <span class=\"keyword\">let</span> total = <span class=\"number\">0</span>;</div><div class=\"line\">  <span class=\"keyword\">let</span> count = <span class=\"number\">0</span>;</div><div class=\"line\"></div><div class=\"line\">  employees.forEach(<span class=\"function\">(<span class=\"params\">e</span>) =&gt;</span> &#123;</div><div class=\"line\">    <span class=\"keyword\">if</span>(salaryCondition(e) &amp;&amp; (departmentCondition === <span class=\"literal\">undefined</span> || departmentCondition(e)))&#123;</div><div class=\"line\">      total += e.salary;</div><div class=\"line\">      count += <span class=\"number\">1</span>;</div><div class=\"line\">    &#125;</div><div class=\"line\">  &#125;);</div><div class=\"line\"></div><div class=\"line\">  <span class=\"keyword\">return</span> total === <span class=\"number\">0</span> ? <span class=\"number\">0</span> : total / count;</div><div class=\"line\">&#125;</div><div class=\"line\"></div><div class=\"line\"><span class=\"comment\">// ...</span></div><div class=\"line\"></div><div class=\"line\">expect(averageSalary(empls, (e) =&gt; e.salary &gt; <span class=\"number\">50</span>, (e) =&gt; sales.works(e))).toEqual(<span class=\"number\">150</span>);</div></pre></td></tr></table></figure><p><strong>我们所做的就是将 salary、department 两个条件接口统一起来。</strong>而此前这两个条件是写死的，现在它们被明确定义了，并且遵循一致的接口。<strong>这次整合允许我们将所有条件作为数组传递。</strong></p><figure class=\"highlight javascript\"><table><tr><td class=\"code\"><pre><div class=\"line\"><span class=\"function\"><span class=\"keyword\">function</span> <span class=\"title\">averageSalary</span>(<span class=\"params\">employees: Employee[], conditions: Predicate[]</span>): <span class=\"title\">number</span> </span>&#123;</div><div class=\"line\">  <span class=\"keyword\">let</span> total = <span class=\"number\">0</span>;</div><div class=\"line\">  <span class=\"keyword\">let</span> count = <span class=\"number\">0</span>;</div><div class=\"line\"></div><div class=\"line\">  employees.forEach(<span class=\"function\">(<span class=\"params\">e</span>) =&gt;</span> &#123;</div><div class=\"line\">    <span class=\"keyword\">if</span>(conditions.every(<span class=\"function\"><span class=\"params\">c</span> =&gt;</span> c(e)))&#123;</div><div class=\"line\">      total += e.salary;</div><div class=\"line\">      count += <span class=\"number\">1</span>;</div><div class=\"line\">    &#125;</div><div class=\"line\">  &#125;);</div><div class=\"line\">  <span class=\"keyword\">return</span> (count === <span class=\"number\">0</span>) ? <span class=\"number\">0</span> : total / count;</div><div class=\"line\">&#125;</div><div class=\"line\"></div><div class=\"line\"><span class=\"comment\">//...</span></div><div class=\"line\"></div><div class=\"line\">expect(averageSalary(empls, [<span class=\"function\">(<span class=\"params\">e</span>) =&gt;</span> e.salary &gt; <span class=\"number\">50</span>, (e) =&gt; sales.works(e)])).toEqual(<span class=\"number\">150</span>);</div></pre></td></tr></table></figure><p>条件数组只不过是组合的条件，可以用一个简单的组合器将它们放到一起，这样看起来更加明晰。</p><figure class=\"highlight javascript\"><table><tr><td class=\"code\"><pre><div class=\"line\"><span class=\"function\"><span class=\"keyword\">function</span> <span class=\"title\">and</span>(<span class=\"params\">predicates: Predicate[]</span>): <span class=\"title\">Predicate</span> </span>&#123;</div><div class=\"line\">  <span class=\"keyword\">return</span> <span class=\"function\">(<span class=\"params\">e</span>) =&gt;</span> predicates.every(<span class=\"function\"><span class=\"params\">p</span> =&gt;</span> p(e));</div><div class=\"line\">&#125;</div><div class=\"line\"></div><div class=\"line\"><span class=\"function\"><span class=\"keyword\">function</span> <span class=\"title\">averageSalary</span>(<span class=\"params\">employees: Employee[], conditions: Predicate[]</span>): <span class=\"title\">number</span> </span>&#123;</div><div class=\"line\">  <span class=\"keyword\">let</span> total = <span class=\"number\">0</span>;</div><div class=\"line\">  <span class=\"keyword\">let</span> count = <span class=\"number\">0</span>;</div><div class=\"line\"></div><div class=\"line\">  employees.forEach(<span class=\"function\">(<span class=\"params\">e</span>) =&gt;</span> &#123;</div><div class=\"line\">    <span class=\"keyword\">if</span>(and(conditions)(e))&#123;</div><div class=\"line\">      total += e.salary;</div><div class=\"line\">      count += <span class=\"number\">1</span>;</div><div class=\"line\">    &#125;</div><div class=\"line\">  &#125;);</div><div class=\"line\">  <span class=\"keyword\">return</span> (count == <span class=\"number\">0</span>) ? <span class=\"number\">0</span> : total / count;</div><div class=\"line\">&#125;</div></pre></td></tr></table></figure><p>值得注意的是，“and” 组合器是通用的，可以复用并且还可能拓展为库。</p><p><strong>提起结果</strong></p><p>现在，averageSalary 函数已健壮得多了。<strong>我们可以加入新条件，无需破坏函数接口或改变函数实现。</strong></p><h2 id=\"数据转换过程管道化\"><a href=\"#数据转换过程管道化\" class=\"headerlink\" title=\"数据转换过程管道化\"></a>数据转换过程管道化</h2><p>函数式编程的另外一个很有用的实践是将所有数据转换过程变成管道。在本例中，就是将 filter 过程提取到循环外面。</p><figure class=\"highlight javascript\"><table><tr><td class=\"code\"><pre><div class=\"line\"><span class=\"function\"><span class=\"keyword\">function</span> <span class=\"title\">averageSalary</span>(<span class=\"params\">employees: Employee[], conditions: Predicate[]</span>): <span class=\"title\">number</span> </span>&#123;</div><div class=\"line\">  <span class=\"keyword\">const</span> filtered = employees.filter(and(conditions));</div><div class=\"line\"></div><div class=\"line\">  <span class=\"keyword\">let</span> total = <span class=\"number\">0</span></div><div class=\"line\">  <span class=\"keyword\">let</span> count = <span class=\"number\">0</span></div><div class=\"line\"></div><div class=\"line\">  filtered.forEach(<span class=\"function\">(<span class=\"params\">e</span>) =&gt;</span> &#123;</div><div class=\"line\">    total += e.salary;</div><div class=\"line\">    count += <span class=\"number\">1</span>;</div><div class=\"line\">  &#125;);</div><div class=\"line\"></div><div class=\"line\">  <span class=\"keyword\">return</span> (count == <span class=\"number\">0</span>) ? <span class=\"number\">0</span> : total / count;</div><div class=\"line\">&#125;</div></pre></td></tr></table></figure><p>这样一来计数的 count 就没什么用了。</p><figure class=\"highlight javascript\"><table><tr><td class=\"code\"><pre><div class=\"line\"><span class=\"function\"><span class=\"keyword\">function</span> <span class=\"title\">averageSalary</span>(<span class=\"params\">employees: Employee[], conditions: Predicate[]</span>): <span class=\"title\">number</span></span>&#123;</div><div class=\"line\">  <span class=\"keyword\">const</span> filtered = employees.filter(and(conditions));</div><div class=\"line\"></div><div class=\"line\">  <span class=\"keyword\">let</span> total = <span class=\"number\">0</span></div><div class=\"line\">  filtered.forEach(<span class=\"function\">(<span class=\"params\">e</span>) =&gt;</span> &#123;</div><div class=\"line\">    total += e.salary;</div><div class=\"line\">  &#125;);</div><div class=\"line\"></div><div class=\"line\">  <span class=\"keyword\">return</span> (filtered.length == <span class=\"number\">0</span>) ? <span class=\"number\">0</span> : total / filtered.length;</div><div class=\"line\">&#125;</div></pre></td></tr></table></figure><p>接下来，如在叠加之前将 salary 摘取出来，求和过程就变成简单的 reduce 了。</p><figure class=\"highlight javascript\"><table><tr><td class=\"code\"><pre><div class=\"line\"><span class=\"function\"><span class=\"keyword\">function</span> <span class=\"title\">averageSalary</span>(<span class=\"params\">employees: Employee[], conditions: Predicate[]</span>): <span class=\"title\">number</span> </span>&#123;</div><div class=\"line\">  <span class=\"keyword\">const</span> filtered = employees.filter(and(conditions));</div><div class=\"line\">  <span class=\"keyword\">const</span> salaries = filtered.map(<span class=\"function\"><span class=\"params\">e</span> =&gt;</span> e.salary);</div><div class=\"line\"></div><div class=\"line\">  <span class=\"keyword\">const</span> total = salaries.reduce(<span class=\"function\">(<span class=\"params\">a,b</span>) =&gt;</span> a + b, <span class=\"number\">0</span>);</div><div class=\"line\">  <span class=\"keyword\">return</span> (salaries.length == <span class=\"number\">0</span>) ? <span class=\"number\">0</span> : total / salaries.length;</div><div class=\"line\">&#125;</div></pre></td></tr></table></figure><h2 id=\"提取通用函数\"><a href=\"#提取通用函数\" class=\"headerlink\" title=\"提取通用函数\"></a>提取通用函数</h2><p>接着我们发现，最后两行代码和当前域完全没什么关系。其中不包含任何与员工、部门相关的信息。仅仅只是一个计算平均数的函数。所以也将其提取出来。</p><figure class=\"highlight javascript\"><table><tr><td class=\"code\"><pre><div class=\"line\"><span class=\"function\"><span class=\"keyword\">function</span> <span class=\"title\">average</span>(<span class=\"params\">nums: number[]</span>): <span class=\"title\">number</span> </span>&#123;</div><div class=\"line\">  <span class=\"keyword\">const</span> total = nums.reduce(<span class=\"function\">(<span class=\"params\">a,b</span>) =&gt;</span> a + b, <span class=\"number\">0</span>);</div><div class=\"line\">  <span class=\"keyword\">return</span> (nums.length == <span class=\"number\">0</span>) ? <span class=\"number\">0</span> : total / nums.length;</div><div class=\"line\">&#125;</div><div class=\"line\"></div><div class=\"line\"><span class=\"function\"><span class=\"keyword\">function</span> <span class=\"title\">averageSalary</span>(<span class=\"params\">employees: Employee[], conditions: Predicate[]</span>): <span class=\"title\">number</span> </span>&#123;</div><div class=\"line\">  <span class=\"keyword\">const</span> filtered = employees.filter(and(conditions));</div><div class=\"line\">  <span class=\"keyword\">const</span> salaries = filtered.map(<span class=\"function\"><span class=\"params\">e</span> =&gt;</span> e.salary);</div><div class=\"line\">  <span class=\"keyword\">return</span> average(salaries);</div><div class=\"line\">&#125;</div></pre></td></tr></table></figure><p>又一次，提取出的函数是完全通用的。</p><p>最后，将所有 salary 部分提出来之后，我们得到终极方案。</p><figure class=\"highlight javascript\"><table><tr><td class=\"code\"><pre><div class=\"line\">function employeeSalaries(employees: Employee[], conditions: Predicate[]): number[] &#123;</div><div class=\"line\">  <span class=\"keyword\">const</span> filtered = employees.filter(and(conditions));</div><div class=\"line\">  <span class=\"keyword\">return</span> filtered.map(<span class=\"function\"><span class=\"params\">e</span> =&gt;</span> e.salary);</div><div class=\"line\">&#125;</div><div class=\"line\"></div><div class=\"line\"><span class=\"function\"><span class=\"keyword\">function</span> <span class=\"title\">averageSalary</span>(<span class=\"params\">employees: Employee[], conditions: Predicate[]</span>): <span class=\"title\">number</span> </span>&#123;</div><div class=\"line\">  <span class=\"keyword\">return</span> average(employeeSalaries(employees, conditions));</div><div class=\"line\">&#125;</div></pre></td></tr></table></figure><p>对比原始方案和终极方案，我敢说，毫无疑问，后者更棒。首先，它更通用（我们可以不破坏函数接口的情况下添加新类型的判断条件）。其次，我们从可变状态（mutable state）和 if 语句中解脱出来，这使代码更容易阅读、理解。</p><h2 id=\"何时收手\"><a href=\"#何时收手\" class=\"headerlink\" title=\"何时收手\"></a>何时收手</h2><p>函数式风格的编程中，我们会编写许多小型函数，它们接收一个集合，返回新的集合。这些函数能够以不同方式组合、复用 —— 棒极了。不过，这种风格的一个缺点是代码可能会变得过度抽象，导致难以读懂，那些函数组合在一起到底要干嘛？</p><p>我喜欢使用乐高来类比：乐高积木能够以不同形式放在一起 —— 它们是可组合的。但注意，并不是所有积木都是一小块。所以，在使用本文所述技巧进行代码重构时，千万别妄图将一切都变成接收数组、返回数组的函数。诚然，这样一些函数组合使用极度容易，可它们也会显著降低我们对程序的理解能力。</p><h2 id=\"小结\"><a href=\"#小结\" class=\"headerlink\" title=\"小结\"></a>小结</h2><p>本文展示了如何使用函数式思维重构 TypeScript 代码。我所遵循的是以下几点规则：</p><ul><li>尽可能使用函数代替简单值</li><li>数据转换过程管道化</li><li>提取通用函数</li></ul><h2 id=\"了解更多\"><a href=\"#了解更多\" class=\"headerlink\" title=\"了解更多\"></a>了解更多</h2><p>强烈推荐以下两本书：</p><ul><li><a href=\"https://leanpub.com/javascript-allonge\" target=\"_blank\" rel=\"external\">“JavaScript Allonge” by Reginald Braithwaite</a></li><li><a href=\"http://shop.oreilly.com/product/0636920028857.do\" target=\"_blank\" rel=\"external\">“Functional JavaScript” by Michael Fogus</a></li></ul><hr><p><a href=\"https://twitter.com/victorsavkin\" target=\"_blank\" rel=\"external\">关注 @victorsavkin</a> 获得更多关于 Angular 和 TypeScript 的知识。</p>","categories":[],"tags":[{"name":"翻译","path":"api/tags/翻译.json"},{"name":"函数式编程","path":"api/tags/函数式编程.json"},{"name":"TypeScript","path":"api/tags/TypeScript.json"}]}