{"title":"函数响应式编程 —— RxJS 简介","slug":"functional-programming","date":"2017-07-18T00:00:00.000Z","updated":"2017-08-10T10:42:08.508Z","comments":true,"path":"api/articles/functional-programming.json","excerpt":null,"covers":null,"content":"<p><iframe id=\"ppt\" src=\"https://ppt.baomitu.com/embed/d60409ef?style=dark\" width=\"640\" height=\"420\" scrolling=\"no\" frameborder=\"0\" webkitallowfullscreen=\"\" mozallowfullscreen=\"\" allowfullscreen></iframe></p><script>!function(){function t(){var t=n.clientWidth;i.width=t,i.height=21*t/32}var e=function(t){return document.querySelector(t)},n=e(\".post-block\"),i=e(\"#ppt\");t(),window.addEventListener(\"resize\",t)}();</script>","categories":[],"tags":[{"name":"原创","path":"api/tags/原创.json"},{"name":"函数响应式编程","path":"api/tags/函数响应式编程.json"},{"name":"RxJS","path":"api/tags/RxJS.json"}]}