{"title":"笔记：如何获取网站根域名","slug":"get-root-domain-of-a-site","date":"2017-04-26T00:00:00.000Z","updated":"2017-08-10T10:42:08.508Z","comments":true,"path":"api/articles/get-root-domain-of-a-site.json","excerpt":null,"covers":["https://ogjija9ft.qnssl.com/placeholder.png"],"content":"<p>首先声明，这里所说的“根域名”，并不是指“全球共有13台根逻辑域名服务器”这句话中的“根域名”。而是指某一个站点的“根域名”（更新：或者也可以称之为“当前网站的主域名”，目前笔者并没有找到标准称呼）。</p><p>百度搜索是“www.baidu.com”，百度翻译的域名是“fanyi.baidu.com”，百度地图的域名则是“map.baidu.com”。这些域名有共同的部分“baidu.com”。在本文中，我们将“baidu.com”这样的域名称为“根域名”。前端同学应该都知道，在“.baidu.com”这一域下的 cookie 可以在其他子站点下拿到（当然，前提是端口号和协议都保持一致）。</p><p>最近开发的过程中遇上了一个小问题。无论访问哪个子站点，都要通过 js 将 cookie 存放到根域名下。</p><p>一开始比较大意，直接拿正则匹配。问题是忽略了这世界上还存在“www.xxx.edu.cn”这样的站点。在这种情况下，显然我们不能认为”edu.cn“是根域名。想在一个叫“edu.cn”的域下存 cookie？对不起，浏览器做不到。（这句话很重要。）</p><p>正则匹配是做不到了。搜索了一下，网上也没有什么特别好的解决方案。无非是枚举出国内常见的一些顶级域名，然后再进行处理，如下面这个 PHP 的例子：</p><p><img src=\"https://ogjija9ft.qnssl.com/placeholder.png\" data-orig=\"https://ww2.sinaimg.cn/large/006tNbRwly1ff0e6map85j31000nuq53.jpg\" alt=\"\"></p><p>但如何确保我们枚举出的例子一定是完全的无遗漏的呢？不完美，放弃。</p><h2 id=\"PSL\"><a href=\"#PSL\" class=\"headerlink\" title=\"PSL\"></a>PSL</h2><p>接着上 github 上去找例子。倒是发现了一些解决域名的工具。比如一个名为 <a href=\"https://github.com/wrangr/psl\" target=\"_blank\" rel=\"external\">psl</a> 的仓库。</p><p><a href=\"http://publicsuffix.org/\" target=\"_blank\" rel=\"external\">PSL</a> 是 “Public Suffix List” 的缩写，这个“公共域名后缀列表”项目本来是供浏览器厂商使用的。可以访问<a href=\"https://publicsuffix.org/\" target=\"_blank\" rel=\"external\">官网</a>，另外建议看看这篇<a href=\"https://imququ.com/post/domain-public-suffix-list.html\" target=\"_blank\" rel=\"external\">《域名小知识：Public Suffix List》</a>。</p><p><img src=\"https://ogjija9ft.qnssl.com/placeholder.png\" data-orig=\"https://ww1.sinaimg.cn/large/006tNbRwly1ff0ei3m2wlj31f80ey0us.jpg\" alt=\"\"></p><p>我搜索到的这个 psl 仓库正是基于 PSL、使用 js 来解析域名的。粗略看了下，存放域名的 json 文件有 108 KB。吓死了。</p><p><img src=\"https://ogjija9ft.qnssl.com/placeholder.png\" data-orig=\"https://ww3.sinaimg.cn/large/006tNbRwly1ff0eipy8z6j31ku0i4abp.jpg\" alt=\"\"></p><p>另一款叫做 <a href=\"https://github.com/peerigon/parse-domain/\" target=\"_blank\" rel=\"external\">parse-domain</a> 的，光是生成的正则表达式文件就有 203 KB。</p><p><img src=\"https://ogjija9ft.qnssl.com/placeholder.png\" data-orig=\"https://ww4.sinaimg.cn/large/006tNbRwly1ff0elsqwolj31ju0jmaco.jpg\" alt=\"\"></p><p>没办法，一个跑到浏览器上的前端脚本，本身不到 1500 行，为了一个判断引入上百 KB 的外部依赖，实在不划算。</p><p>于是只能自己另起炉灶，想想别的办法。</p><h2 id=\"document-domain\"><a href=\"#document-domain\" class=\"headerlink\" title=\"document.domain\"></a>document.domain</h2><p>首先想到的是 <code>document.domain</code>。在一些需要跨域的场景中，可能会见到这货的身影。比如<a href=\"http://www.tuicool.com/articles/jmY3Yr6\" target=\"_blank\" rel=\"external\">这篇文章</a> 所描述的，“相同主域名不同子域名下的页面，可以设置 document.domain 让它们同域”。</p><p>经过测试发现，对于域名<code>c.example.edu.cn</code>下的页面，可以执行下面这句：</p><figure class=\"highlight javascript\"><table><tr><td class=\"code\"><pre><div class=\"line\"><span class=\"built_in\">document</span>.domain = <span class=\"string\">'example.edu.cn'</span>;</div></pre></td></tr></table></figure><p>而在 Chrome 下，下面这句则无法执行：</p><figure class=\"highlight javascript\"><table><tr><td class=\"code\"><pre><div class=\"line\"><span class=\"comment\">// DOMException</span></div><div class=\"line\"><span class=\"built_in\">document</span>.domain = <span class=\"string\">'edu.cn'</span>;</div></pre></td></tr></table></figure><p>浏览器会抛出<code>DOMException</code>：</p><blockquote><p>1 Uncaught DOMException: Failed to set the ‘domain’ property on ‘Document’: ‘edu.cn’ is not a suffix of ‘c.example.edu.cn’.</p></blockquote><p>IE 也会报出“参数无效”的错误；Firefox 下同样会抛出错误：</p><blockquote><p>NS_ERROR_DOM_BAD_DOCUMENT_DOMAIN: Illegal document.domain value</p></blockquote><p>从报错信息可以看到， DOMException 是可以捕获到的。那就好办了。</p><p>将域名（或页面当前的 <code>document.domain</code>） split 成数据 <code>[&#39;x&#39;, &#39;example&#39;, &#39;edu&#39;, &#39;cn&#39;]</code>，从右向左逐次加上一个元素，每次将单词使用句点连接并赋值给 <code>document.domain</code>。如果 catch 到错误，则进行下一次操作。一旦赋值成功，即可 break 循环。</p><p>上代码：</p><figure class=\"highlight javascript\"><table><tr><td class=\"code\"><pre><div class=\"line\"><span class=\"keyword\">const</span> domain = <span class=\"built_in\">document</span>.domain;</div><div class=\"line\"><span class=\"keyword\">const</span> list = domain.split(<span class=\"string\">'.'</span>);</div><div class=\"line\"></div><div class=\"line\"><span class=\"keyword\">let</span> len = list.length;</div><div class=\"line\"><span class=\"keyword\">let</span> rootDomain = domain;</div><div class=\"line\"></div><div class=\"line\"><span class=\"keyword\">while</span> (len--) &#123;</div><div class=\"line\">  <span class=\"keyword\">try</span> &#123;</div><div class=\"line\">    <span class=\"built_in\">document</span>.domain = list.slice(len).join(<span class=\"string\">'.'</span>);</div><div class=\"line\">    rootDomain = <span class=\"built_in\">document</span>.domain;</div><div class=\"line\">    <span class=\"keyword\">break</span>;</div><div class=\"line\">  &#125; <span class=\"keyword\">catch</span> (e) &#123;&#125;</div><div class=\"line\">&#125;</div><div class=\"line\"></div><div class=\"line\"><span class=\"comment\">// 还得恢复原值，避免产生副作用</span></div><div class=\"line\"><span class=\"built_in\">document</span>.domain = domain;</div><div class=\"line\"></div><div class=\"line\"><span class=\"built_in\">console</span>.log(rootDomain);</div></pre></td></tr></table></figure><p>很好，经过简单测试，Chrome、IE 妥妥的。</p><p>然而 Firefox 挂了。挂在最后的还原阶段。也就是说，Firefox 允许修改 <code>document.domain</code>，但不允许修改成上一级之后，再回退到下一级。</p><p>此外（感谢老大），在 Safari 上测试发现，<code>document.domain = &#39;cn&#39;</code> 不会报错！什么鬼？请移步<a href=\"https://imququ.com/post/document-domain-bug-in-webkit.html\" target=\"_blank\" rel=\"external\">《Webkit下最无敌的跨大域方案》</a>。</p><p>功亏一篑。心好累啊。</p><h2 id=\"Cookie-救火\"><a href=\"#Cookie-救火\" class=\"headerlink\" title=\"Cookie 救火\"></a>Cookie 救火</h2><p>最后想起前面提到的一句，“想在一个叫 edu.cn 的域下存 cookie？对不起，浏览器做不到。”</p><p>要不咱试试 cookie？动手！</p><p>道理同上，每次尝试在手动拼接的 domain 下面存 cookie，然后检查 cookie 是否保存成功。一旦成功，则 break 循环，并清除该 cookie。没有副作用，只是多操作几次 cookie。</p><p>换个思路，总算是解决了。</p><p>代码被我放在了 <a href=\"https://github.com/AngusFu/browser-root-domain\" target=\"_blank\" rel=\"external\">Github</a> 上。顺手贴在这里：</p><figure class=\"highlight javascript\"><table><tr><td class=\"code\"><pre><div class=\"line\"><span class=\"keyword\">var</span> KEY = <span class=\"string\">'__rT_dM__'</span> + (+<span class=\"keyword\">new</span> <span class=\"built_in\">Date</span>());</div><div class=\"line\"><span class=\"keyword\">var</span> R = <span class=\"keyword\">new</span> <span class=\"built_in\">RegExp</span>(<span class=\"string\">'(^|;)\\\\s*'</span> + KEY + <span class=\"string\">'=1'</span>);</div><div class=\"line\"><span class=\"keyword\">var</span> Y1970 = (<span class=\"keyword\">new</span> <span class=\"built_in\">Date</span>(<span class=\"number\">0</span>)).toUTCString();</div><div class=\"line\"></div><div class=\"line\"><span class=\"built_in\">module</span>.exports = <span class=\"function\"><span class=\"keyword\">function</span> <span class=\"title\">getRootDomain</span>(<span class=\"params\"></span>) </span>&#123;</div><div class=\"line\">  <span class=\"keyword\">var</span> domain = <span class=\"built_in\">document</span>.domain || location.hostname;</div><div class=\"line\">  <span class=\"keyword\">var</span> list = domain.split(<span class=\"string\">'.'</span>);</div><div class=\"line\">  <span class=\"keyword\">var</span> len = list.length;</div><div class=\"line\">  <span class=\"keyword\">var</span> temp = <span class=\"string\">''</span>;</div><div class=\"line\">  <span class=\"keyword\">var</span> temp2 = <span class=\"string\">''</span>;</div><div class=\"line\"></div><div class=\"line\">  <span class=\"keyword\">while</span> (len--) &#123;</div><div class=\"line\">    temp = list.slice(len).join(<span class=\"string\">'.'</span>);</div><div class=\"line\">    temp2 = KEY + <span class=\"string\">'=1;domain=.'</span> + temp;</div><div class=\"line\"></div><div class=\"line\">    <span class=\"comment\">// try to set cookie</span></div><div class=\"line\">    <span class=\"built_in\">document</span>.cookie = temp2;</div><div class=\"line\">  </div><div class=\"line\">    <span class=\"keyword\">if</span> (R.test(<span class=\"built_in\">document</span>.cookie)) &#123;</div><div class=\"line\">      <span class=\"comment\">// clear</span></div><div class=\"line\">      <span class=\"built_in\">document</span>.cookie = temp2 + <span class=\"string\">';expires='</span> + Y1970;</div><div class=\"line\">      <span class=\"keyword\">return</span> temp;</div><div class=\"line\">    &#125;</div><div class=\"line\">  &#125;</div><div class=\"line\">&#125;;</div></pre></td></tr></table></figure><h2 id=\"更新-20170504\"><a href=\"#更新-20170504\" class=\"headerlink\" title=\"更新@20170504\"></a>更新@20170504</h2><p>今天在奇舞周刊的评论区看到有同学的评论。看来我遇到的问题，很早就有人遇到过了。<br>顺着评论看了下，知乎的这个回答非常清晰：<a href=\"https://www.zhihu.com/question/20994750?sort=created\" target=\"_blank\" rel=\"external\">如何使用正则表达式得到一个 URL 中的主域名</a>。<br>当初真没想到“主域名”这个词，满脑子都是“根域名”。结果就与这回答失之交臂。当然，如果早点遇到知乎的回答，也就不会有这篇文章了吧。</p>","categories":[],"tags":[{"name":"原创","path":"api/tags/原创.json"},{"name":"JavaScript","path":"api/tags/JavaScript.json"},{"name":"开发心得","path":"api/tags/开发心得.json"}]}