{"title":"Hybrid or Native： 适合工作的才是最好的","slug":"hybrid-or-native-mobile-app-use-the-right-tool-for-the-job","date":"2016-07-15T14:24:37.000Z","updated":"2017-08-10T10:42:08.508Z","comments":true,"path":"api/articles/hybrid-or-native-mobile-app-use-the-right-tool-for-the-job.json","excerpt":null,"covers":["https://ogjija9ft.qnssl.com/placeholder.png"],"content":"<blockquote><p>译者注：本文讲到的 hybrid &amp; native 可能和我们通常理解的略有差异。文中 native 部分主要讲到的是 NativeScript，这一点可能在一些开发者看来是有争议的。关于 NativeScript，想起来<a href=\"http://qianduan.guru/\" target=\"_blank\" rel=\"external\">@前端外刊评论</a> 有一篇文章<a href=\"http://qianduan.guru/2016/07/03/create_cross_platform_app_with_nativescript_angular/\" target=\"_blank\" rel=\"external\">《使用 NativeScript 和 Angular2 构建跨平台 APP》</a>，可以参阅。</p></blockquote><p>移动应用开发，何时该用 hybrid，何时又该用 native？一起来学习它们的差异，看看哪款更适合你。</p><p>移动应用开发者的工具箱正在膨胀，比任何人期待的都更加多样化了。从像 Xcode 和 Android Studio 这样的纯原生 (pure native) 解决方案，到 <a href=\"https://www.nativescript.org/\" target=\"_blank\" rel=\"external\">Telerik NativeScript</a>和 React Native 这样的原生 JavaScript 选项，再到 <a href=\"http://www.telerik.com/kendo-ui\" target=\"_blank\" rel=\"external\">Kendo UI</a> 和 Ionic 这样基于 web 的框架，开始App 开发比以前任何时候都容易。然而，随着可选项的增加，“选择悖论” (paradox of choice) 出现了 —— 我们惊呆了，看不懂了，竟然有<em>如此多</em>的可选项。我们真正想要的是，更少的选择，更清晰的指南。在这篇文章中，我希望能让您看清选择，为您指向一条康庄大道，创建成功的移动应用。</p><p>谈论移动应用开发的工具、服务，比如说<a href=\"http://www.telerik.com/platform\" target=\"_blank\" rel=\"external\">Telerik Platform by Progress</a>提供的那些，选择就变得简洁多了：</p><ul><li><p><strong>想试试 hybrid ？</strong>我们提供 <a href=\"https://cordova.apache.org/\" target=\"_blank\" rel=\"external\">Cordova/PhoneGap</a> 开发，你可以使用任何移动端 JavaScript 框架</p></li><li><p><strong>想用 native ？</strong>我们支持 <a href=\"https://www.nativescript.org/\" target=\"_blank\" rel=\"external\">NativeScript</a> 开发（附带可选的 [Angular 2 集成]）</p></li></ul><p>使用 Telerik Platform，不需要 Mac，也不需要管理各种 SDK。你可以使用到最佳的模拟、调试以及像消息推送、实时同步（LiveSync）、App Store发布等等服务。</p><p><img src=\"https://ogjija9ft.qnssl.com/placeholder.png\" data-orig=\"http://p0.qhimg.com/t01f0b99ba0341c262c.png\" alt=\"hybrid native mobile web\"></p><h3 id=\"Hybrid-App-到底是什么？\"><a href=\"#Hybrid-App-到底是什么？\" class=\"headerlink\" title=\"Hybrid App 到底是什么？\"></a>Hybrid App 到底是什么？</h3><p>我的同事 John Bristowe 在<a href=\"http://developer.telerik.com/featured/what-is-a-hybrid-mobile-app/\" target=\"_blank\" rel=\"external\">这篇博客</a>中讲到了这个，其中有关于 hybrid 的全面解释。说得更清楚一点，Hybrid App 并不是移动端网站！它是安装在设备本地的应用，但使用 Web 技术（HTML5， CSS，JavaScript）编码，在 WebView 中运行。WebView 是打包在移动应用中的浏览器。</p><p>Hybrid App 无论是看起来、感觉起来还是使用起来，都很像 Native App（多数情况下… 往下看）。它可以与设备的原生功能如地理定位、相机、通讯录等等交互。任何无法使用的原生功能，通常都能用各种 <a href=\"http://plugins.telerik.com/cordova\" target=\"_blank\" rel=\"external\">Cordova 插件</a>解决。</p><p><strong>听起来真棒，是吧？</strong>来看看 hybrid 的更多优弱势：</p><h4 id=\"Hybrid-强项\"><a href=\"#Hybrid-强项\" class=\"headerlink\" title=\"Hybrid 强项\"></a>Hybrid 强项</h4><ul><li><p><strong>完全跨平台：</strong>编码一次，然后就可以构建 iOS、Android 和/或 Windows Phone 应用</p></li><li><p><strong>代码复用：</strong>可以复制现有的大部分 Web App 代码，将其转换为移动 App</p></li><li><p><strong>技能复用，学习曲线低：</strong>如果你有 JavaScript、HTML、CSS 相关知识的话，很快就能使用 Cordova 和移动 JavaScript 框架开发应用</p></li><li><p><strong>减少开发时间和成本：</strong>因为上述有点，可以相对快速完成移动 App 开发并上线</p></li><li><p><strong>健全的生态系统：</strong> Cordova 是一个成熟的开源框架，<a href=\"http://www.telerik.com/kendo-ui\" target=\"_blank\" rel=\"external\">Kendo UI</a> 包含一个著名的（且开源的）<a href=\"http://docs.telerik.com/kendo-ui/controls/hybrid/introduction\" target=\"_blank\" rel=\"external\">移动框架</a>。</p></li></ul><h4 id=\"Hybrid-缺点\"><a href=\"#Hybrid-缺点\" class=\"headerlink\" title=\"Hybrid 缺点\"></a>Hybrid 缺点</h4><ul><li><p><strong>感知性能问题：</strong> Hybrid App 在 WebView 中运行，所以会受到设备上 WebView 的性能的影响（尤其 Android 有一堆问题）</p></li><li><p><strong>跨设备行为差异：</strong> WebView 在各平台（甚至不同版本）上不一样，需要额外调整并优化代码，确保 App 按照预期能在所有设备上运行</p></li><li><p><strong>大量图形和过渡（heavy graphics and transitions）情况下的性能问题：</strong> WebView 在处理大量图形和过渡（特别是游戏和其他重 UI 的应用中）的时候，肯定有各种问题</p></li><li><p><strong>特定平台 UI 或特性需要额外开发：</strong>进军特殊平台的特性，通常需要额外编码，或者在某些情形下使用插件，甚至需要自己来创建插件</p></li><li><p><strong>新版本平台支持缓慢：</strong>新版移动平台可以使用的时候，在 Cordova 引入新版本及其特性的各种支持之前，需要等上几个月</p></li></ul><h3 id=\"Native-App-又是什么？\"><a href=\"#Native-App-又是什么？\" class=\"headerlink\" title=\"Native App 又是什么？\"></a>Native App 又是什么？</h3><p>Native App 是运行在设备本地的应用，使用的是真实的原生 UI 元素。不像 Hybrid App，Native App 无需牺牲性能，因为它运行在设备原生环境中！<strong>Native App 中没有 WebView 碍事了。</strong> Native App 也能完整访问平台上所有可用的 API（所以不必使用任何插件，虽然它们也有用）。</p><p><strong>谈到 Native App，最好也是最简单的办法是使用免费、开源的 <a href=\"https://www.nativescript.org/\" target=\"_blank\" rel=\"external\">NativeScript</a> 框架。</strong></p><p><img src=\"https://ogjija9ft.qnssl.com/placeholder.png\" data-orig=\"http://p0.qhimg.com/t0122c5404d78455584.png\" alt=\"nativescript architecture\"></p><p>为什么使用 NativeScript ？好吧，就像 hybrid 技术，它可以让你使用所掌握和喜爱的 Web 技能（CSS 和 JavaScript/TypeScript），同时使用我们的插件如 <a href=\"http://www.telerik.com/nativescript-ui\" target=\"_blank\" rel=\"external\">Telerik UI for NativeScript</a> 达到平滑、优雅的用户体验。</p><p><strong>这听起来也挺好的吧？</strong> 也来看看 native 的优缺点细节：</p><h4 id=\"Native-强项\"><a href=\"#Native-强项\" class=\"headerlink\" title=\"Native 强项\"></a>Native 强项</h4><ul><li><p><strong>跨平台：</strong>同 hybrid 一样，使用 NativeScript 创建的应用，同一套代码可以在 iOS 和 Android 上运行</p></li><li><p><strong>代码复用：</strong>还是一样，可以将许多 JavaScript 业务逻辑拷到 NativeScript 应用中（当然得视情况而定）</p></li><li><p><strong>技能复用：</strong>如果你会 JavaScript 和 CSS，或者理解 XML（UI 标记）的概念，那你已经具备理解 NativeScript 的基础了</p></li><li><p><strong>跨平台的原生 UI 和性能：</strong>因为应用使用的是原生组件，它们在任何地方都能跑起来</p></li><li><p><strong>利用现有的原生库：</strong> NativeScript 提供包括 <a href=\"https://cocoapods.org/\" target=\"_blank\" rel=\"external\">CocoaPods</a> 这样的原生库的框架外支持</p></li><li><p><strong>新特性无缝支持：</strong>新的移动操作系统版本可用的时候，NativeScript 马上就能提供支持</p></li></ul><h4 id=\"Native-弱势\"><a href=\"#Native-弱势\" class=\"headerlink\" title=\"Native 弱势\"></a>Native 弱势</h4><ul><li><p><strong>相对较新：</strong> <a href=\"http://developer.telerik.com/featured/defining-a-new-breed-of-cross-platform-mobile-apps/\" target=\"_blank\" rel=\"external\">JavaScript Native</a> 框架相对来说还是比较新，因此社区还在制造资源、拓展文档</p></li><li><p><strong>更陡峭的学习曲线：</strong> Hybrid 让我们使用 HTML，但 NativeScript 迫使我们使用更多的原生应用概念如 原生 UI 元素。对不起，没有 div 了，但是 NativeScript 布局引擎<a href=\"http://developer.telerik.com/featured/demystifying-nativescript-layouts/\" target=\"_blank\" rel=\"external\">理解起来很简单</a></p></li></ul><h3 id=\"两者如何选择？\"><a href=\"#两者如何选择？\" class=\"headerlink\" title=\"两者如何选择？\"></a>两者如何选择？</h3><p><strong>这才是关键问题，对吧？</strong>如果你想开发移动应用，而且有得选择，然后 <a href=\"http://www.telerik.com/platform\" target=\"_blank\" rel=\"external\">Telerik Platform</a> 两种方案都支持，你会怎么选？这儿有一些问题是我们听到人们在选择 hybrid 和 native 开发时的谈论的：</p><p><strong>性能对我很重要 —— 如果体验不好客户才不会要！</strong>如果性能是关键（通常都这样），那就使用 NativeScript 吧。</p><p><strong>我只想尽快上线应用。不需要完美，也不需要 100% 原生。</strong>需要快速开发打样 App？那 hybrid 可能最好的选择。NativeScript 很酷的一点是，你甚至可以直接从打样 App 中复制大部分业务逻辑，放到 NativeScript App 中（它们都是 JavaScript）。</p><p><strong>我想让我的应用不会过时。我可等不及别人写插件或者更新框架。</strong>和最新的移动平台保持同步确实有点麻烦，这也是为何 NativeScript 为各种新操作系统发布、API 升级提供快速支持。</p><p><strong>我<em>需要</em>给我的应用创建一个 Windows Phone 版本！</strong>截至现在，Windows Phone 只支持 hybrid（不过 NativeScript 团队正在为此努力）。</p><h3 id=\"下一步\"><a href=\"#下一步\" class=\"headerlink\" title=\"下一步\"></a>下一步</h3><p><strong>现在开始，在 Telerik Platform 上开始免费试用吧。</strong>我们为你提供即时可用的开发体验，众多关于 hybrid 和 native 的快速入门教程。祝你好运！</p>","categories":[],"tags":[{"name":"翻译","path":"api/tags/翻译.json"},{"name":"移动开发","path":"api/tags/移动开发.json"},{"name":"Hybrid App","path":"api/tags/Hybrid App.json"}]}