{"title":"笔记：IE 下透明度问题","slug":"ie-filter","date":"2016-11-14T11:11:11.000Z","updated":"2017-08-10T10:42:08.508Z","comments":true,"path":"api/articles/ie-filter.json","excerpt":null,"covers":["https://ogjija9ft.qnssl.com/placeholder.png"],"content":"<p>IE8 下面遇到奇怪的问题。本来半透明的 png 图片，竟然一片黑。</p><p><img src=\"https://ogjija9ft.qnssl.com/placeholder.png\" data-orig=\"https://p5.ssl.qhimg.com/t01685a11ad71082aa5.png\" alt=\"\"></p><p>然而，我明明按照习惯使用了 <code>opacity + filter</code> 的方式。</p><figure class=\"highlight css\"><table><tr><td class=\"code\"><pre><div class=\"line\"><span class=\"selector-tag\">img</span> &#123;</div><div class=\"line\">  <span class=\"attribute\">opacity</span>: <span class=\"number\">1</span>;</div><div class=\"line\">  <span class=\"attribute\">filter</span>: <span class=\"built_in\">alpha</span>(opacity=100);</div><div class=\"line\">&#125;</div></pre></td></tr></table></figure><p>结果发现，IE8 完全不是这么解析的。于是想起之前看过不少地方提到为 IE8 准备的 <code>-ms-filter</code>（主要是滤镜什么的）。然后产生了下面这个方法：</p><figure class=\"highlight css\"><table><tr><td class=\"code\"><pre><div class=\"line\"><span class=\"selector-tag\">img</span> &#123;</div><div class=\"line\">  <span class=\"attribute\">opacity</span>: <span class=\"number\">1</span>;</div><div class=\"line\">  <span class=\"attribute\">-ms-filter</span>: <span class=\"string\">\"progid:DXImageTransform.Microsoft.Alpha(Opacity=100)\"</span>;</div><div class=\"line\">  <span class=\"attribute\">_filter</span>: <span class=\"built_in\">alpha</span>(opacity=100);</div><div class=\"line\">&#125;</div></pre></td></tr></table></figure><p>要么是我以前真的没好好拿 IE8 测试过；要么一定是这次情况比较特殊，真的，之前还真没遇到过 <code>filter: alpha(opacity=100)</code> 失败过的。</p><h2 id=\"另外一点\"><a href=\"#另外一点\" class=\"headerlink\" title=\"另外一点\"></a>另外一点</h2><p>里面是一个 flash，功能和图片差不多。要求点击 flash，跳转到另外一个页面。如何实现？</p><p>首先想到的，自然是 <code>a&gt;object</code> 呗。上 IE 测试下，失败。</p><p>然后，那就用 <code>div&gt;(a+object)</code> 吧， <code>a</code> 绝对定位。好像还挺好，测试，还是不行。</p><p>可是 <code>a</code> 明明就在那里啊。随便加个背景色试试看？好像可以了。那试试 transparent 吧，又不行了。那就给加一个透明的背景图吧哈哈哈。</p><figure class=\"highlight html\"><table><tr><td class=\"code\"><pre><div class=\"line\"><span class=\"tag\">&lt;<span class=\"name\">div</span> <span class=\"attr\">class</span>=<span class=\"string\">\"wrap\"</span>&gt;</span></div><div class=\"line\"> <span class=\"tag\">&lt;<span class=\"name\">a</span> <span class=\"attr\">href</span>=<span class=\"string\">\"#\"</span>&gt;</span><span class=\"tag\">&lt;/<span class=\"name\">a</span>&gt;</span></div><div class=\"line\"> <span class=\"tag\">&lt;<span class=\"name\">object</span>&gt;</span></div><div class=\"line\">   ....</div><div class=\"line\"> <span class=\"tag\">&lt;/<span class=\"name\">object</span>&gt;</span></div><div class=\"line\"><span class=\"tag\">&lt;/<span class=\"name\">div</span>&gt;</span></div></pre></td></tr></table></figure><figure class=\"highlight css\"><table><tr><td class=\"code\"><pre><div class=\"line\"><span class=\"selector-class\">.wrap</span> &#123;</div><div class=\"line\">  <span class=\"attribute\">position</span>: relative;</div><div class=\"line\">&#125;</div><div class=\"line\"></div><div class=\"line\"><span class=\"selector-class\">.wrap</span> &gt; <span class=\"selector-tag\">a</span> &#123;</div><div class=\"line\">  <span class=\"attribute\">position</span>: absolute;</div><div class=\"line\">  <span class=\"attribute\">left</span>: <span class=\"number\">0</span>;</div><div class=\"line\">  <span class=\"attribute\">top</span>: <span class=\"number\">0</span>;</div><div class=\"line\">  <span class=\"attribute\">width</span>: <span class=\"number\">100%</span>;</div><div class=\"line\">  <span class=\"attribute\">height</span>: <span class=\"number\">100%</span>;</div><div class=\"line\">  <span class=\"attribute\">z-index</span>: <span class=\"number\">999</span>;</div><div class=\"line\">  <span class=\"attribute\">background</span>: <span class=\"built_in\">url</span>(data:image/png;base64,iVBORw0KGgoAAAANSUhEUgAAAAEAAAABCAQAAAC1HAwCAAAAC0lEQVR42mNkYAAAAAYAAjCB0C8AAAAASUVORK5CYII=);</div><div class=\"line\">&#125;</div></pre></td></tr></table></figure>","categories":[],"tags":[{"name":"原创","path":"api/tags/原创.json"},{"name":"CSS","path":"api/tags/CSS.json"}]}