{"title":"JavaScript Weekly 307 阅读笔记","slug":"javascript-weekly-307","date":"2016-10-28T00:00:00.000Z","updated":"2017-08-10T10:42:08.508Z","comments":true,"path":"api/articles/javascript-weekly-307.json","excerpt":null,"covers":null,"content":"<h2 id=\"js-编写简单的-compiler\"><a href=\"#js-编写简单的-compiler\" class=\"headerlink\" title=\"js 编写简单的 compiler\"></a>js 编写简单的 compiler</h2><ul><li><a href=\"https://medium.com/@kosamari/how-to-be-a-compiler-make-a-compiler-with-javascript-4a8a13d473b4#.ybwdnaudk\" target=\"_blank\" rel=\"external\">How to Make a (Very) Simple Compiler with JS</a></li></ul><p>这个小小的 compiler 还挺简单，将简单的画图指令转换为 SVG 标记。文章作者写了一个 <a href=\"https://kosamari.github.io/sbn/\" target=\"_blank\" rel=\"external\">demo</a>，用来演示转换的整个过程，感觉不错，建议看看。</p><p>之前也有人讲过一些，比如 github 上的 <a href=\"https://github.com/thejameskyle/the-super-tiny-compiler/\" target=\"_blank\" rel=\"external\">the-super-tiny-compiler</a>（有<a href=\"https://github.com/yyzl/the-super-tiny-compiler\" target=\"_blank\" rel=\"external\">中文版</a>），貌似还在 2016 年 JSConf 上讲过。又如我之前翻译的这个，《<a href=\"http://www.wemlion.com/2016/writing-a-lambda-calculus-interpreter-in-javascript/\">小两百行 JavaScript 打造 lambda 演算解释器</a>》。</p><p>其实，说到底还是几个步骤，简单的 compiler 实现起来大同小异。词法分析生成 token，句法分析生成 AST，然后转换 AST，最后遍历 AST 生成代码。</p><p>说到遍历 AST 生成代码，实际上，我们常用的 Babel、UglifyJS 等等这些都有用到。</p><p>想到几篇文章，可以看看：</p><ul><li><p><a href=\"https://www.h5jun.com/post/code-coverage-with-babel-plugin.html\" target=\"_blank\" rel=\"external\">Babel 插件开发与单元测试覆盖度检查</a></p></li><li><p><a href=\"https://www.h5jun.com/post/babel-for-es6-and-beyond.html\" target=\"_blank\" rel=\"external\">Babel for ES6? And Beyond!</a></p></li><li><p><a href=\"https://segmentfault.com/a/1190000006851890\" target=\"_blank\" rel=\"external\">可信前端之路-代码保护</a></p></li></ul><h2 id=\"Typed-Array\"><a href=\"#Typed-Array\" class=\"headerlink\" title=\"Typed Array\"></a>Typed Array</h2><ul><li><a href=\"https://codingbox.io/exploring-javascript-typed-arrays-c8fd4f8bd24f#.vp28u69i6\" target=\"_blank\" rel=\"external\">Exploring JavaScript: Typed Arrays</a></li></ul><p>关于 <strong>Typed Array 的浏览器支持</strong>，目前还存在以下问题：</p><ul><li>IE 9 不支持</li><li>IE10 (以及 IE 10&amp;11 mobile) 不支持 Uint8ClampedArray</li><li>Safari 5.1 不支持 Float64Array</li><li>Firefox 14 以下没有 DataView</li><li>Safari 6 之前的版本, Typed Array 比 Array 对象还要慢</li><li>IE 10 中的 ArrayBuffer 没有 slice 方法</li></ul><p><strong>Type Array 类型</strong>如下：</p><table><thead><tr><th style=\"text-align:left\">Type</th><th style=\"text-align:left\">字节</th><th style=\"text-align:left\">Web IDL type</th><th style=\"text-align:left\">C type</th></tr></thead><tbody><tr><td style=\"text-align:left\">Int8Array</td><td style=\"text-align:left\">1</td><td style=\"text-align:left\">byte</td><td style=\"text-align:left\">int8_t</td></tr><tr><td style=\"text-align:left\">Uint8Array</td><td style=\"text-align:left\">1</td><td style=\"text-align:left\">8-bit unsigned integer octet</td><td style=\"text-align:left\">uint8_t</td></tr><tr><td style=\"text-align:left\">Uint8ClampedArray</td><td style=\"text-align:left\">1</td><td style=\"text-align:left\">8-bit unsigned integer (clamped) octet</td><td style=\"text-align:left\">uint8_t</td></tr><tr><td style=\"text-align:left\">Int16Array</td><td style=\"text-align:left\">2</td><td style=\"text-align:left\">16-bit two’s complement signed integer short</td><td style=\"text-align:left\">int16_t</td></tr><tr><td style=\"text-align:left\">Uint16Array</td><td style=\"text-align:left\">2</td><td style=\"text-align:left\">16-bit unsigned integer unsigned short</td><td style=\"text-align:left\">uint16_t</td></tr><tr><td style=\"text-align:left\">Int32Array</td><td style=\"text-align:left\">4</td><td style=\"text-align:left\">32-bit two’s complement signed integer long</td><td style=\"text-align:left\">int32_t</td></tr><tr><td style=\"text-align:left\">Uint32Array</td><td style=\"text-align:left\">4</td><td style=\"text-align:left\">32-bit unsigned integer unsigned long</td><td style=\"text-align:left\">uint32_t</td></tr><tr><td style=\"text-align:left\">Float32Array</td><td style=\"text-align:left\">4</td><td style=\"text-align:left\">32-bit IEEE floating point number unrestricted float</td><td style=\"text-align:left\">float</td></tr><tr><td style=\"text-align:left\">Float64Array</td><td style=\"text-align:left\">8</td><td style=\"text-align:left\">64-bit IEEE floating point number unrestricted double</td><td style=\"text-align:left\">double</td></tr></tbody></table>","categories":[],"tags":[{"name":"原创","path":"api/tags/原创.json"},{"name":"JavaScript","path":"api/tags/JavaScript.json"},{"name":"阅读笔记","path":"api/tags/阅读笔记.json"}]}