{"title":"JavaScript Weekly 306 阅读笔记","slug":"javascript-weekly-306-notes","date":"2016-10-21T00:00:00.000Z","updated":"2017-08-10T10:42:08.508Z","comments":true,"path":"api/articles/javascript-weekly-306-notes.json","excerpt":null,"covers":null,"content":"<h2 id=\"document-ready-方法\"><a href=\"#document-ready-方法\" class=\"headerlink\" title=\"$(document).ready 方法\"></a><code>$(document).ready</code> 方法</h2><ul><li><p>jQuery 3 中<code>$(document).ready(handler)</code> 等方法被 deprecated，仅保留 <code>$(handler)</code></p></li><li><p><code>$(&#39;img&#39;).ready</code> 这种方式，和 <code>$(document).ready</code> 没有任何区别</p></li><li><p><code>$(selector).ready(handler)</code> 这种是低效的，且会造成不必要的误解</p></li><li><p>脚本放在 <code>&lt;body&gt;</code> 最底部的话，完全不需要 ready；</p></li></ul><p>原生代码实现：</p><figure class=\"highlight javascript\"><table><tr><td class=\"code\"><pre><div class=\"line\"><span class=\"keyword\">var</span> callback = <span class=\"function\"><span class=\"keyword\">function</span>(<span class=\"params\"></span>)</span>&#123;</div><div class=\"line\">  <span class=\"comment\">// Handler when the DOM is fully loaded</span></div><div class=\"line\">&#125;;</div><div class=\"line\"></div><div class=\"line\"><span class=\"keyword\">if</span> (</div><div class=\"line\">    <span class=\"built_in\">document</span>.readyState === <span class=\"string\">\"complete\"</span> ||</div><div class=\"line\">    (<span class=\"built_in\">document</span>.readyState !== <span class=\"string\">\"loading\"</span> &amp;&amp; !<span class=\"built_in\">document</span>.documentElement.doScroll)</div><div class=\"line\">) &#123;</div><div class=\"line\">  callback();</div><div class=\"line\">&#125; <span class=\"keyword\">else</span> &#123;</div><div class=\"line\">  <span class=\"built_in\">document</span>.addEventListener(<span class=\"string\">\"DOMContentLoaded\"</span>, callback);</div><div class=\"line\">&#125;</div><div class=\"line\"></div><div class=\"line\"><span class=\"comment\">// IE &lt;= 8 </span></div><div class=\"line\"><span class=\"built_in\">document</span>.attachEvent(<span class=\"string\">\"onreadystatechange\"</span>, <span class=\"function\"><span class=\"keyword\">function</span>(<span class=\"params\"></span>)</span>&#123;</div><div class=\"line\">  <span class=\"comment\">// check if the DOM is fully loaded</span></div><div class=\"line\">  <span class=\"keyword\">if</span>(<span class=\"built_in\">document</span>.readyState === <span class=\"string\">\"complete\"</span>)&#123;</div><div class=\"line\">    <span class=\"comment\">// remove the listener, to make sure it isn't fired in future</span></div><div class=\"line\">    <span class=\"built_in\">document</span>.detachEvent(<span class=\"string\">\"onreadystatechange\"</span>, <span class=\"built_in\">arguments</span>.callee);</div><div class=\"line\">    <span class=\"comment\">// The actual handler...</span></div><div class=\"line\">  &#125;</div><div class=\"line\">&#125;);</div></pre></td></tr></table></figure><p><small>原文：<a href=\"https://www.sitepoint.com/jquery-document-ready-plain-javascript/\" target=\"_blank\" rel=\"external\">Quick Tip: Replace jQuery’s Ready() with Plain JavaScript</a></small></p><h2 id=\"Yarn-vs-NPM\"><a href=\"#Yarn-vs-NPM\" class=\"headerlink\" title=\"Yarn vs NPM\"></a>Yarn vs NPM</h2><ul><li><p>shrinkwrap</p><ul><li>yarn 会自动更新 yarn.lock 文件，npm 需要手动维护</li><li><a href=\"https://yarnpkg.com/en/docs/configuration#toc-use-yarn-lock-to-pin-your-dependencies\" target=\"_blank\" rel=\"external\">yarn.lock 文档</a></li><li><a href=\"https://docs.npmjs.com/cli/shrinkwrap\" target=\"_blank\" rel=\"external\">npm shrinkwrap 文档</a></li></ul></li><li><p>yarn 并行安装；npm 串行安装</p></li><li><p>命令行差异：见原文，也可参见<a href=\"http://www.wemlion.com/2016/npm-vs-yarn-cheat-sheet/\">Yarn 和 Npm 命令行小抄</a>译文</p></li></ul><h2 id=\"Angular-2-Reactive-Forms\"><a href=\"#Angular-2-Reactive-Forms\" class=\"headerlink\" title=\"Angular 2 Reactive Forms\"></a>Angular 2 Reactive Forms</h2><ul><li><p><a href=\"https://toddmotto.com/angular-2-forms-reactive\" target=\"_blank\" rel=\"external\"><strong>reactive</strong></a> ==&gt; <strong>ReactiveFormsModule</strong></p></li><li><p><a href=\"https://toddmotto.com/angular-2-forms-template-driven\" target=\"_blank\" rel=\"external\"><strong>template-driven</strong></a> ==&gt; <strong>FormsModule</strong></p></li><li><p><code>import { ReactiveFormsModule } from &#39;@angular/forms&#39;;</code></p></li><li><p><code>import { FormControl, FormGroup, Validators } from &#39;@angular/forms&#39;;</code></p></li></ul><figure class=\"highlight javascript\"><table><tr><td class=\"code\"><pre><div class=\"line\"><span class=\"keyword\">export</span> <span class=\"class\"><span class=\"keyword\">class</span> <span class=\"title\">SignupFormComponent</span> <span class=\"title\">implements</span> <span class=\"title\">OnInit</span> </span>&#123;</div><div class=\"line\">  user: FormGroup;</div><div class=\"line\">  <span class=\"keyword\">constructor</span>() &#123;&#125;</div><div class=\"line\">  ngOnInit() &#123;</div><div class=\"line\">    <span class=\"keyword\">this</span>.user = <span class=\"keyword\">new</span> FormGroup(&#123;</div><div class=\"line\">      name: <span class=\"keyword\">new</span> FormControl(<span class=\"string\">''</span>, [Validators.required, Validators.minLength(<span class=\"number\">2</span>)]),</div><div class=\"line\">      account: <span class=\"keyword\">new</span> FormGroup(&#123;</div><div class=\"line\">\temail: <span class=\"keyword\">new</span> FormControl(<span class=\"string\">''</span>, Validators.required),</div><div class=\"line\">\tconfirm: <span class=\"keyword\">new</span> FormControl(<span class=\"string\">''</span>, Validators.required)</div><div class=\"line\">      &#125;)</div><div class=\"line\">    &#125;);</div><div class=\"line\">  &#125;</div><div class=\"line\">  onSubmit(&#123; value, valid &#125;: &#123; <span class=\"attr\">value</span>: User, <span class=\"attr\">valid</span>: boolean &#125;) &#123;</div><div class=\"line\">    <span class=\"built_in\">console</span>.log(value, valid);</div><div class=\"line\">  &#125;</div><div class=\"line\">&#125;</div></pre></td></tr></table></figure><ul><li><code>import { FormBuilder, FormGroup, Validators } from &#39;@angular/forms&#39;;</code></li></ul><figure class=\"highlight javascript\"><table><tr><td class=\"code\"><pre><div class=\"line\">@Component(&#123;...&#125;)</div><div class=\"line\"><span class=\"keyword\">export</span> <span class=\"class\"><span class=\"keyword\">class</span> <span class=\"title\">SignupFormComponent</span> <span class=\"title\">implements</span> <span class=\"title\">OnInit</span> </span>&#123;</div><div class=\"line\">  user: FormGroup;</div><div class=\"line\">  <span class=\"keyword\">constructor</span>(private fb: FormBuilder) &#123;&#125;</div><div class=\"line\">  ngOnInit() &#123;</div><div class=\"line\">    <span class=\"keyword\">this</span>.user = <span class=\"keyword\">this</span>.fb.group(&#123;</div><div class=\"line\">      name: [<span class=\"string\">''</span>, [Validators.required, Validators.minLength(<span class=\"number\">2</span>)]],</div><div class=\"line\">      account: <span class=\"keyword\">this</span>.fb.group(&#123;</div><div class=\"line\">\temail: [<span class=\"string\">''</span>, Validators.required],</div><div class=\"line\">\tconfirm: [<span class=\"string\">''</span>, Validators.required]</div><div class=\"line\">      &#125;)</div><div class=\"line\">    &#125;);</div><div class=\"line\">  &#125;</div><div class=\"line\">  onSubmit(&#123; value, valid &#125;: &#123; <span class=\"attr\">value</span>: User, <span class=\"attr\">valid</span>: boolean &#125;) &#123;</div><div class=\"line\">    <span class=\"built_in\">console</span>.log(value, valid);</div><div class=\"line\">  &#125;</div><div class=\"line\">&#125;</div></pre></td></tr></table></figure><ul><li>FormBuilder 和 FormControl 对比</li></ul><figure class=\"highlight javascript\"><table><tr><td class=\"code\"><pre><div class=\"line\"><span class=\"comment\">// before</span></div><div class=\"line\">ngOnInit() &#123;</div><div class=\"line\">  <span class=\"keyword\">this</span>.user = <span class=\"keyword\">new</span> FormGroup(&#123;</div><div class=\"line\">    name: <span class=\"keyword\">new</span> FormControl(<span class=\"string\">''</span>, [Validators.required, Validators.minLength(<span class=\"number\">2</span>)]),</div><div class=\"line\">    account: <span class=\"keyword\">new</span> FormGroup(&#123;</div><div class=\"line\">      email: <span class=\"keyword\">new</span> FormControl(<span class=\"string\">''</span>, Validators.required),</div><div class=\"line\">      confirm: <span class=\"keyword\">new</span> FormControl(<span class=\"string\">''</span>, Validators.required)</div><div class=\"line\">    &#125;)</div><div class=\"line\">  &#125;);</div><div class=\"line\">&#125;</div><div class=\"line\"></div><div class=\"line\"><span class=\"comment\">// after</span></div><div class=\"line\">ngOnInit() &#123;</div><div class=\"line\">  <span class=\"keyword\">this</span>.user = <span class=\"keyword\">this</span>.fb.group(&#123;</div><div class=\"line\">    name: [<span class=\"string\">''</span>, [Validators.required, Validators.minLength(<span class=\"number\">2</span>)]],</div><div class=\"line\">    account: <span class=\"keyword\">this</span>.fb.group(&#123;</div><div class=\"line\">      email: [<span class=\"string\">''</span>, Validators.required],</div><div class=\"line\">      confirm: [<span class=\"string\">''</span>, Validators.required]</div><div class=\"line\">    &#125;)</div><div class=\"line\">  &#125;);</div><div class=\"line\">&#125;</div></pre></td></tr></table></figure><p><small>原文：<a href=\"https://toddmotto.com/angular-2-forms-reactive\" target=\"_blank\" rel=\"external\">Angular 2 form fundamentals: reactive forms</a></small></p><h2 id=\"ES2016-Strict-Mode\"><a href=\"#ES2016-Strict-Mode\" class=\"headerlink\" title=\"ES2016 Strict Mode\"></a>ES2016 Strict Mode</h2><ul><li>以下情况下，函数体内不能使用 <code>&quot;use strict&quot;</code>：<ul><li>参数有默认值</li><li>参数解构</li><li>rest 参数</li></ul></li></ul><figure class=\"highlight javascript\"><table><tr><td class=\"code\"><pre><div class=\"line\"><span class=\"comment\">// syntax error in ECMAScript 2016</span></div><div class=\"line\"><span class=\"function\"><span class=\"keyword\">function</span> <span class=\"title\">doSomething</span>(<span class=\"params\">a, b=a</span>) </span>&#123;</div><div class=\"line\"><span class=\"meta\">    \"use strict\"</span>;</div><div class=\"line\">    <span class=\"comment\">// code</span></div><div class=\"line\">&#125;</div><div class=\"line\"></div><div class=\"line\"><span class=\"comment\">// syntax error in ECMAScript 2016</span></div><div class=\"line\"><span class=\"keyword\">const</span> doSomething = <span class=\"function\"><span class=\"keyword\">function</span>(<span class=\"params\">&#123;a, b&#125;</span>) </span>&#123;</div><div class=\"line\"><span class=\"meta\">    \"use strict\"</span>;</div><div class=\"line\">    <span class=\"comment\">// code</span></div><div class=\"line\">&#125;;</div><div class=\"line\"></div><div class=\"line\"><span class=\"comment\">// syntax error in ECMAScript 2016</span></div><div class=\"line\"><span class=\"keyword\">const</span> doSomething = <span class=\"function\">(<span class=\"params\">...a</span>) =&gt;</span> &#123;</div><div class=\"line\"><span class=\"meta\">    \"use strict\"</span>;</div><div class=\"line\">    <span class=\"comment\">// code</span></div><div class=\"line\">&#125;;</div></pre></td></tr></table></figure><blockquote><p>the specification indicated that <strong>parameter lists should be parsed in the same mode as the function body</strong> (which means the “use strict” directive in the function body must trigger strict mode).</p></blockquote><p><small>原文：<a href=\"https://www.nczonline.net/blog/2016/10/the-ecmascript-2016-change-you-probably-dont-know/\" target=\"_blank\" rel=\"external\">The ECMAScript 2016 change you probably don’t know</a></small></p><h2 id=\"Asynchronous-Iteration\"><a href=\"#Asynchronous-Iteration\" class=\"headerlink\" title=\"Asynchronous Iteration\"></a>Asynchronous Iteration</h2><ul><li>参见原文</li><li>Alternative 1: Communicating Sequential Processes (CSP), <a href=\"https://github.com/ubolonton/js-csp\" target=\"_blank\" rel=\"external\">js-csp</a></li><li>Alternative 2: Reactive Programming</li></ul><p><small>原文：<a href=\"https://www.nczonline.net/blog/2016/10/the-ecmascript-2016-change-you-probably-dont-know/\" target=\"_blank\" rel=\"external\">The ECMAScript 2016 change you probably don’t know</a></small></p><h2 id=\"Angular-2-变化\"><a href=\"#Angular-2-变化\" class=\"headerlink\" title=\"Angular 2 变化\"></a>Angular 2 变化</h2><p>其实我就看上了 <a href=\"https://plnkr.co/edit/oydh0yvV27hlQPA8wEYP?p=preview\" target=\"_blank\" rel=\"external\">Demo</a> 中的两段代码，很有启发：</p><figure class=\"highlight javascript\"><table><tr><td class=\"code\"><pre><div class=\"line\"><span class=\"comment\">//our root app component</span></div><div class=\"line\"><span class=\"keyword\">import</span> &#123;Component, NgModule, Input, trigger, state, animate, transition, style, HostListener &#125; <span class=\"keyword\">from</span> <span class=\"string\">'@angular/core'</span></div><div class=\"line\"><span class=\"keyword\">import</span> &#123;BrowserModule&#125; <span class=\"keyword\">from</span> <span class=\"string\">'@angular/platform-browser'</span></div><div class=\"line\"><span class=\"keyword\">import</span> &#123;Tooltip&#125; <span class=\"keyword\">from</span> <span class=\"string\">'./tooltip.directive'</span>;</div><div class=\"line\"></div><div class=\"line\">@Component(&#123;</div><div class=\"line\">  selector : <span class=\"string\">'toggle'</span>,</div><div class=\"line\">  animations: [</div><div class=\"line\">    trigger(<span class=\"string\">'toggle'</span>, [</div><div class=\"line\">      state(<span class=\"string\">'true'</span>, style(&#123; <span class=\"attr\">opacity</span>: <span class=\"number\">1</span>; color: <span class=\"string\">'red'</span> &#125;)),</div><div class=\"line\">      state(<span class=\"string\">'void'</span>, style(&#123; <span class=\"attr\">opacity</span>: <span class=\"number\">0</span>; color: <span class=\"string\">'blue'</span> &#125;)),</div><div class=\"line\">      transition(<span class=\"string\">':enter'</span>, animate(<span class=\"string\">'500ms ease-in-out'</span>)),</div><div class=\"line\">      transition(<span class=\"string\">':leave'</span>, animate(<span class=\"string\">'500ms ease-in-out'</span>))</div><div class=\"line\">    ])</div><div class=\"line\">  ],</div><div class=\"line\">  template: <span class=\"string\">`</span></div><div class=\"line\"><span class=\"string\">  &lt;div class=\"toggle\" [@toggle]=\"show\" *ngIf=\"show\"&gt;</span></div><div class=\"line\"><span class=\"string\">    &lt;ng-content&gt;&lt;/ng-content&gt;</span></div><div class=\"line\"><span class=\"string\">  &lt;/div&gt;`</span></div><div class=\"line\">&#125;)</div><div class=\"line\"><span class=\"keyword\">export</span> <span class=\"class\"><span class=\"keyword\">class</span> <span class=\"title\">Toggle</span> </span>&#123;</div><div class=\"line\">  @Input() show:boolean = <span class=\"literal\">true</span>;</div><div class=\"line\">  @HostListener(<span class=\"string\">'document:click'</span>)</div><div class=\"line\">  onClick()&#123;</div><div class=\"line\">    <span class=\"keyword\">this</span>.show=!<span class=\"keyword\">this</span>.show;</div><div class=\"line\">  &#125;</div><div class=\"line\">&#125;</div><div class=\"line\"></div><div class=\"line\">@Component(&#123;</div><div class=\"line\">  selector: <span class=\"string\">'my-app'</span>,</div><div class=\"line\">  template: <span class=\"string\">`</span></div><div class=\"line\"><span class=\"string\">    &lt;div&gt;</span></div><div class=\"line\"><span class=\"string\">      &lt;div tooltip&gt;Click to toggle animations&lt;/div&gt;</span></div><div class=\"line\"><span class=\"string\">      &lt;h2&gt;Hello &#123;&#123;name&#125;&#125;&lt;/h2&gt;</span></div><div class=\"line\"><span class=\"string\">      &lt;toggle&gt;Hey!&lt;/toggle&gt;</span></div><div class=\"line\"><span class=\"string\">    &lt;/div&gt;</span></div><div class=\"line\"><span class=\"string\">  `</span>,</div><div class=\"line\">&#125;)</div><div class=\"line\"><span class=\"keyword\">export</span> <span class=\"class\"><span class=\"keyword\">class</span> <span class=\"title\">App</span> </span>&#123;</div><div class=\"line\">  name:string;</div><div class=\"line\">  <span class=\"keyword\">constructor</span>() &#123;</div><div class=\"line\">    <span class=\"keyword\">this</span>.name = <span class=\"string\">'Angular 2.1'</span></div><div class=\"line\">  &#125;</div><div class=\"line\">&#125;</div><div class=\"line\"></div><div class=\"line\">@NgModule(&#123;</div><div class=\"line\">  imports: [ BrowserModule ],</div><div class=\"line\">  declarations: [ App, Toggle, Tooltip ],</div><div class=\"line\">  bootstrap: [ App ]</div><div class=\"line\">&#125;)</div><div class=\"line\"><span class=\"keyword\">export</span> <span class=\"class\"><span class=\"keyword\">class</span> <span class=\"title\">AppModule</span> </span>&#123;&#125;</div></pre></td></tr></table></figure><figure class=\"highlight javascript\"><table><tr><td class=\"code\"><pre><div class=\"line\"><span class=\"comment\">// tooltip.directive.ts</span></div><div class=\"line\"><span class=\"keyword\">import</span> &#123;Directive, ElementRef, HostListener&#125; <span class=\"keyword\">from</span> <span class=\"string\">\"@angular/core\"</span>;</div><div class=\"line\"></div><div class=\"line\">@Directive(&#123;</div><div class=\"line\">  selector: <span class=\"string\">'[tooltip]'</span>,</div><div class=\"line\">  host: &#123;</div><div class=\"line\">    <span class=\"string\">'[class.tooltip]'</span>: <span class=\"string\">\"true\"</span>,</div><div class=\"line\">  &#125;</div><div class=\"line\">&#125;)</div><div class=\"line\"><span class=\"keyword\">export</span> <span class=\"class\"><span class=\"keyword\">class</span> <span class=\"title\">Tooltip</span> </span>&#123;</div><div class=\"line\">  <span class=\"keyword\">constructor</span>(private div: ElementRef) &#123; &#125;</div><div class=\"line\">  </div><div class=\"line\">  @HostListener(<span class=\"string\">'document:mousemove'</span>, [<span class=\"string\">'$event'</span>])</div><div class=\"line\">  mousemove(e: MouseEvent)&#123;</div><div class=\"line\">    <span class=\"keyword\">this</span>.div.nativeElement.style.display = <span class=\"string\">\"block\"</span>;</div><div class=\"line\">    <span class=\"keyword\">this</span>.div.nativeElement.style.top = e.pageY + <span class=\"number\">15</span> + <span class=\"string\">\"px\"</span>;</div><div class=\"line\">    <span class=\"keyword\">this</span>.div.nativeElement.style.left = e.pageX + <span class=\"number\">10</span> + <span class=\"string\">\"px\"</span>;</div><div class=\"line\">  &#125;</div><div class=\"line\">  </div><div class=\"line\">  @HostListener(<span class=\"string\">'document:mouseout'</span>, [<span class=\"string\">'$event'</span>])</div><div class=\"line\">  mouseout(e: MouseEvent)&#123;</div><div class=\"line\">    <span class=\"keyword\">var</span> <span class=\"keyword\">from</span> = e.relatedTarget || e.toElement;</div><div class=\"line\">    <span class=\"keyword\">if</span> (!<span class=\"keyword\">from</span> || <span class=\"keyword\">from</span>.nodeName == <span class=\"string\">\"HTML\"</span>) &#123;</div><div class=\"line\">      <span class=\"keyword\">this</span>.div.nativeElement.style.display = <span class=\"string\">\"none\"</span>;</div><div class=\"line\">    &#125;</div><div class=\"line\">  &#125;</div><div class=\"line\">&#125;</div></pre></td></tr></table></figure><p><small>原文：<a href=\"https://medium.com/google-developer-experts/angular-2-new-features-in-angular-2-1-94132b1888f0#.wegekey62\" target=\"_blank\" rel=\"external\">Angular 2 — New features in Angular 2.1</a></small></p><h2 id=\"编写自己的-d-ts\"><a href=\"#编写自己的-d-ts\" class=\"headerlink\" title=\"编写自己的 .d.ts\"></a>编写自己的 .d.ts</h2><p>写得挺详细，需要的时候可以参阅</p><p><small>原文：<a href=\"http://blog.wolksoftware.com/contributing-to-definitelytyped\" target=\"_blank\" rel=\"external\">How to Create Your Own TypeScript Type Definition Files (.d.ts)</a></small></p><h2 id=\"更多\"><a href=\"#更多\" class=\"headerlink\" title=\"更多\"></a>更多</h2><p>see <a href=\"http://javascriptweekly.com/issues/306\" target=\"_blank\" rel=\"external\">http://javascriptweekly.com/issues/306</a></p>","categories":[],"tags":[{"name":"原创","path":"api/tags/原创.json"},{"name":"阅读笔记","path":"api/tags/阅读笔记.json"},{"name":"Angular 2","path":"api/tags/Angular 2.json"}]}