{"title":"JavaScript  与函数式编程","slug":"JavaScript-and-Functional-Programming","date":"2016-08-10T12:19:08.000Z","updated":"2017-08-10T10:42:08.508Z","comments":true,"path":"api/articles/JavaScript-and-Functional-Programming.json","excerpt":null,"covers":null,"content":"<blockquote><p><strong>译者注：推荐一篇译文，<a href=\"http://pinggod.com/2016/函数式编程术语解析\" target=\"_blank\" rel=\"external\">《函数式编程术语解析》</a>。</strong></p></blockquote><p><em>本文是我在 2016 年 7 月 29 号听 Kyle Simpson 精彩的课程<strong>《Functional-Light JavaScript》</strong>时所做的笔记（外加个人的深入研究）（<a href=\"https://speakerdeck.com/getify/functional-light-javascript\" target=\"_blank\" rel=\"external\">幻灯片在这</a>）。</em></p><p>长久以来，面向对象在 JavaScript 编程范式中占据着主导地位。不过，最近人们对函数式编程的兴趣正在增长。函数式编程是一种编程风格，它强调将程序状态变化（即<em>副作用[side effect]</em>）的次数减到最小。因此，函数式编程鼓励使用<em>不可变</em>数据（immutable data）和纯函数（pure functions）（“纯”意味着没有副作用的）。它也更倾向于使用<em>声明式</em>的风格，鼓励使用命名良好的函数，这样就能使用在我们视线之外的那些打包好的细节实现，通过描述希望发生什么以进行编码。</p><p>尽管面向对象编程与函数式编程之间有些矛盾，它们却并非互斥的关系。JavaScript 所拥有的工具，能支持这两种方式。甚至可以说，就算不把它孤立地当作函数式语言使用，还是有不少来自函数式方法的概念和最佳实践可以帮助我们，让代码更干净，可读性更强，推理起来更简单。</p><h2 id=\"副作用最小化\"><a href=\"#副作用最小化\" class=\"headerlink\" title=\"副作用最小化\"></a>副作用最小化</h2><p>所谓<em>副作用</em>，指的是函数内部产生了超出函数之外的变化。函数可能会做一些事，如操作 DOM、修改更高层作用域中的变量值，或者将数据写入数据库。这些带来的就是副作用。</p><figure class=\"highlight javascript\"><table><tr><td class=\"code\"><pre><div class=\"line\"><span class=\"comment\">// 有副作用的函数</span></div><div class=\"line\"><span class=\"keyword\">var</span> x = <span class=\"number\">10</span>;</div><div class=\"line\"></div><div class=\"line\"><span class=\"keyword\">const</span> myFunc = <span class=\"function\"><span class=\"keyword\">function</span> (<span class=\"params\"> y </span>) </span>&#123;</div><div class=\"line\">  x = x + y;</div><div class=\"line\">&#125;;</div><div class=\"line\"></div><div class=\"line\">myFunc( <span class=\"number\">3</span> );</div><div class=\"line\"><span class=\"built_in\">console</span>.log( x ); <span class=\"comment\">// 13</span></div><div class=\"line\"></div><div class=\"line\">myFunc( <span class=\"number\">3</span> );</div><div class=\"line\"><span class=\"built_in\">console</span>.log( x ); <span class=\"comment\">// 16</span></div></pre></td></tr></table></figure><p>副作用并非天生邪恶。不产生任何副作用的程序也无法影响世界，因此也没有任何意义（除非是作为理论兴趣进行研究）。不过，副作用确实是危险的，应当尽量避免使用，除非绝对必要。</p><p>当函数产生副作用的时候，仅凭借输入输出的内容，不足以明确函数究竟做了什么工作。必须了解上下文环境、程序状态的历史，这让函数更难理解。在不可预测的交互方式下，副作用可能带来一些 bug，且函数因上述依赖，测试起来也更困难。</p><p>副作用最小化是函数式编程中最基础的原则，接下来的多数小节都可以当作是避免副作用的一些办法概要。</p><h2 id=\"视数据为不可变（Immutable）\"><a href=\"#视数据为不可变（Immutable）\" class=\"headerlink\" title=\"视数据为不可变（Immutable）\"></a>视数据为不可变（Immutable）</h2><p>变动（mutation）指的是值在原位置上的变化（an in-place change to a value）。不可变值意味着，一旦创建出来，永远都不会变化。在 JavaScript 中，简单值如数字、字符串、布尔值这些是不可变的。不过，像对象、数组这样的数据结构都是可变的。</p><figure class=\"highlight javascript\"><table><tr><td class=\"code\"><pre><div class=\"line\"><span class=\"comment\">// push 方法改变了数组</span></div><div class=\"line\"><span class=\"keyword\">const</span> x = [<span class=\"number\">1</span>, <span class=\"number\">2</span>];</div><div class=\"line\"><span class=\"built_in\">console</span>.log( x ); <span class=\"comment\">// [1, 2]</span></div><div class=\"line\"></div><div class=\"line\">x.push( <span class=\"number\">3</span> );</div><div class=\"line\"><span class=\"built_in\">console</span>.log( x ); <span class=\"comment\">// [1, 2, 3]</span></div></pre></td></tr></table></figure><p>为什么要避免变动数据呢？</p><p>变动是一种副作用。程序中变化的东西越少，需要跟踪记录的也就越少，程序也就越简单。</p><p>JavaScript 中维持对象、数组等数据结构不可变性的可用工具很有限。通过 <code>Object.freeze</code> 可以强制实现对象的不可变，但作用深度只有一层：</p><figure class=\"highlight plain\"><table><tr><td class=\"code\"><pre><div class=\"line\">const frozenObject = Object.freeze( &#123; valueOne : 1, valueTwo : &#123; nestedValue : 1 &#125; &#125; );</div><div class=\"line\">frozenObject.valueOne = 2; // 不允许</div><div class=\"line\">frozenObject.valueTwo.nestedValue = 2; // 竟然允许了!</div></pre></td></tr></table></figure><p>不过，还是有一些很棒的工具库解决了这些问题，其中最著名的要数 <a href=\"https://facebook.github.io/immutable-js/\" target=\"_blank\" rel=\"external\">Immutable</a> 了。</p><p>对多数应用来说，使用工具库来保证不可变性有些矫枉过正。很多情况下，简单地将数据当作是不可变的，就能让我们受益良多。</p><h3 id=\"避免变动：数组\"><a href=\"#避免变动：数组\" class=\"headerlink\" title=\"避免变动：数组\"></a>避免变动：数组</h3><p>JavaScript 数组方法可以被概括为<a href=\"https://developer.mozilla.org/en-US/docs/Web/JavaScript/Reference/Global_Objects/Array/prototype#Mutator_methods\" target=\"_blank\" rel=\"external\">变动方法 (mutator methods)</a>和非变动方法。应当尽可能避免变动方法。</p><p>举例来说，<code>concat</code> 方法可以用来替代 <code>push</code> 方法。<code>push</code> 改变了原数组；<code>concat</code> 返回由原数组和作为参数的数组组成的新数组，而原来的数组还是完整的。</p><figure class=\"highlight javascript\"><table><tr><td class=\"code\"><pre><div class=\"line\"><span class=\"comment\">// push 改变了数组</span></div><div class=\"line\"><span class=\"keyword\">const</span> arrayOne = [<span class=\"number\">1</span>, <span class=\"number\">2</span>, <span class=\"number\">3</span>];</div><div class=\"line\">arrayOne.push( <span class=\"number\">4</span> );</div><div class=\"line\"></div><div class=\"line\"><span class=\"built_in\">console</span>.log( arrayOne ); <span class=\"comment\">// [1, 2, 3, 4]</span></div><div class=\"line\"></div><div class=\"line\"><span class=\"comment\">// concat 生成了新数组，原数组保持不变</span></div><div class=\"line\"><span class=\"keyword\">const</span> arrayTwo = [<span class=\"number\">1</span>, <span class=\"number\">2</span>, <span class=\"number\">3</span>];</div><div class=\"line\"><span class=\"keyword\">const</span> arrayThree = arrayTwo.concat([ <span class=\"number\">4</span> ]);</div><div class=\"line\"></div><div class=\"line\"><span class=\"built_in\">console</span>.log( arrayTwo ); <span class=\"comment\">// [1, 2, 3]</span></div><div class=\"line\"><span class=\"built_in\">console</span>.log( arrayThree ); <span class=\"comment\">// [1, 2, 3, 4]</span></div></pre></td></tr></table></figure><p>还有一些非变动方法，包括 <a href=\"https://developer.mozilla.org/en-US/docs/Web/JavaScript/Reference/Global_Objects/Array/map\" target=\"_blank\" rel=\"external\"><code>map</code></a>、<a href=\"https://developer.mozilla.org/en-US/docs/Web/JavaScript/Reference/Global_Objects/Array/filter\" target=\"_blank\" rel=\"external\"><code>filter</code></a>、<a href=\"https://developer.mozilla.org/en-US/docs/Web/JavaScript/Reference/Global_Objects/Array/reduce\" target=\"_blank\" rel=\"external\"><code>reduce</code></a> 等。</p><h3 id=\"避免变动：对象\"><a href=\"#避免变动：对象\" class=\"headerlink\" title=\"避免变动：对象\"></a>避免变动：对象</h3><p>可以使用 <a href=\"https://developer.mozilla.org/en/docs/Web/JavaScript/Reference/Global_Objects/Object/assign\" target=\"_blank\" rel=\"external\"><code>Object.assign</code></a> 方法，而非直接编辑对象。该方法将源对象的属性复制到目标对象中，并将目标对象返回。如果总是用一个空对象作为目标对象，就能通过 <code>Object.assign</code> 避免直接编辑对象。</p><figure class=\"highlight javascript\"><table><tr><td class=\"code\"><pre><div class=\"line\"><span class=\"keyword\">const</span> objectOne = &#123; <span class=\"attr\">valueOne</span> : <span class=\"number\">1</span> &#125;;</div><div class=\"line\"><span class=\"keyword\">const</span> objectTwo = &#123; <span class=\"attr\">valueTwo</span> : <span class=\"number\">2</span> &#125;;</div><div class=\"line\"></div><div class=\"line\"><span class=\"keyword\">const</span> objectThree = <span class=\"built_in\">Object</span>.assign( &#123;&#125;, objectOne, objectTwo );</div><div class=\"line\"></div><div class=\"line\"><span class=\"built_in\">console</span>.log( objectThree ); <span class=\"comment\">// &#123; valueOne : 1, valueTwo : 2 &#125;</span></div></pre></td></tr></table></figure><h3 id=\"关于-const\"><a href=\"#关于-const\" class=\"headerlink\" title=\"关于 const\"></a>关于 <code>const</code></h3><p><code>const</code> 很有用，却不会使数据不可变。它只能防止变量被重新赋值。这不能混为一谈。</p><figure class=\"highlight javascript\"><table><tr><td class=\"code\"><pre><div class=\"line\"><span class=\"keyword\">const</span> x = <span class=\"number\">1</span>;</div><div class=\"line\">x = <span class=\"number\">2</span>; <span class=\"comment\">// 不允许</span></div><div class=\"line\"></div><div class=\"line\"><span class=\"keyword\">const</span> myArray = [<span class=\"number\">1</span>, <span class=\"number\">2</span>, <span class=\"number\">3</span>];</div><div class=\"line\">myArray = [<span class=\"number\">0</span>, <span class=\"number\">2</span>, <span class=\"number\">3</span>]; <span class=\"comment\">// 不允许</span></div><div class=\"line\"></div><div class=\"line\">myArray[<span class=\"number\">0</span>] = <span class=\"number\">0</span>; <span class=\"comment\">// 允许了!</span></div></pre></td></tr></table></figure><h2 id=\"书写纯函数\"><a href=\"#书写纯函数\" class=\"headerlink\" title=\"书写纯函数\"></a>书写纯函数</h2><p><em>纯函数</em> 不会改变程序的状态，也不会产生可感知的副作用。纯函数的输出，仅仅取决于输入值。无论何时何地被调用，只要输入值相同，返回值也就一样。</p><p>纯函数是最小化副作用的重要工具。另外，与上下文无关的特点，也让它们有了高可测试性和可复用性。</p><p>前面讲副作用的小节中的代码里， <code>myFunc</code> 函数就是非纯函数，注意两次调用时输入相同但每次返回结果却不同。不过，它也能改写成纯函数：</p><figure class=\"highlight javascript\"><table><tr><td class=\"code\"><pre><div class=\"line\"><span class=\"comment\">// 将全局变量变为局部变量</span></div><div class=\"line\"><span class=\"keyword\">const</span> myFunc = <span class=\"function\"><span class=\"keyword\">function</span> (<span class=\"params\"> y </span>) </span>&#123;</div><div class=\"line\">  <span class=\"keyword\">const</span> x = <span class=\"number\">10</span>;</div><div class=\"line\">  <span class=\"keyword\">return</span> x + y;</div><div class=\"line\">&#125;</div><div class=\"line\"></div><div class=\"line\"><span class=\"built_in\">console</span>.log(myFunc( <span class=\"number\">3</span> )); <span class=\"comment\">// 13</span></div><div class=\"line\"><span class=\"built_in\">console</span>.log(myFunc( <span class=\"number\">3</span> )); <span class=\"comment\">// 13</span></div></pre></td></tr></table></figure><figure class=\"highlight javascript\"><table><tr><td class=\"code\"><pre><div class=\"line\"><span class=\"comment\">// 将 x 作为参数传递</span></div><div class=\"line\"><span class=\"keyword\">const</span> x = <span class=\"number\">10</span>;</div><div class=\"line\"></div><div class=\"line\"><span class=\"keyword\">const</span> myFunc = <span class=\"function\"><span class=\"keyword\">function</span> (<span class=\"params\"> x, y </span>) </span>&#123;</div><div class=\"line\">  <span class=\"keyword\">return</span> x + y;</div><div class=\"line\">&#125;</div><div class=\"line\"></div><div class=\"line\"><span class=\"built_in\">console</span>.log(myFunc( x, <span class=\"number\">3</span> )); <span class=\"comment\">// 13</span></div><div class=\"line\"><span class=\"built_in\">console</span>.log(myFunc( x, <span class=\"number\">3</span> )); <span class=\"comment\">// 13</span></div></pre></td></tr></table></figure><p>你的程序最终肯定还是会产生一些副作用。当副作用产生的时候，小心应对，尽可能地约束、限制它们的影响。</p><h2 id=\"书写返回函数的函数（Function-Generating-Functions）\"><a href=\"#书写返回函数的函数（Function-Generating-Functions）\" class=\"headerlink\" title=\"书写返回函数的函数（Function-Generating Functions）\"></a>书写返回函数的函数（Function-Generating Functions）</h2><p>找一些程经验的人，让他们猜猜下面的代码做了什么：</p><p>例 1</p><figure class=\"highlight javascript\"><table><tr><td class=\"code\"><pre><div class=\"line\"><span class=\"keyword\">const</span> numbers = [<span class=\"number\">1</span>, <span class=\"number\">2</span>, <span class=\"number\">3</span>];</div><div class=\"line\"></div><div class=\"line\"><span class=\"keyword\">for</span> ( <span class=\"keyword\">let</span> i = <span class=\"number\">0</span>; i &lt; numbers.length; i++ ) &#123;</div><div class=\"line\">  <span class=\"built_in\">console</span>.log( numbers[i] );</div><div class=\"line\">&#125;</div></pre></td></tr></table></figure><p>例 2</p><figure class=\"highlight javascript\"><table><tr><td class=\"code\"><pre><div class=\"line\"><span class=\"keyword\">const</span> numbers = [<span class=\"number\">1</span>, <span class=\"number\">2</span>, <span class=\"number\">3</span>];</div><div class=\"line\"></div><div class=\"line\"><span class=\"keyword\">const</span> print = <span class=\"function\"><span class=\"keyword\">function</span> (<span class=\"params\"> input </span>) </span>&#123;</div><div class=\"line\">  <span class=\"built_in\">console</span>.log( input );</div><div class=\"line\">&#125;;</div><div class=\"line\"></div><div class=\"line\">numbers.forEach( print );</div></pre></td></tr></table></figure><p>我测试过的所有人在例 2 上运气更好。例 1 展示的是<em>命令式</em>方法，将一列数字打印出来。例 2 展示的是<em>声明式</em>方法。将循环遍历数组、在控制台打印数字这些细节各种包装成 <code>forEach</code> 和 <code>print</code> 函数，无需知道<em>如何做</em>，就可以表达我们需要程序<em>做什么</em>。这让代码可读性更高。例 2 的最后一行看起来，很接近英语句子。</p><p>采用这种方法，涉及到编写大量函数。利用现有函数编写生成新函数的函数，可以让这个过程中的重复（<a href=\"https://en.wikipedia.org/wiki/Don%27t_repeat_yourself\" target=\"_blank\" rel=\"external\">DRY</a>-er）更少。</p><p>特别地，JavaScript 的两个特性让这种形式的函数生成变得可能。第一个是<em>闭包</em>。函数能够访问包含作用域中的变量，就算该作用域已不复存在，这就是闭包。第二个特性是，JavaScript 将函数当作值来对待。这使书写高阶函数成为可能，高阶函数可以接收函数作为参数，并/或返回函数。</p><p>这些特性组合在一起，我们就可以编写返回函数的函数了。返回的函数能“记住”传给生成函数的参数，并在程序的其他地方使用这些参数。</p><h3 id=\"函数组合\"><a href=\"#函数组合\" class=\"headerlink\" title=\"函数组合\"></a>函数组合</h3><p>通过<em>函数组合</em>，可能将函数组合在一起形成新的函数。一起来看例子：</p><figure class=\"highlight javascript\"><table><tr><td class=\"code\"><pre><div class=\"line\"><span class=\"comment\">// 通过 add 和 square 函数组合生成 addThenSquare</span></div><div class=\"line\"><span class=\"keyword\">const</span> add = <span class=\"function\"><span class=\"keyword\">function</span> (<span class=\"params\"> x, y </span>) </span>&#123;</div><div class=\"line\">  <span class=\"keyword\">return</span> x + y;</div><div class=\"line\">&#125;;</div><div class=\"line\"></div><div class=\"line\"><span class=\"keyword\">const</span> square = <span class=\"function\"><span class=\"keyword\">function</span> (<span class=\"params\"> x </span>) </span>&#123;</div><div class=\"line\">  <span class=\"keyword\">return</span> x * x;</div><div class=\"line\">&#125;;</div><div class=\"line\"></div><div class=\"line\"><span class=\"keyword\">const</span> addThenSquare = <span class=\"function\"><span class=\"keyword\">function</span> (<span class=\"params\"> x, y </span>) </span>&#123;</div><div class=\"line\">  <span class=\"keyword\">return</span> square(add( x, y ));</div><div class=\"line\">&#125;;</div></pre></td></tr></table></figure><p>你可能会发现一直在重复这种利用更小的函数生成一个更复杂的函数的形式。通常编写一个组合函数会更有效率：</p><figure class=\"highlight javascript\"><table><tr><td class=\"code\"><pre><div class=\"line\"><span class=\"keyword\">const</span> add = <span class=\"function\"><span class=\"keyword\">function</span> (<span class=\"params\"> x, y </span>) </span>&#123;</div><div class=\"line\">  <span class=\"keyword\">return</span> x + y;</div><div class=\"line\">&#125;;</div><div class=\"line\"></div><div class=\"line\"><span class=\"keyword\">const</span> square = <span class=\"function\"><span class=\"keyword\">function</span> (<span class=\"params\"> x </span>) </span>&#123;</div><div class=\"line\">  <span class=\"keyword\">return</span> x * x;</div><div class=\"line\">&#125;;</div><div class=\"line\"></div><div class=\"line\"><span class=\"keyword\">const</span> composeTwo = <span class=\"function\"><span class=\"keyword\">function</span> (<span class=\"params\"> f, g </span>) </span>&#123;</div><div class=\"line\">  <span class=\"keyword\">return</span> <span class=\"function\"><span class=\"keyword\">function</span> (<span class=\"params\"> x, y </span>) </span>&#123;</div><div class=\"line\">    <span class=\"keyword\">return</span> g( f ( x, y ) );</div><div class=\"line\">  &#125;;</div><div class=\"line\">&#125;;</div><div class=\"line\"></div><div class=\"line\"><span class=\"keyword\">const</span> addThenSquare = composeTwo( add, square );</div></pre></td></tr></table></figure><p>还可以走得更远，编写一个更一般化的组合函数：</p><figure class=\"highlight javascript\"><table><tr><td class=\"code\"><pre><div class=\"line\"><span class=\"comment\">// 这个版本的 composeTwo 的初始化函数可以接收任意数量的参数</span></div><div class=\"line\"><span class=\"keyword\">const</span> composeTwo = <span class=\"function\"><span class=\"keyword\">function</span> (<span class=\"params\"> f, g </span>) </span>&#123;</div><div class=\"line\">  <span class=\"keyword\">return</span> <span class=\"function\"><span class=\"keyword\">function</span> (<span class=\"params\"> ...args </span>) </span>&#123;</div><div class=\"line\">    <span class=\"keyword\">return</span> g( f( ...args ) );</div><div class=\"line\">  &#125;;</div><div class=\"line\">&#125;;</div><div class=\"line\"></div><div class=\"line\"><span class=\"comment\">// composeMany 可以接收任意数量的函数</span></div><div class=\"line\"><span class=\"comment\">// 其初始化函数能接收任意数量的参数</span></div><div class=\"line\"><span class=\"keyword\">const</span> composeMany = <span class=\"function\"><span class=\"keyword\">function</span> (<span class=\"params\"> ...args </span>) </span>&#123;</div><div class=\"line\">  <span class=\"keyword\">const</span> funcs = args;</div><div class=\"line\">  <span class=\"keyword\">return</span> <span class=\"function\"><span class=\"keyword\">function</span> (<span class=\"params\"> ...args </span>) </span>&#123;</div><div class=\"line\">    funcs.forEach(<span class=\"function\">(<span class=\"params\"> func </span>) =&gt;</span> &#123;</div><div class=\"line\">      args = [func.apply( <span class=\"keyword\">this</span>, args )]; </div><div class=\"line\">    &#125;);</div><div class=\"line\">    <span class=\"keyword\">return</span> args[<span class=\"number\">0</span>];</div><div class=\"line\">  &#125;;</div><div class=\"line\">&#125;;</div></pre></td></tr></table></figure><p>组合函数的最终形式取决于你所需的通用性水平，以及偏好的 API 类型。</p><h3 id=\"偏函数（Partial-Application）\"><a href=\"#偏函数（Partial-Application）\" class=\"headerlink\" title=\"偏函数（Partial Application）\"></a>偏函数（Partial Application）</h3><p><em>Partial 函数应用</em> 指定函数参数中的一个或多个，然后返回一个稍后会被完整调用的函数。</p><p>在下面的例子中，<code>double</code>、<code>triple</code> 和 <code>quadruple</code> 都是 <code>multiply</code> 函数的 partial 应用。</p><figure class=\"highlight javascript\"><table><tr><td class=\"code\"><pre><div class=\"line\"><span class=\"keyword\">const</span> multiply = <span class=\"function\"><span class=\"keyword\">function</span> (<span class=\"params\"> x, y </span>) </span>&#123;</div><div class=\"line\">  <span class=\"keyword\">return</span> x * y;</div><div class=\"line\">&#125;;</div><div class=\"line\"></div><div class=\"line\"><span class=\"keyword\">const</span> partApply = <span class=\"function\"><span class=\"keyword\">function</span> (<span class=\"params\"> fn, x </span>) </span>&#123;</div><div class=\"line\">  <span class=\"keyword\">return</span> <span class=\"function\"><span class=\"keyword\">function</span> (<span class=\"params\"> y </span>) </span>&#123;</div><div class=\"line\">    fn( x, y );</div><div class=\"line\">  &#125;;</div><div class=\"line\">&#125;;</div><div class=\"line\"></div><div class=\"line\"><span class=\"keyword\">const</span> double = partApply( multiply, <span class=\"number\">2</span> );</div><div class=\"line\"><span class=\"keyword\">const</span> triple = partApply( multiply, <span class=\"number\">3</span> );</div><div class=\"line\"><span class=\"keyword\">const</span> quadruple = partApply( multiply, <span class=\"number\">4</span> );</div></pre></td></tr></table></figure><h3 id=\"柯里化\"><a href=\"#柯里化\" class=\"headerlink\" title=\"柯里化\"></a>柯里化</h3><p><em>柯里化</em>是将接收多个参数的函数转换为一系列只接收一个参数的函数的过程。</p><figure class=\"highlight javascript\"><table><tr><td class=\"code\"><pre><div class=\"line\"><span class=\"keyword\">const</span> multiply = <span class=\"function\"><span class=\"keyword\">function</span> (<span class=\"params\"> x, y </span>) </span>&#123;</div><div class=\"line\">  <span class=\"keyword\">return</span> x * y;</div><div class=\"line\">&#125;;</div><div class=\"line\"></div><div class=\"line\"><span class=\"keyword\">const</span> curry = <span class=\"function\"><span class=\"keyword\">function</span> (<span class=\"params\"> fn </span>) </span>&#123;</div><div class=\"line\">  <span class=\"keyword\">return</span> <span class=\"function\"><span class=\"keyword\">function</span> (<span class=\"params\"> x </span>) </span>&#123;</div><div class=\"line\">    <span class=\"keyword\">return</span> <span class=\"function\"><span class=\"keyword\">function</span> (<span class=\"params\"> y </span>) </span>&#123;</div><div class=\"line\">      <span class=\"keyword\">return</span> fn( x, y );</div><div class=\"line\">    &#125;;</div><div class=\"line\">  &#125;;</div><div class=\"line\">&#125;;</div><div class=\"line\"></div><div class=\"line\"><span class=\"keyword\">const</span> curriedMultiply = curry( multiply );</div><div class=\"line\"></div><div class=\"line\"><span class=\"keyword\">const</span> double = curriedMultiply( <span class=\"number\">2</span> );</div><div class=\"line\"><span class=\"keyword\">const</span> triple = curriedMultiply( <span class=\"number\">3</span> );</div><div class=\"line\"><span class=\"keyword\">const</span> quadruple = curriedMultiply( <span class=\"number\">4</span> );</div><div class=\"line\"></div><div class=\"line\"><span class=\"built_in\">console</span>.log(triple( <span class=\"number\">6</span> )); <span class=\"comment\">// 18</span></div></pre></td></tr></table></figure><p>柯里化和 partial 应用在概念上很相似（可能不会两个都需要使用），但仍然有所不同。主要区别在于，柯里化总是生成函数套链，每次只接收一个参数，而 partial 应用返回的函数可以一次接收多个参数。 比较它们作用于最少接收三个参数的函数时，这种差别就更明晰了：</p><figure class=\"highlight javascript\"><table><tr><td class=\"code\"><pre><div class=\"line\"><span class=\"keyword\">const</span> multiply = <span class=\"function\"><span class=\"keyword\">function</span> (<span class=\"params\"> x, y, z </span>) </span>&#123;</div><div class=\"line\">  <span class=\"keyword\">return</span> x * y * z;</div><div class=\"line\">&#125;;</div><div class=\"line\"></div><div class=\"line\"><span class=\"keyword\">const</span> curry = <span class=\"function\"><span class=\"keyword\">function</span> (<span class=\"params\"> fn </span>) </span>&#123;</div><div class=\"line\">  <span class=\"keyword\">return</span> <span class=\"function\"><span class=\"keyword\">function</span> (<span class=\"params\"> x </span>) </span>&#123;</div><div class=\"line\">    <span class=\"keyword\">return</span> <span class=\"function\"><span class=\"keyword\">function</span> (<span class=\"params\"> y </span>) </span>&#123;</div><div class=\"line\">      <span class=\"keyword\">return</span> <span class=\"function\"><span class=\"keyword\">function</span> (<span class=\"params\"> z </span>) </span>&#123;</div><div class=\"line\">        <span class=\"keyword\">return</span> fn( x, y, z );</div><div class=\"line\">      &#125;;</div><div class=\"line\">    &#125;;</div><div class=\"line\">  &#125;;</div><div class=\"line\">&#125;;</div><div class=\"line\"></div><div class=\"line\"><span class=\"keyword\">const</span> partApply = <span class=\"function\"><span class=\"keyword\">function</span> (<span class=\"params\"> fn, x </span>) </span>&#123;</div><div class=\"line\">  <span class=\"keyword\">return</span> <span class=\"function\"><span class=\"keyword\">function</span> (<span class=\"params\"> y, z </span>) </span>&#123;</div><div class=\"line\">    <span class=\"keyword\">return</span> fn( x, y, z );</div><div class=\"line\">  &#125;;</div><div class=\"line\">&#125;;</div><div class=\"line\"></div><div class=\"line\"><span class=\"keyword\">const</span> curriedMultiply = curry( multiply );</div><div class=\"line\"><span class=\"keyword\">const</span> partiallyAppliedMultiply = partApply( multiply, <span class=\"number\">10</span> );</div><div class=\"line\"></div><div class=\"line\"><span class=\"built_in\">console</span>.log(curriedMultiply( <span class=\"number\">10</span> )( <span class=\"number\">5</span> )( <span class=\"number\">2</span> )); <span class=\"comment\">// 100</span></div><div class=\"line\"><span class=\"built_in\">console</span>.log(partiallyAppliedMultiply( <span class=\"number\">5</span>, <span class=\"number\">2</span> )); <span class=\"comment\">// 100</span></div></pre></td></tr></table></figure><h2 id=\"递归\"><a href=\"#递归\" class=\"headerlink\" title=\"递归\"></a>递归</h2><p><em>递归</em>函数是这样一种函数，它会一直调用自身，直至满足基本条件。递归函数是高度声明式的。它们也很优雅，写起来很爽！</p><p>下面是计算递归计算阶乘的例子：</p><figure class=\"highlight javascript\"><table><tr><td class=\"code\"><pre><div class=\"line\"><span class=\"keyword\">const</span> factorial = <span class=\"function\"><span class=\"keyword\">function</span> (<span class=\"params\"> n </span>) </span>&#123;</div><div class=\"line\">  <span class=\"keyword\">if</span> ( n === <span class=\"number\">0</span> ) &#123;</div><div class=\"line\">    <span class=\"keyword\">return</span> <span class=\"number\">1</span>;</div><div class=\"line\">  &#125;</div><div class=\"line\">  <span class=\"keyword\">return</span> n * factorial( n - <span class=\"number\">1</span> );</div><div class=\"line\">&#125;;</div><div class=\"line\"></div><div class=\"line\"><span class=\"built_in\">console</span>.log(factorial( <span class=\"number\">10</span> )); <span class=\"comment\">// 3628800</span></div></pre></td></tr></table></figure><p>在 JavaScript 中使用递归函数需要细心一些。每次函数调用都会向调用栈（call stack）中加入新的调用帧（call frame），当函数返回的时候，该调用帧从调用栈中弹出。递归函数调用在返回之前调用自身，所以很容易就会超出调用栈的限制，导致程序崩溃。</p><p>不过，这可以通过<em>尾调用优化</em>来避免。</p><h3 id=\"尾调用优化\"><a href=\"#尾调用优化\" class=\"headerlink\" title=\"尾调用优化\"></a>尾调用优化</h3><p>尾调用指的是，某个函数的最后一步动作是调用函数。尾调用优化指的是，当语言编译器识别到尾调用的时候，会对其复用相同的调用帧。这意味着，在编写尾调用的递归函数时，调用帧的限制永远不会被超出，因为调用帧会被反复使用。</p><p>下面是将前面的递归函数采用尾递归优化重写之后的例子:</p><figure class=\"highlight javascript\"><table><tr><td class=\"code\"><pre><div class=\"line\"><span class=\"keyword\">const</span> factorial = <span class=\"function\"><span class=\"keyword\">function</span> (<span class=\"params\"> n, base </span>) </span>&#123;</div><div class=\"line\">  <span class=\"keyword\">if</span> ( n === <span class=\"number\">0</span> ) &#123;</div><div class=\"line\">    <span class=\"keyword\">return</span> base;</div><div class=\"line\">  &#125;</div><div class=\"line\">  base *= n;</div><div class=\"line\">  <span class=\"keyword\">return</span> factorial( n - <span class=\"number\">1</span>, base );</div><div class=\"line\">&#125;;</div><div class=\"line\"></div><div class=\"line\"><span class=\"built_in\">console</span>.log(factorial( <span class=\"number\">10</span>, <span class=\"number\">1</span> )); <span class=\"comment\">// 3628800</span></div></pre></td></tr></table></figure><p><a href=\"http://www.ecma-international.org/ecma-262/6.0/#sec-tail-position-calls\" target=\"_blank\" rel=\"external\">ES2015 语言规范</a>中已包含了适当的尾部调用的支持，但目前在大部分环境中尚未得到支持。可以在<a href=\"https://kangax.github.io/compat-table/es6/\" target=\"_blank\" rel=\"external\">这里</a>查看你能否使用。</p><h2 id=\"小结\"><a href=\"#小结\" class=\"headerlink\" title=\"小结\"></a>小结</h2><p>函数式编程容纳了许多思想，借助它们可以优化代码。纯函数和不可变数据将副作用的危害最小化，声明式编程让代码可读性大大提高。在与复杂性的斗争中，这些是我们应当拥抱的重要工具。</p><h2 id=\"资源\"><a href=\"#资源\" class=\"headerlink\" title=\"资源\"></a>资源</h2><h3 id=\"概述性\"><a href=\"#概述性\" class=\"headerlink\" title=\"概述性\"></a>概述性</h3><ul><li><p><a href=\"https://www.sitepoint.com/series/introduction-functional-javascript/\" target=\"_blank\" rel=\"external\">SitePoint: An Introduction to Functional JavaScript</a></p></li><li><p><a href=\"http://www.cs.utexas.edu/~shmat/courses/cs345/whyfp.pdf\" target=\"_blank\" rel=\"external\">John Hughes: Why Functional Programming Matters</a></p></li><li><p><a href=\"http://www.vasinov.com/blog/16-months-of-functional-programming/\" target=\"_blank\" rel=\"external\">Vasily Vasinov: 16 Months of Functional Programming</a></p></li><li><p><a href=\"http://stephen-young.me.uk/2013/01/20/functional-programming-with-javascript.html\" target=\"_blank\" rel=\"external\">Stephen Young: Functional programming with Javascript</a></p></li><li><p><a href=\"http://jrsinclair.com/articles/2016/gentle-introduction-to-functional-javascript-intro/\" target=\"_blank\" rel=\"external\">James Sinclair: A Gentle Introduction to Functional JavaScript</a></p></li></ul><h3 id=\"副作用\"><a href=\"#副作用\" class=\"headerlink\" title=\"副作用\"></a>副作用</h3><ul><li><p><a href=\"https://en.wikipedia.org/wiki/Side_effect_(computer_science\" target=\"_blank\" rel=\"external\">Wikipedia: Side effect (computer science)</a>)</p></li><li><p><a href=\"http://stackoverflow.com/questions/763835/are-side-effects-a-good-thing\" target=\"_blank\" rel=\"external\">Stack Overflow: Are side effects a good thing?</a></p></li></ul><h3 id=\"不可变性\"><a href=\"#不可变性\" class=\"headerlink\" title=\"不可变性\"></a>不可变性</h3><ul><li><p><a href=\"https://www.sitepoint.com/immutability-javascript/\" target=\"_blank\" rel=\"external\">Site Point: Immutability in JavaScript</a></p></li><li><p><a href=\"https://auth0.com/blog/2016/03/23/intro-to-immutable-js/\" target=\"_blank\" rel=\"external\">Auth0: Introduction to Immutable.js and Functional Programming Concepts</a></p></li><li><p><a href=\"http://programmers.stackexchange.com/questions/151733/if-immutable-objects-are-good-why-do-people-keep-creating-mutable-objects\" target=\"_blank\" rel=\"external\">Stack Exchange: If immutable objects are good, why do people keep creating mutable objects?</a></p></li><li><p><a href=\"http://stackoverflow.com/questions/34385243/why-is-immutability-so-importantor-needed-in-javascript\" target=\"_blank\" rel=\"external\">Stack Overflow: Why is immutability so important(or needed) in javascript?</a></p></li><li><p><a href=\"http://www.youtube.com/watch?v=I7IdS-PbEgI&amp;t=14m8s\" target=\"_blank\" rel=\"external\">React.js Conf 2015 - Immutable Data and React (video)</a></p></li><li><p><a href=\"https://egghead.io/lessons/javascript-redux-avoiding-array-mutations-with-concat-slice-and-spread\" target=\"_blank\" rel=\"external\">Redux: Avoiding Array Mutations with concat(), slice(), and …spread (video)</a></p></li><li><p><a href=\"https://egghead.io/lessons/javascript-redux-avoiding-object-mutations-with-object-assign-and-spread\" target=\"_blank\" rel=\"external\">Redux: Avoiding Object Mutations with Object.assign() and …spread (video)</a></p></li></ul><h3 id=\"纯函数\"><a href=\"#纯函数\" class=\"headerlink\" title=\"纯函数\"></a>纯函数</h3><ul><li><a href=\"https://egghead.io/lessons/javascript-redux-pure-and-impure-functions\" target=\"_blank\" rel=\"external\">Redux: Pure and Impure Functions</a></li></ul><h3 id=\"函数生成\"><a href=\"#函数生成\" class=\"headerlink\" title=\"函数生成\"></a>函数生成</h3><ul><li><p><a href=\"http://eloquentjavascript.net/05_higher_order.html\" target=\"_blank\" rel=\"external\">Eloquent JavaScript: Higher-Order Functions</a></p></li><li><p><a href=\"http://scott.sauyet.com/Javascript/Talk/Compose/2013-05-22/#slide-0\" target=\"_blank\" rel=\"external\">Scott Sauyet: Compose Yourself: Fun with Functions</a></p></li><li><p><a href=\"http://www.vasinov.com/blog/on-currying-and-partial-function-application/\" target=\"_blank\" rel=\"external\">Vasily Vasinov: On Currying and Partial Function Application</a></p></li><li><p><a href=\"http://www.2ality.com/2011/09/currying-vs-part-eval.html\" target=\"_blank\" rel=\"external\">2ality: Currying versus partial application</a></p></li></ul><h3 id=\"递归-1\"><a href=\"#递归-1\" class=\"headerlink\" title=\"递归\"></a>递归</h3><ul><li><p><a href=\"http://stackoverflow.com/questions/3021/what-is-recursion-and-when-should-i-use-it\" target=\"_blank\" rel=\"external\">Stack Overflow: What is recursion and when should I use it?</a></p></li><li><p><a href=\"https://medium.com/functional-javascript/recursion-282a6abbf3c5#.i913o81g3\" target=\"_blank\" rel=\"external\">Medium: Recursion</a></p></li><li><p><a href=\"http://benignbemine.github.io/2015/07/19/es6-tail-calls/\" target=\"_blank\" rel=\"external\">Kyle Owen: ES6 Tail Call Optimization Explained</a></p></li><li><p><a href=\"https://taylodl.wordpress.com/2013/06/07/functional-javascript-tail-call-optimization-and-trampolines/\" target=\"_blank\" rel=\"external\">Don Taylor: Functional JavaScript – Tail Call Optimization and Trampolines</a></p></li><li><p><a href=\"http://www.integralist.co.uk/posts/js-recursion.html\" target=\"_blank\" rel=\"external\">Mark McDonnell: Understanding recursion in functional JavaScript programming</a></p></li></ul>","categories":[],"tags":[{"name":"翻译","path":"api/tags/翻译.json"},{"name":"函数式编程","path":"api/tags/函数式编程.json"},{"name":"JavaScript","path":"api/tags/JavaScript.json"}]}