{"title":"使用 jQuery.ajax 上传带文件的表单","slug":"jquery-ajax-formdata","date":"2016-10-29T00:00:00.000Z","updated":"2017-08-10T10:42:08.508Z","comments":true,"path":"api/articles/jquery-ajax-formdata.json","excerpt":null,"covers":["https://ogjija9ft.qnssl.com/placeholder.png"],"content":"<p>今天帮人看代码的时候，遇到一点小问题。使用 jQuery 上传带文件的表单时，会有些问题。</p><p>首先，因为使用的是 FormData，所以必须在传入 <code>$.ajax</code> 的参数中配置 <code>processData: false</code>。</p><p>否则将会抛出 <code>Illegal invocation</code> 的异常，因为 jQuery 默认是会对传入的 data 字段的数据进行处理的。</p><p><a href=\"http://api.jquery.com/jQuery.ajax/\" target=\"_blank\" rel=\"external\">官方文档</a>是这么解释的：</p><p><img src=\"https://ogjija9ft.qnssl.com/placeholder.png\" data-orig=\"http://p4.qhimg.com/t01d7c364142dff02d8.png\" alt=\"\"></p><p>其次，注意请求的 <code>Content-Type</code> 首部，默认是 <code>application/x-www-form-urlencoded; charset=UTF-8</code>，也就是我们通常见的 “a=A&amp;b=B” 这种格式。但使用 FormData 时，就不行了。</p><p>对参数添加 <code>contentType 字段</code>，将其值设置为 <code>false</code> 即可。如果 jQuery 版本小于 1.6，则手动设置为 <code>multipart/form-data</code>。具体说明请见文档说明：</p><p><img src=\"https://ogjija9ft.qnssl.com/placeholder.png\" data-orig=\"http://p8.qhimg.com/t0119601cbcb3c8db14.png\" alt=\"\"></p><p>我以前通常都是使用原生的 <code>XMLHttpRequest</code>，所以倒也没有遇到过这种问题。既然遇到了，就得解决。因此记录下来，以备日后查找。</p>","categories":[],"tags":[{"name":"原创","path":"api/tags/原创.json"},{"name":"JavaScript","path":"api/tags/JavaScript.json"},{"name":"jQuery","path":"api/tags/jQuery.json"}]}