{"title":"异步场景下的 Js 编程","slug":"js-promise-slides","date":"2016-01-05T09:41:51.000Z","updated":"2017-08-10T10:42:08.508Z","comments":true,"path":"api/articles/js-promise-slides.json","excerpt":null,"covers":null,"content":"<p>注：下面是近一年前给几位后端同学分享 Promise 时的幻灯。</p><p><iframe id=\"slide\" src=\"http://angusfu.github.io/slides/promise/\" frameborder=\"0\" width=\"100%\" height=\"450px\"></iframe></p><script>!function(t,e){var n=e.getElementsByClassName(\"post-content\")[0].getBoundingClientRect().width;e.getElementById(\"slide\").style.cssText=\"width:\"+n+\"px; height:\"+200*n/290+\"px;\"}(window,document);</script>","categories":[],"tags":[{"name":"原创","path":"api/tags/原创.json"},{"name":"Promise","path":"api/tags/Promise.json"},{"name":"slides","path":"api/tags/slides.json"}]}