{"title":"关于 setImmediate","slug":"js-set-immediate","date":"2016-10-27T00:00:00.000Z","updated":"2017-08-10T10:42:08.512Z","comments":true,"path":"api/articles/js-set-immediate.json","excerpt":null,"covers":null,"content":"<h2 id=\"W3C-Draft\"><a href=\"#W3C-Draft\" class=\"headerlink\" title=\"W3C Draft\"></a>W3C Draft</h2><ul><li><a href=\"https://dvcs.w3.org/hg/webperf/raw-file/tip/specs/setImmediate/Overview.html\" target=\"_blank\" rel=\"external\">文档地址</a></li></ul><p>题目叫 “Efficient Script Yielding”，一份 2011 年的 “Editor’s Draft”，从题目就能看出用途。建议有时间读一遍，超级短。摘要就一句话：</p><blockquote><p>This specification defines an interface for web applications to flush the browser event queue and receive an immediate callback.<br>本说明文档定义了一个用于刷新浏览器事件队列、接收即时回调的 Web 应用接口。</p></blockquote><h2 id=\"MDN\"><a href=\"#MDN\" class=\"headerlink\" title=\"MDN\"></a>MDN</h2><ul><li><a href=\"https://developer.mozilla.org/en-US/docs/Web/API/Window/setImmediate\" target=\"_blank\" rel=\"external\">文档地址</a></li></ul><p>MDN 的文档没得说。遇到问题去查查肯定不会害你，有时候运气好，还能读到翻译过来的中文版：</p><blockquote><p>This method is used to break up long running operations and run a callback function immediately after the browser has completed other operations such as events and display updates.<br>该方法用来把一些需要长时间运行的操作放在一个回调函数里,在浏览器完成后面的其他语句后,就立刻执行这个回调函数。</p></blockquote><p>但同时，文档提到， <strong>只有 IE 10+ 和 Node.js 0.10+ 实现了该方法</strong>。setImmediate 受到了 Gecko 和 Webkit 的 “resistance”（抵制）。建议跟着去看看热闹。</p><p>MDN 文档中提到了三种模拟 setImmediate 的方式：<code>postMessage</code>、<code>MessageChannel</code>、<code>setTimeout(fn, 0)</code>。</p><h2 id=\"setImmediate-polyfill\"><a href=\"#setImmediate-polyfill\" class=\"headerlink\" title=\"setImmediate polyfill\"></a>setImmediate polyfill</h2><ul><li><a href=\"https://github.com/YuzuJS/setImmediate\" target=\"_blank\" rel=\"external\">源码</a></li></ul><p>对于 Node 0.9 之前的，使用 <code>process.nextTick</code> 模拟；对于非 IE 10 的现代浏览器，使用 <code>postMessage</code>；对 Web Worker，使用 <code>MessageChannel</code>（这个之后需要关注下）；对 IE 6–8，向 html 中插入新的 script 标签，在 <code>onreadystatechange</code> 事件中执行回调；其他浏览器，统一使用 <code>setTimeout(fn, 0)</code> 的形式。</p><figure class=\"highlight javascript\"><table><tr><td class=\"code\"><pre><div class=\"line\"><span class=\"comment\">// Don't get fooled by e.g. browserify environments.</span></div><div class=\"line\"><span class=\"keyword\">if</span> (&#123;&#125;.toString.call(global.process) === <span class=\"string\">\"[object process]\"</span>) &#123;</div><div class=\"line\">    <span class=\"comment\">// For Node.js before 0.9</span></div><div class=\"line\">    installNextTickImplementation();</div><div class=\"line\"></div><div class=\"line\">&#125; <span class=\"keyword\">else</span> <span class=\"keyword\">if</span> (canUsePostMessage()) &#123;</div><div class=\"line\">    <span class=\"comment\">// For non-IE10 modern browsers</span></div><div class=\"line\">    installPostMessageImplementation();</div><div class=\"line\"></div><div class=\"line\">&#125; <span class=\"keyword\">else</span> <span class=\"keyword\">if</span> (global.MessageChannel) &#123;</div><div class=\"line\">    <span class=\"comment\">// For web workers, where supported</span></div><div class=\"line\">    installMessageChannelImplementation();</div><div class=\"line\"></div><div class=\"line\">&#125; <span class=\"keyword\">else</span> <span class=\"keyword\">if</span> (doc &amp;&amp; <span class=\"string\">\"onreadystatechange\"</span> <span class=\"keyword\">in</span> doc.createElement(<span class=\"string\">\"script\"</span>)) &#123;</div><div class=\"line\">    <span class=\"comment\">// For IE 6–8</span></div><div class=\"line\">    installReadyStateChangeImplementation();</div><div class=\"line\"></div><div class=\"line\">&#125; <span class=\"keyword\">else</span> &#123;</div><div class=\"line\">    <span class=\"comment\">// For older browsers</span></div><div class=\"line\">    installSetTimeoutImplementation();</div><div class=\"line\">&#125;</div></pre></td></tr></table></figure><h2 id=\"Nicholas-C-Zakas-的文章\"><a href=\"#Nicholas-C-Zakas-的文章\" class=\"headerlink\" title=\"Nicholas C. Zakas 的文章\"></a>Nicholas C. Zakas 的文章</h2><ul><li><a href=\"https://www.nczonline.net/blog/2011/09/19/script-yielding-with-setimmediate/\" target=\"_blank\" rel=\"external\">文章地址</a></li></ul><p>文章很短，但讲得还挺仔细的。作者提到了两点好处：</p><ul><li>可以直接在 UI 队列清空后直接插入 JS 任务；</li><li>延迟更短，不必等待下一次 timer tick</li></ul><h2 id=\"Edge-Demo\"><a href=\"#Edge-Demo\" class=\"headerlink\" title=\"Edge Demo\"></a>Edge Demo</h2><ul><li><a href=\"https://msedgeportal.trafficmanager.net/en-us/microsoft-edge/testdrive/demos/setImmediateSorting/\" target=\"_blank\" rel=\"external\">Demo 地址</a></li></ul><p>通过 250 个数的排序，来对比处理效率。基本原理是，排序时将每一步的交换操作放在回调中，对比排序完成的效率。一共有四种：</p><ul><li><code>setTimeout(fn, 15)</code></li><li><code>setTimeout(fn, 4)</code></li><li><code>PostMessage</code></li><li><code>setImmediate</code></li></ul><p>关于前两种的时间间隔问题，建议直接取读 demo 底部的说明。已经很详细了。</p><h2 id=\"Stackoverflow\"><a href=\"#Stackoverflow\" class=\"headerlink\" title=\"Stackoverflow\"></a>Stackoverflow</h2><ul><li><p><a href=\"http://stackoverflow.com/questions/15349733/setimmediate-vs-nexttick\" target=\"_blank\" rel=\"external\">setImmediate vs. nextTick</a></p></li><li><p><a href=\"http://stackoverflow.com/questions/17502948/nexttick-vs-setimmediate-visual-explanation\" target=\"_blank\" rel=\"external\">nextTick vs setImmediate, visual explanation</a></p></li></ul><h2 id=\"题外话\"><a href=\"#题外话\" class=\"headerlink\" title=\"题外话\"></a>题外话</h2><ul><li><p>以前竟然不知道 setTimeout 也能接收第三个第四个参数的。<code>setTimeout((a, b) =&gt; a + b, 0, 22, 33)</code>。</p></li><li><p><code>!(x &gt; 9)</code> 和 <code>x &lt;= 9</code> 可不一定完全等价，前者在不确定 <code>x</code> 的类型时，特别有用，不用额外判断 undefined。</p></li></ul>","categories":[],"tags":[{"name":"原创","path":"api/tags/原创.json"},{"name":"JavaScript","path":"api/tags/JavaScript.json"}]}