{"title":"Node.js .Sh Scripts Manager","slug":"Node.js-sh-scripts-Manager","date":"2016-07-12T00:00:00.000Z","updated":"2017-08-10T10:42:08.508Z","comments":true,"path":"api/articles/Node.js-sh-scripts-Manager.json","excerpt":null,"covers":null,"content":"<h2 id=\"命令行也有苦恼\"><a href=\"#命令行也有苦恼\" class=\"headerlink\" title=\"命令行也有苦恼\"></a>命令行也有苦恼</h2><p>不知身为前端er的你是不是还在使用 Windows 开发？反正我是。使用 Git？使用 npm scripts？好吧，命令行是少不了的吧？想必很多同学和我一样，使用 Git Bash 作为命令行终端吧。</p><p>可是每次都要敲，累不累？想想一次简单的 Git 提交需要几个步骤？</p><figure class=\"highlight bash\"><table><tr><td class=\"code\"><pre><div class=\"line\">$ git add -A</div><div class=\"line\">$ git commit -m <span class=\"string\">'commit'</span></div><div class=\"line\">$ git push</div></pre></td></tr></table></figure><p>图简便的你可能会在 package.json 中这样配置：</p><figure class=\"highlight javascript\"><table><tr><td class=\"code\"><pre><div class=\"line\">&#123;</div><div class=\"line\">    <span class=\"comment\">// ...</span></div><div class=\"line\">    <span class=\"string\">\"scripts\"</span>: &#123;</div><div class=\"line\">       <span class=\"comment\">// ...</span></div><div class=\"line\">       <span class=\"string\">\"push\"</span>: <span class=\"string\">\"git add -A &amp;&amp; git commit -m 'commit' &amp;&amp; git push\"</span></div><div class=\"line\">    &#125;</div><div class=\"line\">&#125;</div><div class=\"line\"><span class=\"comment\">// ...</span></div></pre></td></tr></table></figure><p>然后再敲 <code>npm run push</code>。啊啊心好累。</p><p>用过 <code>browser-sync cli</code> 吗？反正为了图简便，我是经常用的。敲过最变态的是下面这一行：</p><figure class=\"highlight bash\"><table><tr><td class=\"code\"><pre><div class=\"line\">browser-sync start --server --files <span class=\"string\">\"dist/*\"</span>\\</div><div class=\"line\">    --index <span class=\"string\">\"dist/index.html\"</span>\\</div><div class=\"line\">    --open <span class=\"string\">\"external\"</span>\\</div><div class=\"line\">    --reload-debounce --no-notify</div></pre></td></tr></table></figure><h2 id=\"bat-sh-的故事\"><a href=\"#bat-sh-的故事\" class=\"headerlink\" title=\".bat/.sh 的故事\"></a>.bat/.sh 的故事</h2><p>敲过一次之后，发誓再也不这么玩了。索性在桌面保存了一个 <code>bs.bat</code> 文件，把上面的内容放进去。每次都从桌面 copy 到工作目录中去，双击完事。</p><p>后来玩 github 稍微勤了一些，commit、pull 的时候，命令行敲起来固然爽得不行，可是累啊。在上一家公司做 react-native 应用的时候，对 <code>react-native run start</code> <code>cd android &amp;&amp; ./gradlew assembleRelease</code> 也是深恶痛绝。最后无不以 bat、sh文件收尾。</p><h2 id=\"nshm-的由来\"><a href=\"#nshm-的由来\" class=\"headerlink\" title=\"nshm 的由来\"></a>nshm 的由来</h2><p>前些时间接触到一个管理 <code>npm registry</code> 的 package，叫 <code>nrm</code>，用起来真是爽。<code>nrm use taobao</code> <code>nrm add xx url</code>简单就能解决问题。这让我萌生一个想法：能不能不要每次都从桌面 copy 那些简单的脚本啊，来个简单的命令行自己把文件写目录不就 OK 了吗？</p><p>酝酿了一段时间。迟迟不肯动手。今天中午下楼抽烟，灵机一动，思路来了，花了半下午时间，边写边重构，最终做出来一个略嫌简陋但还能凑合用的工具，名之曰 “nshm”，取 “Node.js .sh scripts Manager” 的缩写，放在 Github 上了，<a href=\"https://github.com/AngusFu/nshm\" target=\"_blank\" rel=\"external\">https://github.com/AngusFu/nshm</a>。</p><p>使用起来很简单，看文档就行。</p><h2 id=\"安装\"><a href=\"#安装\" class=\"headerlink\" title=\"安装\"></a>安装</h2><figure class=\"highlight bash\"><table><tr><td class=\"code\"><pre><div class=\"line\"></div><div class=\"line\">$ npm install nshm -g</div><div class=\"line\"></div><div class=\"line\">$ nshm &lt;<span class=\"built_in\">command</span>&gt; [args...]</div></pre></td></tr></table></figure><h2 id=\"添加一条自定义命令\"><a href=\"#添加一条自定义命令\" class=\"headerlink\" title=\"添加一条自定义命令\"></a>添加一条自定义命令</h2><figure class=\"highlight bash\"><table><tr><td class=\"code\"><pre><div class=\"line\">$ nshm add &lt;command_name&gt; -[t|f] [text|path]</div><div class=\"line\"></div><div class=\"line\"><span class=\"comment\"># add file content</span></div><div class=\"line\">$ nshm add commit --file ./my-commit.sh</div><div class=\"line\"><span class=\"comment\"># or</span></div><div class=\"line\">$ nshm add commit -f ./my-commit.sh</div><div class=\"line\"></div><div class=\"line\"><span class=\"comment\"># add text content</span></div><div class=\"line\">$ nshm add pull --text <span class=\"string\">\"git pull\"</span></div><div class=\"line\"><span class=\"comment\"># or</span></div><div class=\"line\">$ nshm add pull -t <span class=\"string\">\"git pull\"</span></div></pre></td></tr></table></figure><h2 id=\"多个命令合并成一条命令\"><a href=\"#多个命令合并成一条命令\" class=\"headerlink\" title=\"多个命令合并成一条命令\"></a>多个命令合并成一条命令</h2><figure class=\"highlight bash\"><table><tr><td class=\"code\"><pre><div class=\"line\">$ nshm co &lt;command_name&gt; [<span class=\"built_in\">command</span>|text] [<span class=\"built_in\">command</span>|text] [<span class=\"built_in\">command</span>|text] [...]</div><div class=\"line\"></div><div class=\"line\">$ nshm co git commit pull <span class=\"string\">\"git status\"</span></div></pre></td></tr></table></figure><h2 id=\"删除缓存的命令\"><a href=\"#删除缓存的命令\" class=\"headerlink\" title=\"删除缓存的命令\"></a>删除缓存的命令</h2><figure class=\"highlight bash\"><table><tr><td class=\"code\"><pre><div class=\"line\">$ nshm rm &lt;command_name&gt; &lt;command_name&gt; &lt;...&gt; </div><div class=\"line\"></div><div class=\"line\">$ nshm rm commit pull git</div></pre></td></tr></table></figure><h2 id=\"清除所有缓存的命令\"><a href=\"#清除所有缓存的命令\" class=\"headerlink\" title=\"清除所有缓存的命令\"></a>清除所有缓存的命令</h2><figure class=\"highlight bash\"><table><tr><td class=\"code\"><pre><div class=\"line\">$ nshm clean</div></pre></td></tr></table></figure><h2 id=\"列出现有的命令\"><a href=\"#列出现有的命令\" class=\"headerlink\" title=\"列出现有的命令\"></a>列出现有的命令</h2><figure class=\"highlight bash\"><table><tr><td class=\"code\"><pre><div class=\"line\"><span class=\"comment\"># view all names</span></div><div class=\"line\">$ nshm ls</div><div class=\"line\"></div><div class=\"line\"><span class=\"comment\"># view all details</span></div><div class=\"line\">$ nshm ls -a</div></pre></td></tr></table></figure><h2 id=\"Example-01\"><a href=\"#Example-01\" class=\"headerlink\" title=\"Example 01\"></a>Example 01</h2><figure class=\"highlight bash\"><table><tr><td class=\"code\"><pre><div class=\"line\">$ nshm add add -t <span class=\"string\">\"git add -A\"</span></div><div class=\"line\">$ nshm add commit -t <span class=\"string\">\"git commit -m 'push'\"</span></div><div class=\"line\">$ nshm add pull -t <span class=\"string\">\"git push\"</span></div><div class=\"line\"></div><div class=\"line\">$ nshm co git add commit pull</div><div class=\"line\"></div><div class=\"line\"><span class=\"comment\"># init my directory</span></div><div class=\"line\"><span class=\"comment\"># then we'll get `add.sh` `commit.sh` `pull.sh`</span></div><div class=\"line\">$ nshm git</div></pre></td></tr></table></figure><h2 id=\"Example-02\"><a href=\"#Example-02\" class=\"headerlink\" title=\"Example 02\"></a>Example 02</h2><figure class=\"highlight bash\"><table><tr><td class=\"code\"><pre><div class=\"line\"><span class=\"comment\"># browserSync cli </span></div><div class=\"line\"><span class=\"comment\"># here we use `$&#123;&#125;` as placeholders</span></div><div class=\"line\"><span class=\"comment\"># for necessary params</span></div><div class=\"line\">$ nshm add bs -t <span class=\"string\">\"browser-sync start --server --files \\\"<span class=\"variable\">$&#123;files&#125;</span>\\\" --index \\\"<span class=\"variable\">$&#123;index&#125;</span>\\\" --open \\\"external\\\" --reload-debounce --no-notify\"</span></div><div class=\"line\"></div><div class=\"line\"><span class=\"comment\"># now we get the `bs.sh` file under our working directory</span></div><div class=\"line\">$ nshm bs --file <span class=\"string\">'**'</span> --index <span class=\"string\">'index.html'</span></div></pre></td></tr></table></figure><h2 id=\"结尾\"><a href=\"#结尾\" class=\"headerlink\" title=\"结尾\"></a>结尾</h2><p>工具默认自带了 Git 相关的 <code>commit</code> <code>pull</code> 及集成两者的 <code>git</code> 命令，还有上面提到的 <code>browser-sync</code> 的命令（简称作<code>bs</code>）。也可以使用 <code>nshm add</code> 的形式自己添加。</p><p>微不足道的工具，自娱自乐一下，虽然显得 low 了点，也能解决自己的一点问题。</p><p>That’s all。</p><p>PS: 今晚开始看 WebRTC 的内容，小有收获，学习的生活捡起来！</p>","categories":[],"tags":[{"name":"原创","path":"api/tags/原创.json"},{"name":"Node.js","path":"api/tags/Node.js.json"},{"name":"命令行工具","path":"api/tags/命令行工具.json"}]}