{"title":"理解 Node.js 事件循环","slug":"nodejs-event-loop","date":"2016-11-12T00:00:00.000Z","updated":"2017-08-10T10:42:08.512Z","comments":true,"path":"api/articles/nodejs-event-loop.json","excerpt":null,"covers":["https://ogjija9ft.qnssl.com/placeholder.png"],"content":"<p>本文介绍了 Node.js 事件循环是如何工作，如何使用 Node.js 构建高速应用。文章还会涉及最常见的一些问题及其解决方案。</p><p>（我们正在编写一系列文章，聚焦于那些大规模使用 Node.js 的公司、有一定 Node 基础的开发者们的需求。）</p><p><strong>Node.js at Scale 系列章节:</strong></p><ul><li><p><strong>使用 npm</strong></p><ul><li><a href=\"https://blog.risingstack.com/nodejs-at-scale-npm-best-practices\" target=\"_blank\" rel=\"external\">npm 技巧与最佳实践</a></li><li><a href=\"https://blog.risingstack.com/nodejs-at-scale-npm-publish-tutorial\" target=\"_blank\" rel=\"external\">语义化版本和模块发布</a></li><li><a href=\"https://blog.risingstack.com/node-js-at-scale-module-system-commonjs-require\" target=\"_blank\" rel=\"external\">理解 Module System、CommonJS 和 require</a></li></ul></li><li><p><strong>深入 Node.js 底层</strong></p><ul><li>Node.js 事件循环 (<strong>正是本文</strong>)</li><li>垃圾回收</li><li>编写元素模块</li></ul></li><li><p><strong>Building</strong></p><ul><li>Node.js 应用结构</li><li>代码整洁之道</li><li>异步处理</li><li>事件源（Event sourcing）</li><li>命令查询与责任隔离</li></ul></li><li><p><strong>Testing</strong></p><ul><li>单元测试</li><li>E2E 测试</li></ul></li><li><p><strong>生产环境的 Node.js</strong></p><ul><li>应用监控</li><li>应用调试</li><li>应用分析</li></ul></li><li><p><strong>微服务</strong></p><ul><li>请求签名（Request Signing）</li><li>分布式跟踪（Distributed Tracing）</li><li>API 网关（API Gateways）</li></ul></li></ul><hr><h2 id=\"问题提出\"><a href=\"#问题提出\" class=\"headerlink\" title=\"问题提出\"></a>问题提出</h2><p>多数网站后端是不需要进行复杂运算的。程序多数时间都在等待进行硬盘读写，等待网络传输信息、响应返回。</p><p>IO 操作可能比数据处理要慢几个数量级。举个例子，SSD 可以达到 200-730 MB/s 的速度 —— 至少高端 SSD 可以做到。读取 1KB 数据仅需要 1.4μs，但同样的时间里，主频 2GHz 的 CPU 可以完成 28,000 次指令处理周期。</p><p>对网络通信来说，情况还可能更糟糕，ping 下 google.com 试试看：</p><figure class=\"highlight plain\"><table><tr><td class=\"code\"><pre><div class=\"line\">$ ping google.com</div><div class=\"line\">64 bytes from 172.217.16.174: icmp_seq=0 ttl=52 time=33.017 ms  </div><div class=\"line\">64 bytes from 172.217.16.174: icmp_seq=1 ttl=52 time=83.376 ms  </div><div class=\"line\">64 bytes from 172.217.16.174: icmp_seq=2 ttl=52 time=26.552 ms  </div><div class=\"line\">64 bytes from 172.217.16.174: icmp_seq=3 ttl=52 time=40.153 ms  </div><div class=\"line\">64 bytes from 172.217.16.174: icmp_seq=4 ttl=52 time=37.291 ms  </div><div class=\"line\">64 bytes from 172.217.16.174: icmp_seq=5 ttl=52 time=58.692 ms  </div><div class=\"line\">64 bytes from 172.217.16.174: icmp_seq=6 ttl=52 time=45.245 ms  </div><div class=\"line\">64 bytes from 172.217.16.174: icmp_seq=7 ttl=52 time=27.846 ms</div></pre></td></tr></table></figure><p>平均延时为 44ms。数据包在网络上一个来回，前面提到的处理器可以执行 8800 万次周期。</p><h2 id=\"解决方案\"><a href=\"#解决方案\" class=\"headerlink\" title=\"解决方案\"></a>解决方案</h2><p>多数操作系统都提供了某种类型的异步 IO 接口，在允许我们在处理那些不依赖于通信结果的数据之外，通信还能继续…</p><p>数种方式可以达到此目的。如今的完成方式，主要是以额外的软件复杂性为代价，挖掘多线程潜力。比方说，在 Java 或 Python 中，文件读取是阻塞操作。在等待网络/硬盘通信（network/disk communication）完成时，程序无法做任何其他工作。我们能做的 —— 至少在 Java 中是如此 —— 只能是启动新的线程，然后在操作完成后通知主线程。</p><p>既枯燥又复杂，但能完成任务。那 Node 是怎样的呢？好吧，因为 Node.js（更准确的说是 V8） 是单线程的，我们肯定也会遇到同样的问题。我们代码只能在一个线程中运行。</p><p><strong>编者按</strong>: 这里所说的并非完全正确。Java 和 Python 都有异步接口，但使用起来要比 Node.js 麻烦得多。感谢 <a href=\"https://disqus.com/by/keidi19/\" target=\"_blank\" rel=\"external\">Shahar</a> 和 <a href=\"https://twitter.com/dirkjharrington\" target=\"_blank\" rel=\"external\">Dirk Harrington</a> 指正。</p><p>也许你知道，有时候，在浏览器中用 <code>setTimeout(someFunction, 0)</code> 能够神奇地解决一些问题。可是为什么将超时时间设置为 0，将执行延迟 0ms 就能解决问题？难道和立即调用 <code>someFunction</code> 不是一回事吗？并非如此。</p><p>首先，来看看调用栈（call stack），又简称作“栈”。我会尽量将问题简化，因为我们只需要理解调用栈的最基本概念。如果你对此已经熟悉，请直接<a href=\"#事件循环\">跳到下一节吧</a>。</p><h2 id=\"调用栈\"><a href=\"#调用栈\" class=\"headerlink\" title=\"调用栈\"></a>调用栈</h2><p>调用一个函数时，返回地址（return address）、参数（arguments）、本地变量（local variables）等都会被推入栈中。如果在当前正在运行的函数中调用另一个函数，则该函数的相关内容也会以同样的方式推到栈顶。</p><p>为行文简便，接下来我将使用“函数被推入栈顶”这样不太准确的表达。</p><p>来看看吧！（<strong>译者注：下面的示意图中的一些地方将 <code>square</code> 误作 <code>sqrt</code>，请根据代码甄别。</strong>）</p><figure class=\"highlight javascript\"><table><tr><td class=\"code\"><pre><div class=\"line\"><span class=\"function\"><span class=\"keyword\">function</span> <span class=\"title\">main</span> (<span class=\"params\"></span>) </span>&#123;</div><div class=\"line\">  <span class=\"keyword\">const</span> hypotenuse = getLengthOfHypotenuse(<span class=\"number\">3</span>, <span class=\"number\">4</span>)</div><div class=\"line\">  <span class=\"built_in\">console</span>.log(hypotenuse)</div><div class=\"line\">&#125;</div><div class=\"line\"> </div><div class=\"line\"><span class=\"function\"><span class=\"keyword\">function</span> <span class=\"title\">getLengthOfHypotenuse</span>(<span class=\"params\">a, b</span>) </span>&#123;</div><div class=\"line\">  <span class=\"keyword\">const</span> squareA = square(a)</div><div class=\"line\">  <span class=\"keyword\">const</span> squareB = square(b)</div><div class=\"line\">  <span class=\"keyword\">const</span> sumOfSquares = squareA + squareB</div><div class=\"line\">  <span class=\"keyword\">return</span> <span class=\"built_in\">Math</span>.sqrt(sumOfSquares)  </div><div class=\"line\">&#125;</div><div class=\"line\"></div><div class=\"line\"><span class=\"function\"><span class=\"keyword\">function</span> <span class=\"title\">square</span>(<span class=\"params\">number</span>) </span>&#123;  </div><div class=\"line\">  <span class=\"keyword\">return</span> number * number  </div><div class=\"line\">&#125;</div><div class=\"line\"></div><div class=\"line\">main()</div></pre></td></tr></table></figure><p>首先调用 <code>main</code> 函数：</p><p><img src=\"https://ogjija9ft.qnssl.com/placeholder.png\" data-orig=\"http://p0.qhimg.com/t01ce56e785b8ca1925.png\" alt=\"The main function\"></p><p>紧接着以 3 和 4 为参数，调用 <code>getLengthOfHypotenuse</code> 函数：</p><p><img src=\"https://ogjija9ft.qnssl.com/placeholder.png\" data-orig=\"http://p0.qhimg.com/t01638ef1f34edebd4b.png\" alt=\"The getLengthOfHypotenuse function\"></p><p>然后是 <code>square(a)</code>：</p><p><img src=\"https://ogjija9ft.qnssl.com/placeholder.png\" data-orig=\"http://p0.qhimg.com/t01853c10926172f492.png\" alt=\"The square(a) function\"></p><p><code>square(a)</code> 返回后，从栈中弹出，其返回值赋值给 <code>squareA</code>。然后 <code>squareA</code> 被添加到 <code>getLengthOfHypotenuse</code> 的调用帧中：</p><p><img src=\"https://ogjija9ft.qnssl.com/placeholder.png\" data-orig=\"http://p0.qhimg.com/t0131d9d440676ac6db.png\" alt=\"Variable a\"></p><p>下面计算 <code>square(b)</code> 也是一样：</p><p><img src=\"https://ogjija9ft.qnssl.com/placeholder.png\" data-orig=\"http://p0.qhimg.com/t01d0940a2e39afc9b8.png\" alt=\"The square(b) function\"></p><p><img src=\"https://ogjija9ft.qnssl.com/placeholder.png\" data-orig=\"http://p0.qhimg.com/t01e3c678adc983fe06.png\" alt=\"Variable b\"></p><p>下一行是表达式 <code>squareA + squareB</code> 求值：</p><p><img src=\"https://ogjija9ft.qnssl.com/placeholder.png\" data-orig=\"http://p0.qhimg.com/t01a6f422d209f22c87.png\" alt=\"sumOfSquares\"></p><p>计算 <code>Math.sqrt(sumOfSquares)</code>:</p><p><img src=\"https://ogjija9ft.qnssl.com/placeholder.png\" data-orig=\"http://p0.qhimg.com/t01a839e63df37022d1.png\" alt=\"Math.sqrt\"></p><p>现在 <code>getLengthOfHypotenuse</code> 剩下的工作就是将计算的最终结果返回：</p><p><img src=\"https://ogjija9ft.qnssl.com/placeholder.png\" data-orig=\"http://p0.qhimg.com/t018965143c9066d384.png\" alt=\"The return function\"></p><p><code>getLengthOfHypotenuse</code> 返回值被赋值给 <code>main</code> 中的 <code>hypotenuse</code>：</p><p><img src=\"https://ogjija9ft.qnssl.com/placeholder.png\" data-orig=\"http://p0.qhimg.com/t0151eb79acb5966784.png\" alt=\"hypotenuse\"></p><p>控制台打印出 <code>hypotenuse</code>：</p><p><img src=\"https://ogjija9ft.qnssl.com/placeholder.png\" data-orig=\"http://p0.qhimg.com/t0103341d998752b217.png\" alt=\"The console log\"></p><p>然后，<code>main</code> 返回，不带任何值，并从栈中弹出，栈变为空。</p><p><img src=\"https://ogjija9ft.qnssl.com/placeholder.png\" data-orig=\"http://p0.qhimg.com/t01d03e975bae0fee94.png\" alt=\"Finally\"></p><p><strong>注意</strong>： 上面提到函数执行完毕后，本地变量从栈中弹出。这仅对 Number、String、Boolean 等基本类型的值成立。对象、数组等值位于堆（heap）中，变量只是指向它们的指针。传递的变量其实只是指针，让这些值在不同的栈帧中可变化。当函数从栈中弹出后，只有指针弹出，而实际值依然还在堆中。当对象失去作用后，由垃圾回收器释放空间。</p><h2 id=\"事件循环\"><a href=\"#事件循环\" class=\"headerlink\" title=\"事件循环\"></a>事件循环</h2><p><img src=\"https://ogjija9ft.qnssl.com/placeholder.png\" data-orig=\"http://p0.qhimg.com/t01c3a8e7546481b4ee.gif\" alt=\"The Node.js Event Loop - cat version\"></p><p>不不不，不是这种循环。 :)</p><p>所以，当我们调用 <code>setTimeout</code>、<code>http.get</code>、<code>process.nextTick</code> 或 <code>fs.readFile</code> 这样一些东西时，到底发生了什么？V8 代码没有这些，但 Chrome WebApi 和 Node.js 的 C++ API 中有。要了解它们，我们得更好地理解执行顺序。</p><p>看看一个更一般的 Node.js 应用 —— 监听 <code>localhost:3000/</code> 的服务器。收到请求时，服务器会在控制台上打印一些消息，请求 <code>wttr.in/</code>，然后将接收的响应转发给请求者。</p><figure class=\"highlight javascript\"><table><tr><td class=\"code\"><pre><div class=\"line\"><span class=\"meta\">'use strict'</span> </div><div class=\"line\"><span class=\"keyword\">const</span> express = <span class=\"built_in\">require</span>(<span class=\"string\">'express'</span>)  </div><div class=\"line\"><span class=\"keyword\">const</span> superagent = <span class=\"built_in\">require</span>(<span class=\"string\">'superagent'</span>)  </div><div class=\"line\"><span class=\"keyword\">const</span> app = express()</div><div class=\"line\"></div><div class=\"line\">app.get(<span class=\"string\">'/'</span>, sendWeatherOfRandomCity)</div><div class=\"line\"></div><div class=\"line\"><span class=\"function\"><span class=\"keyword\">function</span> <span class=\"title\">sendWeatherOfRandomCity</span> (<span class=\"params\">request, response</span>) </span>&#123;  </div><div class=\"line\">  getWeatherOfRandomCity(request, response)</div><div class=\"line\">  sayHi()</div><div class=\"line\">&#125;</div><div class=\"line\"></div><div class=\"line\"><span class=\"keyword\">const</span> CITIES = [  </div><div class=\"line\">  <span class=\"string\">'london'</span>,</div><div class=\"line\">  <span class=\"string\">'newyork'</span>,</div><div class=\"line\">  <span class=\"string\">'paris'</span>,</div><div class=\"line\">  <span class=\"string\">'budapest'</span>,</div><div class=\"line\">  <span class=\"string\">'warsaw'</span>,</div><div class=\"line\">  <span class=\"string\">'rome'</span>,</div><div class=\"line\">  <span class=\"string\">'madrid'</span>,</div><div class=\"line\">  <span class=\"string\">'moscow'</span>,</div><div class=\"line\">  <span class=\"string\">'beijing'</span>,</div><div class=\"line\">  <span class=\"string\">'capetown'</span>,</div><div class=\"line\">]</div><div class=\"line\"></div><div class=\"line\"><span class=\"function\"><span class=\"keyword\">function</span> <span class=\"title\">getWeatherOfRandomCity</span> (<span class=\"params\">request, response</span>) </span>&#123;  </div><div class=\"line\">  <span class=\"keyword\">const</span> city = CITIES[<span class=\"built_in\">Math</span>.floor(<span class=\"built_in\">Math</span>.random() * CITIES.length)]</div><div class=\"line\">  superagent.get(<span class=\"string\">`wttr.in/<span class=\"subst\">$&#123;city&#125;</span>`</span>)</div><div class=\"line\">    .end(<span class=\"function\">(<span class=\"params\">err, res</span>) =&gt;</span> &#123;</div><div class=\"line\">      <span class=\"keyword\">if</span> (err) &#123;</div><div class=\"line\">        <span class=\"built_in\">console</span>.log(<span class=\"string\">'O snap'</span>)</div><div class=\"line\">        <span class=\"keyword\">return</span> response.status(<span class=\"number\">500</span>).send(<span class=\"string\">'There was an error getting the weather, try looking out the window'</span>)</div><div class=\"line\">      &#125;</div><div class=\"line\">      <span class=\"keyword\">const</span> responseText = res.text</div><div class=\"line\">      response.send(responseText)</div><div class=\"line\">      <span class=\"built_in\">console</span>.log(<span class=\"string\">'Got the weather'</span>)</div><div class=\"line\">    &#125;)</div><div class=\"line\"></div><div class=\"line\">  <span class=\"built_in\">console</span>.log(<span class=\"string\">'Fetching the weather, please be patient'</span>)</div><div class=\"line\">&#125;</div><div class=\"line\"></div><div class=\"line\"><span class=\"function\"><span class=\"keyword\">function</span> <span class=\"title\">sayHi</span> (<span class=\"params\"></span>) </span>&#123;  </div><div class=\"line\">  <span class=\"built_in\">console</span>.log(<span class=\"string\">'Hi'</span>)</div><div class=\"line\">&#125;</div><div class=\"line\"></div><div class=\"line\">app.listen(<span class=\"number\">3000</span>)</div></pre></td></tr></table></figure><p>请求 <code>localhost:3000</code> 时，除了获取天气，还有哪些内容打印出来？</p><p>如果你在 Node 方面有些经验，肯定不会惊讶：在代码中，尽管调用 <code>console.log(&#39;Fetching the weather, please be patient&#39;)</code> 在 <code>console.log(&#39;Got the weather&#39;)</code> 之后，当前者会先打印出来：</p><figure class=\"highlight bash\"><table><tr><td class=\"code\"><pre><div class=\"line\">Fetching the weather, please be patient  </div><div class=\"line\">Hi  </div><div class=\"line\">Got the weather</div></pre></td></tr></table></figure><p>发生了什么？就算 V8 是单线程的，Node 底层的 C++ API 并不是啊。这意味着，无论何时调用非阻塞的操作，Node 会在底层调用一些和 JavaScript 代码同时运行的代码。一旦该隐藏线程接收到等待的值或者抛出错误，就会传入必要参数，调用提供的回调。</p><p><strong>注意</strong>： 上面所谓的“一些和 JavaScript 代码同时运行的代码”，实际上是 <a href=\"https://github.com/libuv/libuv\" target=\"_blank\" rel=\"external\">libuv</a> 的一部分。libuv 是处理线程池的开源库，用于处理信号，以及异步任务执行所必要的其他东西。一开始是为 Node.js 开发的，不过目前也有<a href=\"https://github.com/libuv/libuv/wiki/Projects-that-use-libuv\" target=\"_blank\" rel=\"external\">很多其他项目</a>在使用。</p><p>为了深入底层，我们需要引入两个新概念：事件循环（event loop）和任务队列（task queue）。</p><h3 id=\"任务队列\"><a href=\"#任务队列\" class=\"headerlink\" title=\"任务队列\"></a>任务队列</h3><p>Javascript 是单线程、事件驱动型语言。这意味着，我们可以为事件添加监听器，当某一事件触发时，监听器执行提供的回调。</p><p>调用 <code>setTimeout</code>、<code>http.get</code> 或 <code>fs.readFile</code> 时，Node.js 将这些操作发送到另外一个线程，允许 V8 继续执行代码。计时完毕或 IO/http 操作完成后，Node 还会调用回调函数。</p><p>然后这些回调也可以将其他任务入列，其余亦可依此类推。这样，在处理请求时还能读取文件，并根据读取的内容发送 http 请求，而不会阻塞正在处理的其他请求。</p><p>尽管如此，我们只有一个主线程加一个调用栈，所以为避免在读取那个文件时又去处理另一个请求，回调函数需要等待调用栈变空。回调函数等待执行的中间状态被称为任务队列（又称作事件队列、消息队列）。一旦主线程结束此前工作，回调函数就会在一个无限循环当中被调用，因此叫作“事件循环”。（译者注：附原文如下）</p><blockquote><p>However, we only have one main thread and one call-stack, so in case there is another request being served when the said file is read, its callback will need to wait for the stack to become empty. The limbo where callbacks are waiting for their turn to be executed is called the task queue (or event queue, or message queue). Callbacks are being called in an infinite loop whenever the main thread has finished its previous task, hence the name ‘event loop’.</p></blockquote><p>在上一个例子中，事件循环大概如下所述：</p><ol><li><p>express 为“request”事件注册了一个处理程序，请求 “/” 时会被调用；</p></li><li><p>跳过函数，开始监听 3000 端口；</p></li><li><p>调用栈为空，等待“request”事件触发；</p></li><li><p>请求到来，等待已久的事件触发，express 调用 <code>sendWeatherOfRandomCity</code>；</p></li><li><p><code>sendWeatherOfRandomCity</code> 入栈；</p></li><li><p><code>getWeatherOfRandomCity</code> 被调用并入栈；</p></li><li><p>调用 <code>Math.floor</code> 和 <code>Math.random</code>，入栈、出栈，<code>cities</code> 中的某一个被赋值给 <code>city</code>；</p></li><li><p>传入 <code>&#39;wttr.in/${city}&#39;</code> 调用 <code>superagent.get</code>，为 <code>end</code> 事件设置处理回调；</p></li><li><p>发送 <code>http://wttr.in/${city}</code> http 请求到底层线程，继续向下执行；</p></li><li><p>控制台打印 <code>&#39;Fetching the weather, please be patient&#39;</code>，<code>getWeatherOfRandomCity</code> 函数返回；</p></li><li><p>调用 <code>sayHi</code>，控制台打印 <code>&#39;Hi&#39;</code>；</p></li><li><p><code>sendWeatherOfRandomCity</code> 函数返回、出栈，调用栈变空；</p></li><li><p>等待 <code>http://wttr.in/${city}</code> 发送响应；</p></li><li><p>一旦响应返回，<code>end</code> 事件触发；</p></li><li><p>传给 <code>.end()</code> 的匿名回调函数调用，带着其闭包内所有变量一起入栈，也就是说，其内部能够访问、修改 <code>express, superagent, app, CITIES, request, response, city</code> 以及我们定义的函数；</p></li><li><p>调用 <code>response.send()</code>，状态码为 <code>200</code> 或 <code>500</code>，再次发送到底层线程，response stream 不会阻塞代码执行，匿名回调出栈。</p></li></ol><p>这样我们就能理解一开始提到的 <code>setTimeout</code> hack 是如何工作的。尽管将时间设置为 0，但是会延迟到当前栈和任务队列为空后执行，以允许浏览器重新绘制 UI，或 Node 处理其他请求。</p><h3 id=\"Microtask-与-Macrotask\"><a href=\"#Microtask-与-Macrotask\" class=\"headerlink\" title=\"Microtask 与 Macrotask\"></a>Microtask 与 Macrotask</h3><p>实际上，不止一个任务队列，microtask（小型任务） 与 macrotask（巨型任务）各有一个任务队列。</p><p>Microtask 如：</p><ul><li><p><code>process.nextTick</code></p></li><li><p><code>promises</code></p></li><li><p><code>Object.observe</code></p></li></ul><p>Macrotask 如：</p><ul><li><p><code>setTimeout</code></p></li><li><p><code>setInterval</code></p></li><li><p><code>setImmediate</code></p></li><li><p><code>I/O</code></p></li></ul><p>看看下面的代码：</p><figure class=\"highlight javascript\"><table><tr><td class=\"code\"><pre><div class=\"line\"><span class=\"built_in\">console</span>.log(<span class=\"string\">'script start'</span>)</div><div class=\"line\"></div><div class=\"line\"><span class=\"keyword\">const</span> interval = setInterval(<span class=\"function\"><span class=\"params\">()</span> =&gt;</span> &#123;  </div><div class=\"line\">  <span class=\"built_in\">console</span>.log(<span class=\"string\">'setInterval'</span>)</div><div class=\"line\">&#125;, <span class=\"number\">0</span>)</div><div class=\"line\"></div><div class=\"line\">setTimeout(<span class=\"function\"><span class=\"params\">()</span> =&gt;</span> &#123;  </div><div class=\"line\">  <span class=\"built_in\">console</span>.log(<span class=\"string\">'setTimeout 1'</span>)</div><div class=\"line\">  <span class=\"built_in\">Promise</span>.resolve().then(<span class=\"function\"><span class=\"params\">()</span> =&gt;</span> &#123;</div><div class=\"line\">    <span class=\"built_in\">console</span>.log(<span class=\"string\">'promise 3'</span>)</div><div class=\"line\">  &#125;).then(<span class=\"function\"><span class=\"params\">()</span> =&gt;</span> &#123;</div><div class=\"line\">    <span class=\"built_in\">console</span>.log(<span class=\"string\">'promise 4'</span>)</div><div class=\"line\">  &#125;).then(<span class=\"function\"><span class=\"params\">()</span> =&gt;</span> &#123;</div><div class=\"line\">    setTimeout(<span class=\"function\"><span class=\"params\">()</span> =&gt;</span> &#123;</div><div class=\"line\">      <span class=\"built_in\">console</span>.log(<span class=\"string\">'setTimeout 2'</span>)</div><div class=\"line\">      <span class=\"built_in\">Promise</span>.resolve().then(<span class=\"function\"><span class=\"params\">()</span> =&gt;</span> &#123;</div><div class=\"line\">        <span class=\"built_in\">console</span>.log(<span class=\"string\">'promise 5'</span>)</div><div class=\"line\">      &#125;).then(<span class=\"function\"><span class=\"params\">()</span> =&gt;</span> &#123;</div><div class=\"line\">        <span class=\"built_in\">console</span>.log(<span class=\"string\">'promise 6'</span>)</div><div class=\"line\">      &#125;).then(<span class=\"function\"><span class=\"params\">()</span> =&gt;</span> &#123;</div><div class=\"line\">        clearInterval(interval)</div><div class=\"line\">      &#125;)</div><div class=\"line\">    &#125;, <span class=\"number\">0</span>)</div><div class=\"line\">  &#125;)</div><div class=\"line\">&#125;, <span class=\"number\">0</span>)</div><div class=\"line\"></div><div class=\"line\"><span class=\"built_in\">Promise</span>.resolve().then(<span class=\"function\"><span class=\"params\">()</span> =&gt;</span> &#123;  </div><div class=\"line\">  <span class=\"built_in\">console</span>.log(<span class=\"string\">'promise 1'</span>)</div><div class=\"line\">&#125;).then(<span class=\"function\"><span class=\"params\">()</span> =&gt;</span> &#123;</div><div class=\"line\">  <span class=\"built_in\">console</span>.log(<span class=\"string\">'promise 2'</span>)</div><div class=\"line\">&#125;)</div></pre></td></tr></table></figure><p>控制台结果如下：</p><figure class=\"highlight bash\"><table><tr><td class=\"code\"><pre><div class=\"line\">script start  </div><div class=\"line\">promise1  </div><div class=\"line\">promise2  </div><div class=\"line\">setInterval  </div><div class=\"line\">setTimeout1  </div><div class=\"line\">promise3  </div><div class=\"line\">promise4  </div><div class=\"line\">setInterval  </div><div class=\"line\">setTimeout2  </div><div class=\"line\">setInterval  </div><div class=\"line\">promise5  </div><div class=\"line\">promise6</div></pre></td></tr></table></figure><p>按照 <a href=\"https://html.spec.whatwg.org/multipage/webappapis.html#task-queue\" target=\"_blank\" rel=\"external\">WHATWG</a> 规范，每一次事件循环（one cycle of the event loop），只处理一个 (macro)task。待该 macrotask 完成后，所有的 microtask 会在同一次循环中处理。处理这些 microtask 时，还可以将更多的 microtask 入队，它们会一一执行，直到整个 microtask 队列处理完。</p><p>下图展示得更加清楚：</p><p><img src=\"https://ogjija9ft.qnssl.com/placeholder.png\" data-orig=\"http://p0.qhimg.com/t01134d053300881c3b.png\" alt=\"The Node.js Event Loop\"></p><p>在上面的例子中：</p><p><strong>Cycle 1:</strong></p><ol><li><p><code>setInterval</code> 加入 macrotask 队列；</p></li><li><p><code>setTimeout 1</code> 加入 macrotask 队列；</p></li><li><p><code>Promise.resolve 1</code> 中，两个 <code>then</code> 加入 microtask 队列；</p></li><li><p>调用栈变空，microtask 执行。</p></li></ol><p>Macrotask queue: <code>setInterval</code>, <code>setTimeout 1</code></p><p><strong>Cycle 2:</strong></p><ol><li>microtask 队列为空，<code>setInteval</code> 回调执行，又一个 <code>setInterval</code> 加入 macrotask 队列，正好位于 <code>setTimeout 1</code> 之后；</li></ol><p>Macrotask queue: <code>setTimeout 1</code>, <code>setInterval</code></p><p><strong>Cycle 3:</strong></p><ol><li><p>microtask 队列为空，<code>setTimeout 1</code> 回调执行，<code>promise 3</code> 和 <code>promise 4</code> 加入 microtask 队列；</p></li><li><p><code>promise 3</code> 和 <code>promise 4</code> 执行，<code>setTimeout 2</code> 加入 macrotask 队列；</p></li></ol><p>Macrotask queue: <code>setInterval</code>, <code>setTimeout 2</code></p><p><strong>Cycle 4:</strong></p><ol><li>microtask 队列为空，<code>setInteval</code> 回调执行，另一个 <code>setInterval</code> 加入 macrotask 队列，正好位于 <code>setTimeout 2</code> 之后；</li></ol><p>Macrotask queue: <code>setTimeout 2</code>, <code>setInteval</code></p><ol><li><code>setTimeout 2</code> 回调执行，<code>promise 5</code> 和 <code>promise 6</code> 加入 microtask 队列；</li></ol><p>紧接着，<code>promise 5</code> 和 <code>promise 6</code> 的处理程序会清除 interval，但奇怪的是，<code>setInterval</code> 还是运行了一次。不过，如果在 Chrome 中运行代码，结果和预期是一致的。</p><div class=\"tip\"><br><strong>译者注</strong>：笔者实际测试发现，情况可能和上面的叙述有所不同。Node v5.12 执行的结果是符合预期的。而 Chrome 53 上，反而出现一些状况，<code>promise 4</code> 之后，<code>setInterval</code> 执行了两次，原因未详，有待进一步追踪（disqus 评论被墙，我的 VPN 也没戏）。<br></div><p>使用 <code>process.nextTick</code> 和一些嵌套回调，在也 Node 中也能修复问题：</p><figure class=\"highlight javascript\"><table><tr><td class=\"code\"><pre><div class=\"line\"><span class=\"built_in\">console</span>.log(<span class=\"string\">'script start'</span>)</div><div class=\"line\"></div><div class=\"line\"><span class=\"keyword\">const</span> interval = setInterval(<span class=\"function\"><span class=\"params\">()</span> =&gt;</span> &#123;  </div><div class=\"line\">  <span class=\"built_in\">console</span>.log(<span class=\"string\">'setInterval'</span>)</div><div class=\"line\">&#125;, <span class=\"number\">0</span>)</div><div class=\"line\"></div><div class=\"line\">setTimeout(<span class=\"function\"><span class=\"params\">()</span> =&gt;</span> &#123;  </div><div class=\"line\">  <span class=\"built_in\">console</span>.log(<span class=\"string\">'setTimeout 1'</span>)</div><div class=\"line\">  process.nextTick(<span class=\"function\"><span class=\"params\">()</span> =&gt;</span> &#123;</div><div class=\"line\">    <span class=\"built_in\">console</span>.log(<span class=\"string\">'nextTick 3'</span>)</div><div class=\"line\">    process.nextTick(<span class=\"function\"><span class=\"params\">()</span> =&gt;</span> &#123;</div><div class=\"line\">      <span class=\"built_in\">console</span>.log(<span class=\"string\">'nextTick 4'</span>)</div><div class=\"line\">      setTimeout(<span class=\"function\"><span class=\"params\">()</span> =&gt;</span> &#123;</div><div class=\"line\">        <span class=\"built_in\">console</span>.log(<span class=\"string\">'setTimeout 2'</span>)</div><div class=\"line\">        process.nextTick(<span class=\"function\"><span class=\"params\">()</span> =&gt;</span> &#123;</div><div class=\"line\">          <span class=\"built_in\">console</span>.log(<span class=\"string\">'nextTick 5'</span>)</div><div class=\"line\">          process.nextTick(<span class=\"function\"><span class=\"params\">()</span> =&gt;</span> &#123;</div><div class=\"line\">            <span class=\"built_in\">console</span>.log(<span class=\"string\">'nextTick 6'</span>)</div><div class=\"line\">            clearInterval(interval)</div><div class=\"line\">          &#125;)</div><div class=\"line\">        &#125;)</div><div class=\"line\">      &#125;, <span class=\"number\">0</span>)</div><div class=\"line\">    &#125;)</div><div class=\"line\">  &#125;)</div><div class=\"line\">&#125;)</div><div class=\"line\"></div><div class=\"line\">process.nextTick(<span class=\"function\"><span class=\"params\">()</span> =&gt;</span> &#123;  </div><div class=\"line\">  <span class=\"built_in\">console</span>.log(<span class=\"string\">'nextTick 1'</span>)</div><div class=\"line\">  process.nextTick(<span class=\"function\"><span class=\"params\">()</span> =&gt;</span> &#123;</div><div class=\"line\">    <span class=\"built_in\">console</span>.log(<span class=\"string\">'nextTick 2'</span>)</div><div class=\"line\">  &#125;)</div><div class=\"line\">&#125;)</div></pre></td></tr></table></figure><p>这和上面的逻辑基本一样，只是看起来比较可怕。至少工作按照预期完成了。</p><h3 id=\"驯服异步怪兽！\"><a href=\"#驯服异步怪兽！\" class=\"headerlink\" title=\"驯服异步怪兽！\"></a>驯服异步怪兽！</h3><p>如前所见，在编写 Node.js 应用时，需要管理、留心两个任务队列和事件循环 —— 如果想要发挥它们全部的理力量，如果需要避免耗时任务阻塞主线程。</p><p>事件循环的概念一开始可能不太好掌握，一旦掌握之后就再也离不开了。可能导致回调地狱的延续传递风格看起来很丑，不过我们有 Promise，很快还有 async-await 在手… 在等待 async-await 的时候，还可以使用 <a href=\"https://github.com/tj/co\" target=\"_blank\" rel=\"external\">co</a>、<a href=\"http://koajs.com/\" target=\"_blank\" rel=\"external\">koa</a> 这些工具。</p><p>最后一点建议：</p><p>了解了 Node.js 和 V8 如何处理长时间任务，可以开始尝试使用。你之前可能听说过，应当将耗时循环放入任务队列。可以手动去做，或者借助 <a href=\"http://caolan.github.io/async/\" target=\"_blank\" rel=\"external\">async.js</a>。</p><p>祝你搬砖愉快！如果有什么问题或想法，请在评论中提出。</p>","categories":[],"tags":[{"name":"翻译","path":"api/tags/翻译.json"},{"name":"JavaScript","path":"api/tags/JavaScript.json"},{"name":"Node.js","path":"api/tags/Node.js.json"},{"name":"Event Loop","path":"api/tags/Event Loop.json"}]}