{"title":"Yarn 和 Npm 命令行小抄","slug":"npm-vs-yarn-cheat-sheet","date":"2016-10-19T00:00:00.000Z","updated":"2017-08-10T10:42:08.512Z","comments":true,"path":"api/articles/npm-vs-yarn-cheat-sheet.json","excerpt":null,"covers":["https://ogjija9ft.qnssl.com/placeholder.png"],"content":"<p><img src=\"https://ogjija9ft.qnssl.com/placeholder.png\" data-orig=\"http://p0.qhimg.com/t0149afb99874e3c348.png\" alt=\"\"></p><p>好，想必你对新的 JavaScript 包管理工具 <a href=\"https://github.com/yarnpkg/yarn\" target=\"_blank\" rel=\"external\">yarn</a> 已经有所耳闻，并已通过 <code>npm i -g yarn</code> 进行了安装，现在想知道怎么样使用吗？如果你了解 npm，你已经会很大一部分啦！</p><p>下面是我从 npm 切换到 yarn 的一些笔记。</p><p><strong>请收藏本文，本文会随着 yarn 的升级而更新。</strong></p><h2 id=\"需要了解的命令\"><a href=\"#需要了解的命令\" class=\"headerlink\" title=\"需要了解的命令\"></a>需要了解的命令</h2><ul><li><p><code>npm install</code> === <code>yarn</code> —— install 安装是默认行为。</p></li><li><p><code>npm install taco --save</code> === <code>yarn add taco</code> —— taco 包立即被保存到 <code>package.json</code> 中。</p></li><li><p><code>npm uninstall taco --save</code> === <code>yarn remove taco</code></p><p>在 npm 中，可以使用 <code>npm config set save true</code> 设置 <code>—-save</code> 为默认行为，但这对多数开发者而言并非显而易见的。在 yarn 中，在<code>package.json</code> 中添加（add）和移除（remove）等行为是默认的。</p></li><li><p><code>npm install taco --save-dev</code> === <code>yarn add taco --dev</code></p></li><li><p><code>npm update --save</code> === <code>yarn upgrade</code></p><p>update（更新） vs upgrade（升级）， 赞！upgrade 才是实际做的事！版本号提升时，发生的正是upgrade！</p><p><a href=\"https://github.com/npm/npm/issues/13555\" target=\"_blank\" rel=\"external\"><strong>注意</strong></a>： <code>npm update --save</code> <a href=\"https://github.com/npm/npm/issues/13555\" target=\"_blank\" rel=\"external\">在版本 3.11 中似乎有点问题</a>。</p></li><li><p><code>npm install taco@latest --save</code> === <code>yarn add taco</code></p></li><li><p><code>npm install taco --global</code> === <code>yarn global add taco</code> —— 一如既往，请谨慎使用 global 标记。</p></li></ul><h2 id=\"已知悉的命令\"><a href=\"#已知悉的命令\" class=\"headerlink\" title=\"已知悉的命令\"></a>已知悉的命令</h2><p>包和 npm registry 上是一样的。大致而言，Yarn 只是一个新的安装工具，npm 结构和 registry 还是一样的。</p><ul><li><code>npm init</code> === <code>yarn init</code></li><li><code>npm link</code> === <code>yarn link</code></li><li><code>npm outdated</code> === <code>yarn outdated</code></li><li><code>npm publish</code> === <code>yarn publish</code></li><li><code>npm run</code> === <code>yarn run</code></li><li><code>npm cache clean</code> === <code>yarn cache clean</code></li><li><code>npm login</code> === <code>yarn login</code> (logout 同理)</li><li><code>npm test</code> === <code>yarn test</code></li></ul><h2 id=\"Yarn-独有的命令\"><a href=\"#Yarn-独有的命令\" class=\"headerlink\" title=\"Yarn 独有的命令\"></a>Yarn 独有的命令</h2><p>我跳过了一些提醒我们不要使用的内容，如 <a href=\"https://yarnpkg.com/en/docs/cli/clean\" target=\"_blank\" rel=\"external\">yarn clean</a>。</p><ul><li><p><code>yarn licenses ls</code> —— 允许你检查依赖的许可信息。</p></li><li><p><code>yarn licenses generate</code> —— 自动创建依赖免责声明 license。</p></li><li><p><code>yarn why taco</code> —— 检查为什么会安装 taco，详细列出依赖它的其他包（鸣谢 <a href=\"https://medium.com/u/5ae4b2205cba\" target=\"_blank\" rel=\"external\">Olivier Combe</a>）。</p></li><li><p>Emojis</p></li><li><p><a href=\"https://yarnpkg.com/en/compare\" target=\"_blank\" rel=\"external\">速度</a></p></li><li><p>通过 yarn lockfile 自动实现 shrinkwrap 功能</p></li><li><p>以安全为中心的设计</p></li></ul><h2 id=\"Npm-独有的命令\"><a href=\"#Npm-独有的命令\" class=\"headerlink\" title=\"Npm 独有的命令\"></a>Npm 独有的命令</h2><ul><li><code>npm xmas</code> === <strong>NO EQUIVALENT</strong></li><li><code>npm visnup</code> === <strong>NO EQUIVALENT</strong></li></ul><p>笔者写作本文时， yarn 的 <code>run</code> 命令似乎出了点问题，应该会在 <code>0.15.2</code> 中修复。在这一点上， npm 好多了。感谢 <a href=\"https://medium.com/u/5563771fbaad\" target=\"_blank\" rel=\"external\">Zachary</a> 的研究！</p><h2 id=\"还有更多呢\"><a href=\"#还有更多呢\" class=\"headerlink\" title=\"还有更多呢!\"></a>还有更多呢!</h2><h3 id=\"值得一看\"><a href=\"#值得一看\" class=\"headerlink\" title=\"值得一看\"></a>值得一看</h3><ul><li><p><strong>Yehuda Katz using Yarn</strong> — <a href=\"http://yehudakatz.com/2016/10/11/im-excited-to-work-on-yarn-the-new-js-package-manager-2/\" target=\"_blank\" rel=\"external\">http://yehudakatz.com/2016/10/11/im-excited-to-work-on-yarn-the-new-js-package-manager-2/</a></p></li><li><p><strong>Facebook Announce</strong> — <a href=\"https://code.facebook.com/posts/1840075619545360\" target=\"_blank\" rel=\"external\">https://code.facebook.com/posts/1840075619545360</a></p></li><li><p><strong>News</strong> — <a href=\"http://thenextweb.com/dd/2016/10/12/facebook-launches-yarn-a-faster-npm-client/\" target=\"_blank\" rel=\"external\">http://thenextweb.com/dd/2016/10/12/facebook-launches-yarn-a-faster-npm-client/</a></p></li><li><p><strong>Benchmarking</strong> — <a href=\"https://www.berriart.com/blog/2016/10/npm-yarn-benchmark/\" target=\"_blank\" rel=\"external\">https://www.berriart.com/blog/2016/10/npm-yarn-benchmark/</a></p></li></ul><h3 id=\"进阶阅读\"><a href=\"#进阶阅读\" class=\"headerlink\" title=\"进阶阅读\"></a>进阶阅读</h3><ul><li><p><a href=\"https://yarnpkg.com/en/docs/\" target=\"_blank\" rel=\"external\">https://yarnpkg.com/en/docs/</a></p></li><li><p><a href=\"https://twitter.com/yarnpkg\" target=\"_blank\" rel=\"external\">https://twitter.com/yarnpkg</a></p></li><li><p><a href=\"https://github.com/yarnpkg/yarn\" target=\"_blank\" rel=\"external\">https://github.com/yarnpkg/yarn</a></p></li><li><p><a href=\"https://yarnpkg.com/en/docs/migrating-from-npm#toc-cli-commands-comparison\" target=\"_blank\" rel=\"external\">https://yarnpkg.com/en/docs/migrating-from-npm</a></p></li></ul>","categories":[],"tags":[{"name":"翻译","path":"api/tags/翻译.json"},{"name":"Node.js","path":"api/tags/Node.js.json"},{"name":"NPM","path":"api/tags/NPM.json"}]}