{"title":"渐进式 Web App 的离线存储","slug":"offline-storage-for-progressive-web-apps","date":"2016-08-18T18:04:13.000Z","updated":"2017-08-10T10:42:08.512Z","comments":true,"path":"api/articles/offline-storage-for-progressive-web-apps.json","excerpt":null,"covers":["https://ogjija9ft.qnssl.com/placeholder.png"],"content":"<p>2016 很可能成为<strong>网络弹性</strong>（network resilience）元年。</p><p>网络连接很可能<strong>不靠谱</strong>（flakey），或者根本就连不上，这也是为什么在 <a href=\"https://developers.google.com/web/progressive-web-apps/\" target=\"_blank\" rel=\"external\">渐进式 Web App</a>（译者注：Progressive Web App，以下简称 <code>PWA</code>） 中，支持离线和性能可靠都很重要。本文总结了关于 PWA <strong>离线数据存储</strong>的一些创意。想想那些提供<em>有意义的</em>离线体验所需要的 JSON 数据、图片以及其他的静态数据。</p><p><img src=\"https://ogjija9ft.qnssl.com/placeholder.png\" data-orig=\"http://p8.qhimg.com/t01f76cbfea0e1832fc.jpg\" alt=\"\"></p><p><strong>离线存储数据的建议：</strong></p><p>对 <strong>URL寻址资源</strong>(URL addressable resources)，使用 <a href=\"https://davidwalsh.name/cache\" target=\"_blank\" rel=\"external\"><strong>Cache API</strong></a>（这是 <a href=\"https://developers.google.com/web/fundamentals/primers/service-worker/\" target=\"_blank\" rel=\"external\">Service Worker</a> 的一部分）。对其他数据，使用 <strong>IndexedDB</strong>（给它包装上 <a href=\"http://www.html5rocks.com/en/tutorials/es6/promises/\" target=\"_blank\" rel=\"external\">Promises</a>）。</p><p><strong>常见问题解答：</strong></p><ul><li><p>IDB 和 Cache API 两者的 API 都是异步的（IDB 基于事件，Cache API 基于 Promise）。它们都可以在 <a href=\"https://nolanlawson.github.io/html5workertest/\" target=\"_blank\" rel=\"external\">Web Worker、Window 以及 Service Worker</a> 三种环境下工作。</p></li><li><p>IDB <a href=\"http://caniuse.com/#feat=indexeddb\" target=\"_blank\" rel=\"external\">到处</a>都支持（译者注：原文如此，作者的意思请自行揣摩）。 Service Workers 和 Cache API 只在 Chrome、Firefox、Opera 中<a href=\"https://jakearchibald.github.io/isserviceworkerready/\" target=\"_blank\" rel=\"external\">支持</a>， Edge 中尚在开发。</p></li><li><p>IDB 不支持 Promise，但有一些<em>强大的</em>库提供了 Promise 包装。<em>后面会给出建议。</em>这些库会尽可能抹平 API 之间的强制复杂性（事务处理，schema 版本控制）。</p></li><li><p>原生的 IDB Promise 以及 <a href=\"https://github.com/WICG/indexed-db-observers\" target=\"_blank\" rel=\"external\">observer</a> 已得到<a href=\"https://github.com/inexorabletash/indexeddb-promises\" target=\"_blank\" rel=\"external\">提议</a>。</p></li><li><p>有多大的存储量？Chrome 和 Opera 中，是按<strong>域</strong>计算存储的（而不是按 API 计算）。在到达<a href=\"http://www.html5rocks.com/en/tutorials/offline/quota-research/\" target=\"_blank\" rel=\"external\">储量限制</a>之前，两种存储机制都会一直进行存储。通过 <a href=\"https://www.w3.org/TR/quota-api/\" target=\"_blank\" rel=\"external\">Quota Management API</a> 可以检查用量（译者注：这个 API 还在提案阶段）。Firefox 则没有对存储量做出限制，只是在 50 MB 之后会弹出提醒。移动版 Safari 最多可以存 50 MB；桌面版 Safari没有限制（满5 MB 之后有提醒）；IE 10+ 最多能存 250 MB，超过 10 MB 之后弹出提醒。以上数据来源于 PouchDB 对 IDB 存储行为的<a href=\"https://pouchdb.com/faq.html#data_limits\" target=\"_blank\" rel=\"external\">跟踪</a>。朝着未来的方向看，如果应用需要更多持久化存储，请看正在进行中的 <a href=\"https://storage.spec.whatwg.org/\" target=\"_blank\" rel=\"external\">Durable Storage</a>。</p></li><li><p>Safari 在最新的 Tech Previews 中<a href=\"https://gist.github.com/nolanlawson/08eb857c6b17a30c1b26\" target=\"_blank\" rel=\"external\">修复了许多长期存在的 IDB bug</a>。即便如此，Safari 10 的 IDB 并未完全通过 PouchDB 的测试套件，已经有人碰到了稳定性问题。在更多研究完成之前，可能会遇到各种不同的情况。请<em>务必</em>测试并提交 bug，让 webkit 的同学和相关支持库的作者们看看。</p></li><li><p>URL寻址资源通常是指可以那些通过 URL 访问的静态资源。对 PWA 而言，你可以通过 Cache API 缓存那些组成你的应用 shell 的静态文件（JS/CSS/HTML），并通过 IndexedDB 向离线页面填充数据。对此没有硬性规定，PWA 仅靠 Cache API 就能玩得转。</p></li><li><p><a href=\"https://developers.google.com/web/tools/chrome-devtools/iterate/manage-data/local-storage\" target=\"_blank\" rel=\"external\">Chrome</a> (Application tab)、Opera、<a href=\"https://developer.mozilla.org/en-US/docs/Tools/Storage_Inspector\" target=\"_blank\" rel=\"external\">Firefox</a> (Storage Inspector)、Safari (Storage tab) 都已经支持 IndexedDB 调试。</p></li></ul><p><strong>值得一看的 IndexedDB 库</strong></p><ul><li><p><a href=\"https://mozilla.github.io/localForage/\" target=\"_blank\" rel=\"external\">localForage</a>： 约 8 KB，Promise，对传统浏览器支持良好</p></li><li><p><a href=\"https://www.npmjs.com/package/idb-keyval\" target=\"_blank\" rel=\"external\">idb-keyval</a>：小于 500 字节，Promise，提供 key-value 支持</p></li><li><p><a href=\"https://www.npmjs.com/package/idb\" target=\"_blank\" rel=\"external\">idb</a>：约 1.7 KB，Promise, 可迭代、索引</p></li><li><p><a href=\"http://dexie.org/\" target=\"_blank\" rel=\"external\">Dexie</a>：约 16 KB, Promises，复杂查询、辅助索引</p></li><li><p><a href=\"https://pouchdb.com/\" target=\"_blank\" rel=\"external\">PouchDB</a>：约 45 KB ，支持<a href=\"https://pouchdb.com/2016/06/06/introducing-pouchdb-custom-builds.html\" target=\"_blank\" rel=\"external\">定制版本</a>，同步的（？）</p></li><li><p><a href=\"https://github.com/google/lovefield\" target=\"_blank\" rel=\"external\">Lovefield</a>：相关的内容</p></li><li><p><a href=\"http://lokijs.org/#/\" target=\"_blank\" rel=\"external\">LokiJS</a>：内存中的</p></li><li><p><a href=\"https://github.com/yathit/ydn-db\" target=\"_blank\" rel=\"external\">ydn-db</a>：类似 dexie，可以使用 WebSQL</p></li></ul><p><strong>值得一看的 Service Worker 库</strong></p><ul><li><p><a href=\"https://github.com/GoogleChrome/sw-toolbox\" target=\"_blank\" rel=\"external\">sw-toolbox</a>：动态或运行时请求的离线缓存</p></li><li><p><a href=\"https://github.com/GoogleChrome/sw-precache\" target=\"_blank\" rel=\"external\">sw-precache</a>：静态资源或应用 shell 的离线预缓存</p></li><li><p>Webpack 用户可以直接使用上面的，或者可以看看 <a href=\"https://github.com/NekR/offline-plugin\" target=\"_blank\" rel=\"external\">offline-plugin</a></p></li></ul><h3 id=\"其他存储机制\"><a href=\"#其他存储机制\" class=\"headerlink\" title=\"其他存储机制\"></a>其他存储机制</h3><ul><li><p><strong>Web Storage</strong> (e.g LocalStorage) 是同步的，不支持 Web Worker，且有大小限制（只能存储字符串）。尽管之前异步 LocalStorage 的<a href=\"https://github.com/slightlyoff/async-local-storage\" target=\"_blank\" rel=\"external\">想法</a>已有人提出来，但目前的焦点还是 <a href=\"https://w3c.github.io/IndexedDB/\" target=\"_blank\" rel=\"external\">IndexedDB 2.0</a>。我个人就愿意使用 IDB 加上一个工具库。</p></li><li><p><strong>Cookies</strong> 自有其用途，但却是同步的，不支持 Web Worker，还有大小限制。在之前的项目中我使用了 <a href=\"https://github.com/js-cookie/js-cookie\" target=\"_blank\" rel=\"external\">js-cookie</a>（gzip 后约 800 字节） 处理 cookie。目前已经有人勾勒出 <a href=\"https://github.com/WICG/async-cookies-api\" target=\"_blank\" rel=\"external\">Async Cookies API</a> 的支持了，有一个可用的 polyfill。</p></li><li><p><strong>WebSQL</strong> 是异步的（基于回调函数），但它同样不支持 Web Worker。Firefox 和 Edge 也不支持它。如果某一天它完全消失，我不会觉得惊讶的。</p></li><li><p><strong>File System API</strong> 也是异步的（基于回调函数），在 Web Worker 和 window 中可以工作（虽然使用的是同步 API）。不幸的是，除 Chrome 之外它并无更多兴趣，而且是运行在沙盒中的（这意味着我们无法获取原生的文件访问权）。</p></li><li><p><strong>File API</strong> 正在由 <a href=\"https://wicg.github.io/entries-api/\" target=\"_blank\" rel=\"external\">File and Directory Entries API</a> 和 <a href=\"https://w3c.github.io/FileAPI/\" target=\"_blank\" rel=\"external\">File API</a> 规范完善。Github 上有一个 <a href=\"https://github.com/mailru/FileAPI\" target=\"_blank\" rel=\"external\">File API 库</a>；关于保存文件，作为权宜之计，我一直在使用 <a href=\"https://github.com/eligrey/FileSaver.js\" target=\"_blank\" rel=\"external\">FileSaver.js</a>。<a href=\"https://github.com/WICG/writable-files\" target=\"_blank\" rel=\"external\">可写文件</a>的提案最终可能会为我们提供本地文件无缝交互的标准解决方案。</p></li></ul><h3 id=\"离线存储的现在与将来\"><a href=\"#离线存储的现在与将来\" class=\"headerlink\" title=\"离线存储的现在与将来\"></a>离线存储的现在与将来</h3><p>如果对离线缓存感兴趣，下面这些成果值得关注。我个人对 IndexedDB 原生的 Promise 支持非常感兴趣。</p><p><img src=\"https://ogjija9ft.qnssl.com/placeholder.png\" data-orig=\"http://cfowt.img48.wal8.com/img48/554911_20160815130845/147131009919.jpeg\" alt=\"\"></p><ul><li><p><a href=\"https://storage.spec.whatwg.org/\" target=\"_blank\" rel=\"external\">Durable Storage</a>: 将存储与浏览器的清除策略隔开</p></li><li><p><a href=\"https://w3c.github.io/IndexedDB/\" target=\"_blank\" rel=\"external\">Indexed Database API 2.0</a>: 先进的 key-value 数据管理</p></li><li><p><a href=\"https://github.com/inexorabletash/indexeddb-promises\" target=\"_blank\" rel=\"external\">Promisified IndexedDB</a>: 原生支持 Promise 的 IndexedDB 版本</p></li><li><p><a href=\"https://github.com/WICG/indexed-db-observers\" target=\"_blank\" rel=\"external\">IndexedDB Observers</a>: 原生的 IndexedDB observer 支持</p></li><li><p><a href=\"https://github.com/bsittler/async-cookies-api\" target=\"_blank\" rel=\"external\">Async Cookies API</a>: 异步的 cookie API</p></li><li><p><a href=\"https://www.w3.org/TR/quota-api/\" target=\"_blank\" rel=\"external\">Quota Management API</a>: 检查应用、域的存储占用量</p></li><li><p><a href=\"https://github.com/WICG/writable-files\" target=\"_blank\" rel=\"external\">writable-files</a>: 允许网站与本地文件之间进一步的无缝交互</p></li><li><p><a href=\"https://github.com/drufball/directory-download\" target=\"_blank\" rel=\"external\">Directory downloads</a>: 支持直接下载文件夹（非 .zip 文件）</p></li><li><p><a href=\"https://wicg.github.io/entries-api/\" target=\"_blank\" rel=\"external\">File and Directory Entries API</a>: 支持文件和目录的拖拽上传</p></li></ul><h3 id=\"资源\"><a href=\"#资源\" class=\"headerlink\" title=\"资源\"></a>资源</h3><ul><li><p><a href=\"http://nolanlawson.github.io/database-comparison/\" target=\"_blank\" rel=\"external\">Browser Database Comparison</a></p></li><li><p><a href=\"https://docs.google.com/presentation/d/11CJnf77N45qPFAhASwnfRNeEMJfR-E_x05v1Z6Rh5HA/edit\" target=\"_blank\" rel=\"external\">State of offline storage APIs</a></p></li><li><p><a href=\"https://nolanlawson.com/2015/09/29/indexeddb-websql-localstorage-what-blocks-the-dom/\" target=\"_blank\" rel=\"external\">IndexedDB, WebSQL, LocalStorage — what blocks the DOM?</a></p></li><li><p><a href=\"https://nolanlawson.com/2016/02/08/how-to-think-about-databases/\" target=\"_blank\" rel=\"external\">How to think about databases (Pokedex research)</a></p></li><li><p><a href=\"https://nolanlawson.github.io/html5workertest/\" target=\"_blank\" rel=\"external\">Which APIs are supported in Web Workers and Service Workers?</a></p></li></ul><p>离线存储并没有那么神奇，对潜在 API 的理解有助于你最大程度地利用现有的资源。无论你想直接使用这些 API，还是使用对它们进行抽象库文件，花一些时间来熟悉你的选择。</p><p>希望本文对你的 PWA 离线体验有所帮助。</p>","categories":[],"tags":[{"name":"翻译","path":"api/tags/翻译.json"},{"name":"渐进式 Web App","path":"api/tags/渐进式 Web App.json"}]}