{"title":"Chrome 中的 “Tab to Search” 与 Open Search","slug":"opensearch","date":"2017-05-08T11:28:59.000Z","updated":"2017-08-10T10:42:08.512Z","comments":true,"path":"api/articles/opensearch.json","excerpt":null,"covers":["https://ogjija9ft.qnssl.com/placeholder.png"],"content":"<h2 id=\"描述\"><a href=\"#描述\" class=\"headerlink\" title=\"描述\"></a>描述</h2><p>在 Chrome 中新建标签页，输入网址的时候，浏览器会根据书签、历史记录进行自动补全，通过 Tab 键可以在浏览器提供的补全选项中切换。</p><p>有时可以发现，点击 Tab 的时候，地址栏右侧会出现“按 <code>tab</code> 键可通过 XX 进行搜索”的提示。</p><p><img src=\"https://ogjija9ft.qnssl.com/placeholder.png\" data-orig=\"https://ww3.sinaimg.cn/large/006tNbRwly1fffki13mxvj30z80aw0tu.jpg\" alt=\"\"></p><p>再次点击 Tab，地址栏中文字，就变成了一段蓝色文字：“使用 XX 搜索”。</p><p><img src=\"https://ogjija9ft.qnssl.com/placeholder.png\" data-orig=\"https://ww3.sinaimg.cn/large/006tNbRwly1fffkisv96kj30t605idg5.jpg\" alt=\"\"></p><p>这时候就可以直接在地址栏中输入你要搜索的关键词，然后点击回车键，页面就会直接跳转到搜索页。</p><p><img src=\"https://ogjija9ft.qnssl.com/placeholder.png\" data-orig=\"https://ww2.sinaimg.cn/large/006tNbRwly1fffkjwhpavj316g0piq5c.jpg\" alt=\"\"></p><p>很多网站都能通过这种方式进行快捷搜索。常用的如谷歌、百度这些搜索引擎，后来发现，知乎、掘金、Github 等等网站也能实现。</p><p>奇舞周刊网站提供了技术文章的搜索功能，和一般搜索有所不同的是，奇舞周刊的 url 是将搜索词放在 url 的 hash 部分的。这样是否也能实现呢？</p><h2 id=\"功能实现\"><a href=\"#功能实现\" class=\"headerlink\" title=\"功能实现\"></a>功能实现</h2><p>带着这个问题，首先通过搜索引擎找答案。找到了，是一个叫做 OpenSearch 的方案。</p><p>解决方案很简单，在 HTML 文档的 <code>head</code> 部分添加一个 <code>&lt;link&gt;</code> 标签：</p><figure class=\"highlight html\"><table><tr><td class=\"code\"><pre><div class=\"line\"><span class=\"tag\">&lt;<span class=\"name\">link</span></span></div><div class=\"line\"><span class=\"tag\">    <span class=\"attr\">rel</span>=<span class=\"string\">\"search\"</span></span></div><div class=\"line\"><span class=\"tag\">    <span class=\"attr\">href</span>=<span class=\"string\">\"/opensearch.xml\"</span></span></div><div class=\"line\"><span class=\"tag\">    <span class=\"attr\">type</span>=<span class=\"string\">\"application/opensearchdescription+xml\"</span></span></div><div class=\"line\"><span class=\"tag\">/&gt;</span></div></pre></td></tr></table></figure><p>接着创建一个 XML 文件。文件内容如下：</p><figure class=\"highlight xml\"><table><tr><td class=\"code\"><pre><div class=\"line\"><span class=\"tag\">&lt;<span class=\"name\">OpenSearchDescription</span> <span class=\"attr\">xmlns</span>=<span class=\"string\">\"http://a9.com/-/spec/opensearch/1.1/\"</span>&gt;</span></div><div class=\"line\">    <span class=\"tag\">&lt;<span class=\"name\">ShortName</span>&gt;</span>奇舞周刊搜索<span class=\"tag\">&lt;/<span class=\"name\">ShortName</span>&gt;</span></div><div class=\"line\">    <span class=\"tag\">&lt;<span class=\"name\">Description</span>&gt;</span>奇舞周刊为您提供技术文章搜索支持。<span class=\"tag\">&lt;/<span class=\"name\">Description</span>&gt;</span></div><div class=\"line\">    <span class=\"tag\">&lt;<span class=\"name\">Url</span> <span class=\"attr\">type</span>=<span class=\"string\">\"text/html\"</span> <span class=\"attr\">method</span>=<span class=\"string\">\"get\"</span> <span class=\"attr\">template</span>=<span class=\"string\">\"https://weekly.75team.com/search.html#&#123;searchTerms&#125;\"</span>/&gt;</span></div><div class=\"line\"><span class=\"tag\">&lt;/<span class=\"name\">OpenSearchDescription</span>&gt;</span></div></pre></td></tr></table></figure><p>上面这段是最简单的配置。<code>ShortName</code> 相当于前面举例中的 “XX”。<code>Description</code> 字段目前尚未在实际操作的 UI 呈现中看到。<code>Url</code> 字段的关键在 <code>template</code> 属性，该属性值是搜索页地址模板。</p><p>需要注意的是，这个 XML 文档必须放在当前域名下的 server 上。关于 OpenSearch XML 文档的各个地址配置，请参考 <a href=\"http://www.opensearch.org/Specifications/OpenSearch/1.1#OpenSearch_description_document\" target=\"_blank\" rel=\"external\">OpenSearch 规范</a>。</p><h2 id=\"通过-Form-实现\"><a href=\"#通过-Form-实现\" class=\"headerlink\" title=\"通过 Form 实现\"></a>通过 Form 实现</h2><p>此外，根据 <a href=\"http://dev.chromium.org/tab-to-search\" target=\"_blank\" rel=\"external\">Chromium 的文档</a>描述，还有一种方式可以实现 “Tab to search”，即当网站中存在一个用户提交的表单时，Chrome 会自动将该网站添加到可搜索站点列表中。该表单必须满足以下几点条件：</p><ul><li>必须以 GET 方式提交；</li><li>提交目标是 HTTP 地址；</li><li>没有 JavaScript 脚本处理表单的 <code>onsubmit</code>；</li><li>只能有一个 type=”text” 的 <code>input</code> 元素；</li><li>不包含 password、file、textarea 等元素；</li><li>其他 <code>input</code> 元素必须保持默认状态。</li></ul><p>最后需要注意一点，无论是哪种方式，<strong>在地址栏中选择的网址不能带有路径</strong>，这时候才能完成 “Tab to search” 的任务。</p><p>更多信息，请查阅参考文档。</p><h2 id=\"References\"><a href=\"#References\" class=\"headerlink\" title=\"References\"></a>References</h2><ul><li><a href=\"http://dev.chromium.org/tab-to-search\" target=\"_blank\" rel=\"external\">chromium.org - Tab to Search</a></li><li><a href=\"http://www.wikiwand.com/en/OpenSearch\" target=\"_blank\" rel=\"external\">wikiwand.com - OpenSearch</a></li><li><a href=\"http://www.opensearch.org/Specifications/OpenSearch/1.1#OpenSearch_description_document\" target=\"_blank\" rel=\"external\">opensearch.org - OpenSearch Description</a></li><li><a href=\"https://www.zhihu.com/question/28018277\" target=\"_blank\" rel=\"external\">知乎问答 - Chrome 是如何判断一个网站是搜索引擎的?</a></li></ul>","categories":[],"tags":[{"name":"原创","path":"api/tags/原创.json"},{"name":"技巧","path":"api/tags/技巧.json"}]}