{"title":"近来在Firefox上遇到的一些坑","slug":"problems-with-firefox","date":"2016-03-12T00:00:00.000Z","updated":"2017-08-10T10:42:08.512Z","comments":true,"path":"api/articles/problems-with-firefox.json","excerpt":null,"covers":null,"content":"<p>因为工作一年多以来，做的工作基本都是和 <code>webkit</code> 系列打交道。</p><p>先是做m站，后来做了两个 <code>app</code> 内嵌的 <code>hybrid</code> 项目，从来只考虑 <code>webkit</code> 前缀和相关的伪类。</p><p>最近四个多月开始做内部的管理系统，写写样式，偶尔做个 <code>calendar</code>、<code>tree</code> 之类的组件，所有的基本只考虑新版 <code>Chrome</code>。从来没考虑别的问题。</p><p>最近在帮人解决 <code>firefox</code> 下的一些兼容问题。<code>QA</code> 妹纸提交了一堆 <code>“bug”</code>。<code>Bug</code>列表让人看了头疼，还有点心虚。囧。</p><p>按部就班，先打开控制台。一番研究，发现不少 <code>“bug”</code> 都是样式的问题，并不是脚本兼容做得不好。</p><p>下面就细数下最近发现的一些 <code>bug</code>，算是做个备忘。以后还是得注意啊。</p><h2 id=\"一）还在用-background-position-x-吗\"><a href=\"#一）还在用-background-position-x-吗\" class=\"headerlink\" title=\"一）还在用 background-position-x 吗\"></a>一）还在用 <strong>background-position-x</strong> 吗</h2><p>以前看一些CSS规范，反复强调不要使用 <code>background-position-x</code> 之类的属性。</p><p>如<a href=\"https://github.com/fex-team/styleguide/blob/master/css.md#46-2d-位置\" target=\"_blank\" rel=\"external\">百度<code>FEX</code></a>就指出：</p><blockquote><p><strong>4.6 2D 位置</strong><br>[强制] 必须同时给出水平和垂直方向的位置。</p></blockquote><figure class=\"highlight css\"><table><tr><td class=\"code\"><pre><div class=\"line\"><span class=\"comment\">/* good */</span></div><div class=\"line\"><span class=\"selector-tag\">body</span> &#123;</div><div class=\"line\">    <span class=\"attribute\">background-position</span>: center top; <span class=\"comment\">/* 50% 0% */</span></div><div class=\"line\">&#125;</div><div class=\"line\"></div><div class=\"line\"><span class=\"comment\">/* bad */</span></div><div class=\"line\"><span class=\"selector-tag\">body</span> &#123;</div><div class=\"line\">    <span class=\"attribute\">background-position</span>: top; <span class=\"comment\">/* 50% 0% */</span></div><div class=\"line\">&#125;</div></pre></td></tr></table></figure><p>一直以来恪守这个规则，但并没有深究原因。</p><p>直到这次，真正遇到了问题。才在控制台上发现，原来 <code>background-position-x</code> 在 <code>Firefox</code> 下面是<strong>无效</strong>的！！！</p><h2 id=\"二）咦，为嘛还没开始输入文本框就验证变红了？\"><a href=\"#二）咦，为嘛还没开始输入文本框就验证变红了？\" class=\"headerlink\" title=\"二）咦，为嘛还没开始输入文本框就验证变红了？\"></a>二）咦，为嘛还没开始输入文本框就验证变红了？</h2><p>第二个问题。</p><p>项目有个修改密码的表单。验证不通过的话，输入框会加上红色的边框。</p><p>然后 <code>QA</code> 妹纸在描述中说的是：</p><blockquote><p><code>firefox</code> 浏览器中，修改密码页面，输入框中不输入任何字符，输入框颜色也是红的</p></blockquote><p>我还以为又是哪里的js写得不对呢。找了半天，还是决定从样式入手。</p><p><code>Firefox</code> 的调试工具面板里，似乎只列出了样式表中的样式。浏览器默认样式的值，很难找到。我只能一点点试验。</p><p>最后发现，<code>input</code> 输入框好像都带了个 <code>required</code> 属性。这是 <code>HTML5</code> 里表示表单元素必填的属性。莫非问题出在这里？试着删除了这个属性，果然解决了。</p><p>其实，这红色的边框，并不是 <code>border</code>，而是 <code>box-shadow</code> 啊。</p><p>最后得到解决方案是加上这段 <code>CSS</code>：</p><figure class=\"highlight css\"><table><tr><td class=\"code\"><pre><div class=\"line\"><span class=\"selector-tag\">input</span><span class=\"selector-pseudo\">:required</span><span class=\"selector-pseudo\">:invalid</span> &#123;</div><div class=\"line\">    <span class=\"attribute\">box-shadow</span>: none;</div><div class=\"line\">&#125;</div></pre></td></tr></table></figure><h2 id=\"三）我擦，明明写了-outline-0可是然并卵啊\"><a href=\"#三）我擦，明明写了-outline-0可是然并卵啊\" class=\"headerlink\" title=\"三）我擦，明明写了 outline: 0可是然并卵啊\"></a>三）我擦，明明写了 <code>outline: 0</code>可是然并卵啊</h2><p><code>QA</code>妹纸还反映，登录、注册等视图的各种按钮，在 <code>Firefox</code> 怎么点击之后，会出现黑色的边框啊？</p><p>啥？难道写代码的前端哥们儿不知道在 <code>:active</code>、<code>:focus</code> 等状态下写个 <code>outline:0</code> 啊？这不科学。</p><p>于是又开始了神奇的探(gu)索(ge)之旅。</p><p>这次得到的答案是，这黑色的细线还真不是 <code>outline</code>。这是一个奇怪的伪类，<code>::-moz-focus-inner</code>。简直哭死在键盘上。</p><p>于是，下面这段代码解决问题：</p><figure class=\"highlight css\"><table><tr><td class=\"code\"><pre><div class=\"line\"><span class=\"selector-tag\">button</span><span class=\"selector-pseudo\">::-moz-focus-inner</span>,</div><div class=\"line\"><span class=\"selector-tag\">input</span><span class=\"selector-attr\">[type=\"reset\"]</span><span class=\"selector-pseudo\">::-moz-focus-inner</span>,</div><div class=\"line\"><span class=\"selector-tag\">input</span><span class=\"selector-attr\">[type=\"button\"]</span><span class=\"selector-pseudo\">::-moz-focus-inner</span>,</div><div class=\"line\"><span class=\"selector-tag\">input</span><span class=\"selector-attr\">[type=\"submit\"]</span><span class=\"selector-pseudo\">::-moz-focus-inner</span>,</div><div class=\"line\"><span class=\"selector-tag\">input</span><span class=\"selector-attr\">[type=\"file\"]</span> &gt; <span class=\"selector-tag\">input</span><span class=\"selector-attr\">[type=\"button\"]</span><span class=\"selector-pseudo\">::-moz-focus-inner</span> &#123;</div><div class=\"line\">    <span class=\"attribute\">border-color</span>: transparent;</div><div class=\"line\">&#125;</div></pre></td></tr></table></figure><h2 id=\"最后，还有些其他的\"><a href=\"#最后，还有些其他的\" class=\"headerlink\" title=\"最后，还有些其他的\"></a>最后，还有些其他的</h2><ul><li><p>还有什么 <code>clipboardData</code> 截图粘贴的问题，见上一篇: <a href=\"https://segmentfault.com/a/1190000004584071\" target=\"_blank\" rel=\"external\">【在网页中获取截图数据】Chrome和Firefox下的实战经验</a>；</p></li><li><p>还有些东西，当时写到注释中了，忘了。。</p></li></ul><p>TO BE CONTINUED…</p>","categories":[],"tags":[{"name":"原创","path":"api/tags/原创.json"},{"name":"开发心得","path":"api/tags/开发心得.json"}]}