{"title":"Angular 2 中的 HTTP 请求超时处理","slug":"rxjs-http-timeout","date":"2017-01-16T11:31:45.000Z","updated":"2017-08-10T10:42:08.512Z","comments":true,"path":"api/articles/rxjs-http-timeout.json","excerpt":null,"covers":null,"content":"<p>以前做 React Native 时，需要对请求进行超时处理。然而，React Native 提供的 <code>fetch</code> 方法，根本没有提供超时的选择。于是只能自己玩些如下的黑科技了，代码一看就很乱，还难以维护：</p><figure class=\"highlight javascript\"><table><tr><td class=\"code\"><pre><div class=\"line\"><span class=\"keyword\">const</span> TIME_OUT = <span class=\"number\">3000</span>;</div><div class=\"line\"></div><div class=\"line\"><span class=\"keyword\">let</span> reqErrror = <span class=\"literal\">false</span>;</div><div class=\"line\"><span class=\"keyword\">let</span> reqDone   = <span class=\"literal\">false</span>;</div><div class=\"line\"></div><div class=\"line\"><span class=\"keyword\">let</span> timeout = setTimeout(<span class=\"function\"><span class=\"params\">()</span> =&gt;</span> &#123;</div><div class=\"line\">  <span class=\"comment\">// 超时错误</span></div><div class=\"line\">  reqErrror = <span class=\"literal\">true</span>;</div><div class=\"line\">  <span class=\"comment\">// 标记本次请求结束</span></div><div class=\"line\">  reqDone = <span class=\"literal\">true</span>;</div><div class=\"line\">&#125;, TIME_OUT);</div><div class=\"line\"></div><div class=\"line\">fetch(<span class=\"string\">'/api/test'</span>)</div><div class=\"line\">  .then(<span class=\"function\"><span class=\"params\">res</span> =&gt;</span> res.json())</div><div class=\"line\">  .then(<span class=\"function\">(<span class=\"params\">data</span>) =&gt;</span> &#123;</div><div class=\"line\">    clearTimeout(timeout);</div><div class=\"line\">    <span class=\"comment\">// 没有错误发生</span></div><div class=\"line\">    reqErrror = <span class=\"literal\">false</span>;</div><div class=\"line\">    <span class=\"comment\">// 标记本次请求结束</span></div><div class=\"line\">    reqDone = <span class=\"literal\">true</span>;</div><div class=\"line\">    <span class=\"comment\">// ...</span></div><div class=\"line\">  &#125;)</div><div class=\"line\">  .catch(<span class=\"function\">(<span class=\"params\">e</span>) =&gt;</span> &#123;</div><div class=\"line\">    clearTimeout(timeout);</div><div class=\"line\"></div><div class=\"line\">    <span class=\"comment\">// 发生某种错误</span></div><div class=\"line\">    reqErrror = <span class=\"literal\">true</span>;</div><div class=\"line\">    <span class=\"comment\">// 标记本次请求结束</span></div><div class=\"line\">    reqDone = <span class=\"literal\">true</span>;</div><div class=\"line\"></div><div class=\"line\">    <span class=\"built_in\">console</span>.error(e);</div><div class=\"line\">  &#125;);</div></pre></td></tr></table></figure><p>那会儿刚开始接触，团队的几个人对 ES6 这些东西基本处在一种边学边用的状态，所以上面的方法在当时解决了问题，也还不错。后来离开项目，也许至今还在保留着这种方式吧。唉，当初的代码写得是有多乱啊，竟然都不会封装一下囧。</p><p>简单改写之后的代码如下：</p><figure class=\"highlight javascript\"><table><tr><td class=\"code\"><pre><div class=\"line\"></div><div class=\"line\"><span class=\"keyword\">const</span> fetchWithTimeout = <span class=\"function\"><span class=\"keyword\">function</span>(<span class=\"params\">url = <span class=\"string\">''</span>, option = &#123;&#125;, timeout</span>) </span>&#123;</div><div class=\"line\">  <span class=\"keyword\">if</span> (!timeout) &#123;</div><div class=\"line\">    <span class=\"keyword\">return</span> fetch(url, option);</div><div class=\"line\">  &#125;</div><div class=\"line\"></div><div class=\"line\">  <span class=\"keyword\">let</span> timeout = <span class=\"keyword\">new</span> <span class=\"built_in\">Promise</span>(<span class=\"function\"><span class=\"keyword\">function</span> (<span class=\"params\">resolve, reject</span>) </span>&#123;</div><div class=\"line\">    setTimeout(<span class=\"function\"><span class=\"keyword\">function</span> (<span class=\"params\"></span>) </span>&#123;</div><div class=\"line\">      <span class=\"keyword\">let</span> err = <span class=\"keyword\">new</span> <span class=\"built_in\">Error</span>(<span class=\"string\">'timeout'</span>);</div><div class=\"line\">      reject(err);</div><div class=\"line\">    &#125;, timeout);</div><div class=\"line\">  &#125;);</div><div class=\"line\"></div><div class=\"line\">  <span class=\"keyword\">return</span> <span class=\"built_in\">Promise</span>.race([</div><div class=\"line\">    timeout,</div><div class=\"line\">    fetch(url, option).then(<span class=\"function\"><span class=\"params\">res</span> =&gt;</span> res.json())</div><div class=\"line\">  ]);</div><div class=\"line\">&#125;;</div><div class=\"line\"></div><div class=\"line\">fetchWithTimeout(<span class=\"string\">'/api/test'</span>, &#123;&#125;, TIME_OUT)</div><div class=\"line\">  .then(<span class=\"function\"><span class=\"params\">res</span> =&gt;</span> res.json())</div><div class=\"line\">  .then(<span class=\"function\"><span class=\"params\">data</span> =&gt;</span> &#123;</div><div class=\"line\">    <span class=\"comment\">// ...</span></div><div class=\"line\">  &#125;)</div><div class=\"line\">  .catch(<span class=\"function\"><span class=\"params\">e</span> =&gt;</span> &#123;</div><div class=\"line\">    <span class=\"comment\">// ...</span></div><div class=\"line\">  &#125;);</div></pre></td></tr></table></figure><p>好了，言归正传，其实这次我是要记录 Angular 2 中的 http 超时处理的，事情缘由不再赘述，和前面差不多。</p><p>同样我想到了 <code>race</code>。 不过在 stackoverflow 中有人提过这个问题，是用 <code>timeout</code> 操作符，但我使用的时候遇到了一些问题。</p><figure class=\"highlight javascript\"><table><tr><td class=\"code\"><pre><div class=\"line\"><span class=\"keyword\">import</span> &#123; Observable &#125; <span class=\"keyword\">from</span> <span class=\"string\">'rxjs/Observable'</span>;</div><div class=\"line\"><span class=\"keyword\">import</span> <span class=\"string\">'rxjs/add/observable/of'</span>;</div><div class=\"line\"></div><div class=\"line\"><span class=\"keyword\">import</span> <span class=\"string\">'rxjs/add/operator/race'</span>;</div><div class=\"line\"><span class=\"keyword\">import</span> <span class=\"string\">'rxjs/add/operator/delay'</span>;</div><div class=\"line\"></div><div class=\"line\"><span class=\"keyword\">const</span> TIME_OUT = <span class=\"number\">3000</span>;</div><div class=\"line\"></div><div class=\"line\"><span class=\"comment\">// ...</span></div><div class=\"line\"><span class=\"keyword\">let</span> cancel$ = Observable.of(<span class=\"literal\">null</span>).delay(TIME_OUT);</div><div class=\"line\"></div><div class=\"line\"><span class=\"keyword\">let</span> request$ = <span class=\"keyword\">this</span>.http.get(url)</div><div class=\"line\">  .map(<span class=\"function\"><span class=\"params\">res</span> =&gt;</span> res.json())</div><div class=\"line\">  .catch(<span class=\"function\"><span class=\"params\">e</span> =&gt;</span> Observable.of(e));</div><div class=\"line\"></div><div class=\"line\"><span class=\"keyword\">let</span> unsubscribe = request$.race(cancel$).subscribe(</div><div class=\"line\">  data =&gt; <span class=\"built_in\">console</span>.log(data),</div><div class=\"line\">  err  =&gt; consoel.error(err),</div><div class=\"line\">  ()   =&gt; <span class=\"built_in\">console</span>.log(<span class=\"string\">'complete'</span>);</div><div class=\"line\">);</div><div class=\"line\"><span class=\"comment\">// ...</span></div></pre></td></tr></table></figure><p>暂且记录成这样吧，有空再补充。</p>","categories":[],"tags":[{"name":"原创","path":"api/tags/原创.json"},{"name":"RxJS","path":"api/tags/RxJS.json"},{"name":"Angular 2","path":"api/tags/Angular 2.json"},{"name":"笔记","path":"api/tags/笔记.json"}]}