{"title":"Chrome和Firefox下的网页截图","slug":"screen-shot-upload","date":"2016-03-11T00:00:00.000Z","updated":"2017-08-10T10:42:08.512Z","comments":true,"path":"api/articles/screen-shot-upload.json","excerpt":null,"covers":["https://ogjija9ft.qnssl.com/placeholder.png"],"content":"<p>最近在实现一个功能，需求如下：</p><ul><li>前提：当前页面无弹窗</li><li>页面任意位置执行粘贴</li><li>读取剪切板中的截屏数据</li><li>上传截图</li></ul><p>首先还是从网上找相关的例子。</p><p>找到了SF上的专栏文章《<a href=\"https://segmentfault.com/a/1190000004288686\" target=\"_blank\" rel=\"external\">js获取剪切板内容，js控制图片粘贴</a>》。</p><p>于是基于这个，做出了第一版的截图上传功能。</p><p>由于项目使用的是angularjs，事先已经封装好一套上传图片的办法，只需要调用 <code>$scope.image = blob</code>，自动就会发送、上传该文件。</p><p>我是半路介入项目的。原来为数不多的几个js文件实在太大，一个 <code>apiService.js</code>就累积了三四千行，各种服务都在这个文件里，主视图就一个mainController，也是三四千行。</p><p>说实话，我真的惊呆了。</p><p>所以还是尽量避免修改原来的代码。</p><p>按照我自己习惯，把功能封装成 <code>directive</code>，独立建一个文件。</p><p><strong>代码如下</strong>：（特别鸣谢<a href=\"https://segmentfault.com/u/weil\" target=\"_blank\" rel=\"external\">本期节目</a>的文章）</p><figure class=\"highlight javascript\"><table><tr><td class=\"code\"><pre><div class=\"line\"><span class=\"comment\">/**</span></div><div class=\"line\"><span class=\"comment\"> * @description: 截屏上传</span></div><div class=\"line\"><span class=\"comment\"> * @author:      angusfu1126@qq.com</span></div><div class=\"line\"><span class=\"comment\"> * @date:        2016-03-03 20:59:09</span></div><div class=\"line\"><span class=\"comment\"> */</span></div><div class=\"line\">app.directive(<span class=\"string\">'screenshotOrDragUpload'</span>, <span class=\"comment\">/*ngInject*/</span> <span class=\"function\"><span class=\"keyword\">function</span>(<span class=\"params\">$filter</span>) </span>&#123;</div><div class=\"line\">    <span class=\"keyword\">return</span> &#123;</div><div class=\"line\">        restrict: <span class=\"string\">'A'</span></div><div class=\"line\">        link: <span class=\"function\"><span class=\"keyword\">function</span>(<span class=\"params\">$scope, iElm, iAttrs, controller</span>) </span>&#123;</div><div class=\"line\"></div><div class=\"line\">            <span class=\"keyword\">var</span> imageRegex = <span class=\"regexp\">/^image\\//i</span>;</div><div class=\"line\"></div><div class=\"line\">            <span class=\"comment\">// 粘贴截图事件</span></div><div class=\"line\">            <span class=\"built_in\">document</span>.addEventListener(<span class=\"string\">'paste'</span>, onPasteHandler, <span class=\"literal\">false</span>);</div><div class=\"line\"></div><div class=\"line\">            <span class=\"comment\">// 作用域销毁的时候解除事件绑定</span></div><div class=\"line\">            $scope.$on(<span class=\"string\">'$destroy'</span>, <span class=\"function\"><span class=\"keyword\">function</span>(<span class=\"params\"></span>) </span>&#123;</div><div class=\"line\">                <span class=\"built_in\">document</span>.removeEventListener(<span class=\"string\">'paste'</span>, onPasteHandler);</div><div class=\"line\">            &#125;);</div><div class=\"line\"></div><div class=\"line\">            <span class=\"comment\">/**</span></div><div class=\"line\"><span class=\"comment\">             * 全局蒙版显示的时候</span></div><div class=\"line\"><span class=\"comment\">             * 不执行粘贴或者拖拽功能</span></div><div class=\"line\"><span class=\"comment\">             * 避免和各种弹层ng-show条件太耦合</span></div><div class=\"line\"><span class=\"comment\">             * 此处使用DOM方法判断</span></div><div class=\"line\"><span class=\"comment\">             */</span></div><div class=\"line\">            <span class=\"function\"><span class=\"keyword\">function</span> <span class=\"title\">isMaskShown</span>(<span class=\"params\"></span>) </span>&#123;</div><div class=\"line\">                <span class=\"comment\">// 项目依赖于jquery</span></div><div class=\"line\">                <span class=\"keyword\">return</span> angular.element(<span class=\"string\">'.global-mask'</span>).is(<span class=\"string\">':visible'</span>);</div><div class=\"line\">            &#125;</div><div class=\"line\"></div><div class=\"line\">            <span class=\"comment\">/**</span></div><div class=\"line\"><span class=\"comment\">             * 根据时间戳命名</span></div><div class=\"line\"><span class=\"comment\">             */</span></div><div class=\"line\">            <span class=\"function\"><span class=\"keyword\">function</span> <span class=\"title\">generateFileName</span>(<span class=\"params\">user</span>) </span>&#123;</div><div class=\"line\">                <span class=\"keyword\">return</span> $filter(<span class=\"string\">'date'</span>)(<span class=\"keyword\">new</span> <span class=\"built_in\">Date</span>(), <span class=\"string\">'yyyyMMdd_HH:MM:ss'</span>);</div><div class=\"line\">            &#125;</div><div class=\"line\"></div><div class=\"line\">            <span class=\"comment\">/**</span></div><div class=\"line\"><span class=\"comment\">             * 处理 `ctrl + v` 截图粘贴事件</span></div><div class=\"line\"><span class=\"comment\">             */</span></div><div class=\"line\">            <span class=\"function\"><span class=\"keyword\">function</span> <span class=\"title\">onPasteHandler</span>(<span class=\"params\">e</span>) </span>&#123;</div><div class=\"line\">                <span class=\"keyword\">if</span> (isMaskShown()) <span class=\"keyword\">return</span>;</div><div class=\"line\"></div><div class=\"line\">                <span class=\"keyword\">var</span> clipboardData = e.clipboardData;</div><div class=\"line\">                <span class=\"keyword\">var</span> ua = <span class=\"built_in\">window</span>.navigator.userAgent;</div><div class=\"line\"></div><div class=\"line\">                <span class=\"comment\">// 如果无法获取剪贴板则返回</span></div><div class=\"line\">                <span class=\"keyword\">if</span> (!clipboardData || !clipboardData.items) &#123;</div><div class=\"line\">                    <span class=\"keyword\">return</span>;</div><div class=\"line\">                &#125;</div><div class=\"line\"></div><div class=\"line\">                <span class=\"comment\">// Mac平台下Chrome49版本以下</span></div><div class=\"line\">                <span class=\"comment\">// 复制Finder中的文件的Bug Hack掉</span></div><div class=\"line\">                <span class=\"comment\">// see: https://segmentfault.com/a/1190000004288686</span></div><div class=\"line\">                <span class=\"keyword\">if</span> (clipboardData.items</div><div class=\"line\">                        &amp;&amp; clipboardData.items.length === <span class=\"number\">2</span></div><div class=\"line\">                        &amp;&amp; clipboardData.items[<span class=\"number\">0</span>].kind === <span class=\"string\">\"string\"</span></div><div class=\"line\">                        &amp;&amp; clipboardData.items[<span class=\"number\">1</span>].kind === <span class=\"string\">\"file\"</span></div><div class=\"line\">                        &amp;&amp; clipboardData.types</div><div class=\"line\">                        &amp;&amp; clipboardData.types.length === <span class=\"number\">2</span></div><div class=\"line\">                        &amp;&amp; clipboardData.types[<span class=\"number\">0</span>] === <span class=\"string\">\"text/plain\"</span></div><div class=\"line\">                        &amp;&amp; clipboardData.types[<span class=\"number\">1</span>] === <span class=\"string\">\"Files\"</span></div><div class=\"line\">                        &amp;&amp; ua.match(<span class=\"regexp\">/Macintosh/i</span>)</div><div class=\"line\">                        &amp;&amp; <span class=\"built_in\">Number</span>(ua.match(<span class=\"regexp\">/Chrome\\/(\\d&#123;2&#125;)/i</span>)[<span class=\"number\">1</span>]) &lt; <span class=\"number\">49</span></div><div class=\"line\">                 ) &#123;</div><div class=\"line\">                    <span class=\"keyword\">return</span>;</div><div class=\"line\">                &#125;</div><div class=\"line\"></div><div class=\"line\">                <span class=\"keyword\">var</span> len = clipboardData.items.length,</div><div class=\"line\">                    item = <span class=\"literal\">null</span>,</div><div class=\"line\">                    blob = <span class=\"literal\">null</span>;</div><div class=\"line\"></div><div class=\"line\">                <span class=\"keyword\">while</span> (len--) &#123;</div><div class=\"line\"></div><div class=\"line\">                    item = clipboardData.items[len];</div><div class=\"line\"></div><div class=\"line\">                    <span class=\"keyword\">if</span> (item.kind == <span class=\"string\">\"file\"</span>) &#123;</div><div class=\"line\"></div><div class=\"line\">                        blob = item.getAsFile();</div><div class=\"line\"></div><div class=\"line\">                        <span class=\"keyword\">if</span> (imageRegex.test(blob.type) &amp;&amp; blob.size &gt; <span class=\"number\">0</span>) &#123;</div><div class=\"line\">                            blob.name = generateFileName();</div><div class=\"line\"></div><div class=\"line\">                            <span class=\"comment\">// 调用上传</span></div><div class=\"line\">                            $scope.image = blob;</div><div class=\"line\">                            <span class=\"keyword\">break</span>;</div><div class=\"line\">                        &#125;</div><div class=\"line\">                    &#125;</div><div class=\"line\">                &#125;</div><div class=\"line\">            &#125;</div><div class=\"line\"></div><div class=\"line\"></div><div class=\"line\">        &#125;</div><div class=\"line\">    &#125;;</div><div class=\"line\">&#125;);</div></pre></td></tr></table></figure><p>当然，文章不可能就此结束。。。</p><p>分割线休息片刻</p><p>==============================================================</p><p>上述功能只有在 Chrome 和 Safari 中有效，但到火狐上面就挂掉了啊。。。</p><p>测试一下，给 document 绑定 paste 事件，粘贴的时候压根就读不到数据。</p><p>火狐下面，并没有 <code>clipboardData.items</code> 这一项。</p><p>o(╯□╰)o</p><p>那怎么办呢？</p><p>只能退而求其次。放弃，或者寻求降级的办法。</p><p>就在我觉得无路可走的时候，火狐的一个特点让我眼前一亮。。。</p><p>分别用 chrome 和 firefox 打开这个 <a href=\"http://sandbox.runjs.cn/show/xjhkfcr2\" target=\"_blank\" rel=\"external\">demo</a>试试看，试着用 qq 截个图或者在文件夹中复制一张图片，粘贴在红色框框里。</p><p>有没有发现，只有在火狐下能把图粘贴进来？</p><p>嗯，解决办法就在这里了。</p><p>其实，demo 中的红色框框是一个有 <code>contenteditable</code> 属性的 <code>div</code>。</p><p>关于 <code>contenteditable</code>，此处有张鑫旭大神的博文两篇，且记在此处备忘：</p><ul><li><p><a href=\"http://www.zhangxinxu.com/wordpress/2016/01/contenteditable-plaintext-only/\" target=\"_blank\" rel=\"external\">小tip: 如何让contenteditable元素只能输入纯文本</a></p></li><li><p><a href=\"http://www.zhangxinxu.com/wordpress/2010/12/div-textarea-height-auto/\" target=\"_blank\" rel=\"external\">div模拟textarea文本域轻松实现高度自适应</a></p></li></ul><p>firefox 下面，是可以把剪切板中的图片数据粘贴进去的，而 chrome 下面则不行了。</p><p>而项目的输入框，正好是一个 <code>pre</code> 标签加上 <code>contenteditable</code> 属性模拟出来的。完美~~~（此处应有金星老师表情包）</p><p>好了，在火狐中粘贴截图之后，右键查看一下，是不是像下图酱紫的？</p><p><img src=\"https://ogjija9ft.qnssl.com/placeholder.png\" data-orig=\"https://segmentfault.com/img/bVtoBY\" alt=\"图片描述\"></p><p>有木有看到醒目的 <code>img</code> 标签？</p><p>有木有看到醒目的 <code>data:image/png;base64,</code>？</p><p>办法有了。解决方案如下：</p><ul><li><p>监听 <code>keydown</code> 事件</p></li><li><p>检测输入框是否为空</p><ul><li>非空：不允许粘贴图片（但我们不能事先判断数据类型，只能迅速remove掉img元素）</li><li>空的：获取img元素及其src数据，然后迅速移除元素</li></ul></li></ul><p>当然，此处是有坑的。。。</p><p>具体坑在哪里呢？看代码吧。其实我觉得我可能没完全解决。</p><figure class=\"highlight javascript\"><table><tr><td class=\"code\"><pre><div class=\"line\"><span class=\"keyword\">if</span> (<span class=\"regexp\">/firefox/i</span>.test(navigator.userAgent)) &#123;</div><div class=\"line\">    <span class=\"keyword\">var</span> URL = (<span class=\"built_in\">window</span>.URL || <span class=\"built_in\">window</span>.mozURL),</div><div class=\"line\"></div><div class=\"line\">        supportTransform = URL &amp;&amp; <span class=\"built_in\">window</span>.Blob &amp;&amp; <span class=\"built_in\">window</span>.atob &amp;&amp; <span class=\"built_in\">window</span>.ArrayBuffer &amp;&amp; <span class=\"built_in\">window</span>.Uint8Array,</div><div class=\"line\"></div><div class=\"line\">        <span class=\"comment\">// see http://jsperf.com/blob-base64-conversion</span></div><div class=\"line\">        convertBase64UrlToBlob = <span class=\"function\"><span class=\"keyword\">function</span>(<span class=\"params\">urlData</span>) </span>&#123;</div><div class=\"line\">            <span class=\"comment\">//去掉url的头，并转换为byte</span></div><div class=\"line\">            <span class=\"keyword\">var</span> bytes = <span class=\"built_in\">window</span>.atob(urlData.split(<span class=\"string\">','</span>)[<span class=\"number\">1</span>]);</div><div class=\"line\"></div><div class=\"line\">            <span class=\"comment\">//处理异常,将ascii码小于0的转换为大于0</span></div><div class=\"line\">            <span class=\"keyword\">var</span> ab = <span class=\"keyword\">new</span> <span class=\"built_in\">ArrayBuffer</span>(bytes.length);</div><div class=\"line\">            <span class=\"keyword\">var</span> ia = <span class=\"keyword\">new</span> <span class=\"built_in\">Uint8Array</span>(ab);</div><div class=\"line\">            <span class=\"keyword\">for</span> (<span class=\"keyword\">var</span> i = <span class=\"number\">0</span>; i &lt; bytes.length; i++) &#123;</div><div class=\"line\">                ia[i] = bytes.charCodeAt(i);</div><div class=\"line\">            &#125;</div><div class=\"line\">            <span class=\"keyword\">return</span> <span class=\"keyword\">new</span> Blob([ab], &#123;</div><div class=\"line\">                type: <span class=\"string\">'image/png'</span></div><div class=\"line\">            &#125;);</div><div class=\"line\">        &#125;;</div><div class=\"line\"></div><div class=\"line\">    $(<span class=\"string\">'pre'</span>).on(<span class=\"string\">'keydown'</span>, <span class=\"function\"><span class=\"keyword\">function</span>(<span class=\"params\">e</span>) </span>&#123;</div><div class=\"line\"></div><div class=\"line\">        <span class=\"keyword\">var</span> isCtrlV = (e.ctrlKey &amp;&amp; e.keyCode == <span class=\"string\">'86'</span>);</div><div class=\"line\"></div><div class=\"line\">        <span class=\"keyword\">if</span> (!supportTransform || !isCtrlV) <span class=\"keyword\">return</span>;</div><div class=\"line\"></div><div class=\"line\">        <span class=\"keyword\">var</span> $<span class=\"keyword\">this</span> = $(<span class=\"keyword\">this</span>),</div><div class=\"line\">            html = $<span class=\"keyword\">this</span>.html(),</div><div class=\"line\">            canPasteImage = <span class=\"literal\">false</span>;</div><div class=\"line\"></div><div class=\"line\">        <span class=\"comment\">// Notice</span></div><div class=\"line\">        <span class=\"comment\">// 火狐的坑在这里啊啊啊啊</span></div><div class=\"line\">        <span class=\"comment\">// 只有空的时候才能粘贴图片</span></div><div class=\"line\">        <span class=\"keyword\">if</span> (!html || html === <span class=\"string\">'&lt;br&gt;'</span>) &#123;</div><div class=\"line\">            canPasteImage = <span class=\"literal\">true</span>;</div><div class=\"line\">        &#125;</div><div class=\"line\"></div><div class=\"line\">        setTimeout(<span class=\"function\"><span class=\"keyword\">function</span>(<span class=\"params\"></span>) </span>&#123;</div><div class=\"line\">            <span class=\"keyword\">var</span> $imgs = $<span class=\"keyword\">this</span>.find(<span class=\"string\">'img'</span>).remove(),</div><div class=\"line\">                data = $imgs.eq(<span class=\"number\">0</span>).attr(<span class=\"string\">'src'</span>);</div><div class=\"line\"></div><div class=\"line\">            <span class=\"keyword\">if</span> (canPasteImage &amp;&amp; data) &#123;</div><div class=\"line\">                <span class=\"keyword\">var</span> blob = convertBase64UrlToBlob(data);</div><div class=\"line\">                blob.name = generateFileName();</div><div class=\"line\">                <span class=\"comment\">// 调用上传</span></div><div class=\"line\">                $scope.image = blob;</div><div class=\"line\">            &#125;</div><div class=\"line\">        &#125;, <span class=\"number\">0</span>);</div><div class=\"line\"></div><div class=\"line\">    &#125;);</div><div class=\"line\">&#125;</div></pre></td></tr></table></figure><p>做个笔记： Blob对象和base64字符串的转换, <a href=\"http://jsperf.com/blob-base64-conversion\" target=\"_blank\" rel=\"external\">http://jsperf.com/blob-base64-conversion</a></p><p>目前还没在IE上测试过，不知道结果如何。</p>","categories":[],"tags":[{"name":"原创","path":"api/tags/原创.json"},{"name":"JavaScript","path":"api/tags/JavaScript.json"},{"name":"Angular.js","path":"api/tags/Angular.js.json"},{"name":"网页截图","path":"api/tags/网页截图.json"}]}