{"title":"GraphQL 的庐山真面目","slug":"so-whats-this-graphql-thing-i-keep-hearing-about","date":"2017-05-13T00:00:00.000Z","updated":"2017-08-10T10:42:08.512Z","comments":true,"path":"api/articles/so-whats-this-graphql-thing-i-keep-hearing-about.json","excerpt":null,"covers":["https://ogjija9ft.qnssl.com/placeholder.png"],"content":"<h2 id=\"译者注\"><a href=\"#译者注\" class=\"headerlink\" title=\"译者注\"></a>译者注</h2><p>试用了众成翻译正在内测的新版翻译工具，借助谷歌翻译 API，速度比以前快多了。但也有一些缺憾，较以往逐句手动翻译字斟句酌不同，往往会迁就自动翻译结果，时间都花在调整工作上了。</p><p>以下为正文：</p><blockquote><p>本文转载自：<a href=\"http://www.zcfy.cc\" target=\"_blank\" rel=\"external\">众成翻译</a><br>译者：<a href=\"http://www.zcfy.cc/@wemlin\" target=\"_blank\" rel=\"external\">文蔺</a><br>链接：<a href=\"http://www.zcfy.cc/article/2719\" target=\"_blank\" rel=\"external\">http://www.zcfy.cc/article/2719</a><br>原文：<a href=\"https://medium.freecodecamp.com/so-whats-this-graphql-thing-i-keep-hearing-about-baf4d36c20cf\" target=\"_blank\" rel=\"external\">https://medium.freecodecamp.com/so-whats-this-graphql-thing-i-keep-hearing-about-baf4d36c20cf</a></p></blockquote><p>如果你像我一样，在听到一个新技术的时候，可能会经历三个阶段：</p><h3 id=\"1-不予理会\"><a href=\"#1-不予理会\" class=\"headerlink\" title=\"1.不予理会\"></a>1.不予理会</h3><blockquote><p>又来一个 JavaScript 库？jQuery 在手，天下我有！</p></blockquote><h3 id=\"2-兴趣初起\"><a href=\"#2-兴趣初起\" class=\"headerlink\" title=\"2.兴趣初起\"></a>2.兴趣初起</h3><blockquote><p>嗯，要不还是去看看这个久闻大名的东西吧…</p></blockquote><h3 id=\"3-恐惧症爆发\"><a href=\"#3-恐惧症爆发\" class=\"headerlink\" title=\"3.恐惧症爆发\"></a>3.恐惧症爆发</h3><blockquote><p>救命啊！我必须<strong>立马</strong>学会它，否则就要死在沙滩上了！</p></blockquote><p>身处这个快节奏时代，保持理智需要一定的诀窍：处于第二、三阶段之间，兴趣刚刚激发，趁着仍在时代前列，开始学习新东西吧。</p><p>所以，现在正是学习 GraphQL的好时机。</p><h2 id=\"基础知识\"><a href=\"#基础知识\" class=\"headerlink\" title=\"基础知识\"></a>基础知识</h2><p>简而言之，GraphQL 是一种<strong>描述如何请求数据的语法</strong>，通常用于客户端向服务器请求数据。GraphQL 有三个主要特点：</p><ul><li>允许客户端精确指定所需数据。</li><li>可以更容易地从多个数据源聚合数据。</li><li>使用类型系统描述数据。</li></ul><p>那么如何开始学习 GraphQL 呢？它在实践中长什么样子？怎么开始使用它？请继续阅读，寻找答案吧！</p><p><img src=\"https://ogjija9ft.qnssl.com/placeholder.png\" data-orig=\"http://p0.qhimg.com/t012685a3ad904a9c5f.png\" alt=\"\"></p><h2 id=\"提出问题\"><a href=\"#提出问题\" class=\"headerlink\" title=\"提出问题\"></a>提出问题</h2><p>GraphQL 起源于又大又老的 Facebook 应用。不过，即便是更简单的应用程序，也经常受到传统 REST API 的限制。</p><p>举个栗子，假设你需要展示帖子列表，每个帖子下面展示一个带有用户名和头像的点赞列表。很简单，调整 API，加入一个点赞用户数组：</p><p><img src=\"https://ogjija9ft.qnssl.com/placeholder.png\" data-orig=\"http://p0.qhimg.com/t01c62e2c165c8a2f93.png\" alt=\"\"></p><p>然而，我们要做移动 APP 了，结果你会发现，加载额外数据拉低了整体速度。所以这时候需要两个端点（endpoints），一个包含点赞信息，一个不含点赞信息。</p><p>看热闹不嫌事大，再添加一个因素：帖子存储在 MySQL 数据库中，点赞数据存储在 Redis 中！现在该怎么办呢？</p><p>将这种情况推广到管理大量数据源、 API 客户端的 Facebook 身上，也就不难想象，为什么老式 REST API 开始捉襟见肘了。</p><h2 id=\"解决方案\"><a href=\"#解决方案\" class=\"headerlink\" title=\"解决方案\"></a>解决方案</h2><p>Facebook 提出的解决方案在概念上非常简单：不再使用多个“愚蠢”端点，而是使用可以处理复杂查询、根据客户端需求拼合数据的单个“智能”端点。</p><p>实际上，GraphQL 层位于客户端和一个或多个数据源之间，按照你的指示接收客户端请求，然后获取必要的数据。困惑不解？下面打打比方！</p><p>旧式 REST 模型就好像先订购比萨饼，然后请商店送货上门，接着再打电话给干衣店上门取衣服。三个店铺，三个电话。</p><p><img src=\"https://ogjija9ft.qnssl.com/placeholder.png\" data-orig=\"http://p0.qhimg.com/t0164fdd55ba842dff5.png\" alt=\"\"></p><p>而 GraphQL 就像一个私人助理。只需要给出三个地方的地址，然后告诉 Ta 你想要什么（“衣服要干洗，一个大比萨饼，两打鸡蛋” ），然后就可以坐等结果了。</p><p><img src=\"https://ogjija9ft.qnssl.com/placeholder.png\" data-orig=\"http://p0.qhimg.com/t01f3812c6c3eece0ba.png\" alt=\"\"></p><p>换言之，GraphQL 建立了一套用来与神通广大的个人助理交流的标准语言。</p><p><img src=\"https://ogjija9ft.qnssl.com/placeholder.png\" data-orig=\"http://p0.qhimg.com/t01f0cf41ee0df4105c.png\" alt=\"\"></p><p>Google 图片的结果显示，典型的个人助理是八臂金刚。</p><p>在实践中，GraphQL API 围绕三个主要构建块组织：<strong>模式（schema）、查询（query）、解析器（resolver）</strong>。</p><h2 id=\"查询\"><a href=\"#查询\" class=\"headerlink\" title=\"查询\"></a>查询</h2><p>你对 GraphQL 个人助理的发出的请求就是查询，如下所示：</p><figure class=\"highlight plain\"><table><tr><td class=\"code\"><pre><div class=\"line\">query &#123;</div><div class=\"line\">  stuff</div><div class=\"line\">&#125;</div></pre></td></tr></table></figure><p>通过<code>query</code>关键字声明新查询，然后请求一个名为<code>stuff</code>的字段。GraphQL 查询的好处是支持嵌套字段，所以我们可以更进一步：</p><figure class=\"highlight plain\"><table><tr><td class=\"code\"><pre><div class=\"line\">query &#123;</div><div class=\"line\">  stuff &#123;</div><div class=\"line\">    eggs</div><div class=\"line\">    shirt</div><div class=\"line\">    pizza</div><div class=\"line\">  &#125;</div><div class=\"line\">&#125;</div></pre></td></tr></table></figure><p>如你所见，查询的客户端无需关心数据来自哪个“店铺”。按需请求，让 GraphQL 服务器负责其余的事。</p><p>值得注意的是，查询字段也可以指向数组。例如，下面是查询帖子列表时的一种常见模式：</p><figure class=\"highlight plain\"><table><tr><td class=\"code\"><pre><div class=\"line\">query &#123;</div><div class=\"line\">  posts &#123; _# this is an array_</div><div class=\"line\">    title</div><div class=\"line\">    body</div><div class=\"line\">    author &#123; _# we can go deeper!_</div><div class=\"line\">      name</div><div class=\"line\">      avatarUrl</div><div class=\"line\">      profileUrl</div><div class=\"line\">    &#125;</div><div class=\"line\">  &#125;</div><div class=\"line\">&#125;</div></pre></td></tr></table></figure><p>查询字段也支持参数。如果想显示某个特定帖子，可以在<code>post</code>字段中添加一个<code>id</code>参数：</p><figure class=\"highlight plain\"><table><tr><td class=\"code\"><pre><div class=\"line\">query &#123;</div><div class=\"line\">  post(id: &quot;123foo&quot;)&#123;</div><div class=\"line\">    title</div><div class=\"line\">    body</div><div class=\"line\">    author&#123;</div><div class=\"line\">      name</div><div class=\"line\">      avatarUrl</div><div class=\"line\">      profileUrl</div><div class=\"line\">    &#125;</div><div class=\"line\">  &#125;</div><div class=\"line\">&#125;</div></pre></td></tr></table></figure><p>最后，如果想使该<code>id</code>参数动态化，可以定义一个<strong>变量</strong>，然后在查询中重用它（请注意，我们也在这里<strong>命名</strong>了查询）：</p><figure class=\"highlight plain\"><table><tr><td class=\"code\"><pre><div class=\"line\">query getMyPost($id: String) &#123;</div><div class=\"line\">  post(id: $id)&#123;</div><div class=\"line\">    title</div><div class=\"line\">    body</div><div class=\"line\">    author&#123;</div><div class=\"line\">      name</div><div class=\"line\">      avatarUrl</div><div class=\"line\">      profileUrl</div><div class=\"line\">    &#125;</div><div class=\"line\">  &#125;</div><div class=\"line\">&#125;</div></pre></td></tr></table></figure><p>使用 GitHub 的 GraphQL API Explorer 可以很好地实践前面的例子。尝试以下查询：</p><figure class=\"highlight plain\"><table><tr><td class=\"code\"><pre><div class=\"line\">query &#123;</div><div class=\"line\">  repository(owner: &quot;graphql&quot;, name: &quot;graphql-js&quot;)&#123;</div><div class=\"line\">    name</div><div class=\"line\">    description</div><div class=\"line\">  &#125;</div><div class=\"line\">&#125;</div></pre></td></tr></table></figure><p><img src=\"https://ogjija9ft.qnssl.com/placeholder.png\" data-orig=\"http://p0.qhimg.com/t01c93357a8f0c51329.gif\" alt=\"\"></p><p>GraphQL 自动补全功能</p><p>请注意，当我们尝试在描述下面输入新的字段名称时，IDE 将通过 GraphQL API 自动补全字段名称。漂亮！</p><p><a href=\"https://dev-blog.apollodata.com/the-anatomy-of-a-graphql-query-6dffa9e9e747\" target=\"_blank\" rel=\"external\"><img src=\"https://ogjija9ft.qnssl.com/placeholder.png\" data-orig=\"http://p0.qhimg.com/t017e65fab413aa1b0d.png\" alt=\"\"></a><a href=\"https://dev-blog.apollodata.com/the-anatomy-of-a-graphql-query-6dffa9e9e747\" target=\"_blank\" rel=\"external\">The Anatomy of a GraphQL Query</a></p><p>你可以在 《<a href=\"https://dev-blog.apollodata.com/the-anatomy-of-a-graphql-query-6dffa9e9e747\" target=\"_blank\" rel=\"external\">解析 GraphQL Query</a>》 这篇优秀文章中了解有关GraphQL 查询的更多信息。</p><h2 id=\"解析器\"><a href=\"#解析器\" class=\"headerlink\" title=\"解析器\"></a>解析器</h2><p>如果没有干洗店的地址，即使是世界上最好的个人助理也无法完成干洗的任务。</p><p>同样，GraphQL 服务器也不会知道如何处理传入的查询，除非我们使用解析器来告诉它怎么做。</p><p>解析器告诉 GraphQL 如何获取、在哪里获取与给定字段相对应的数据。例如，前面的<code>post</code>字段的解析器可能看起来像下面这样（使用Apollo 的 <a href=\"https://github.com/apollographql/graphql-tools\" target=\"_blank\" rel=\"external\">GraphQL-Tools</a> 模式生成器）：</p><figure class=\"highlight plain\"><table><tr><td class=\"code\"><pre><div class=\"line\">Query: &#123;</div><div class=\"line\">  post(root, args) &#123;</div><div class=\"line\">    return Posts.find(&#123; id: args.id &#125;);</div><div class=\"line\">  &#125;</div><div class=\"line\">&#125;</div></pre></td></tr></table></figure><p>我们将解析器放在 Query 上，因为我们希望直接在 root 级别查询帖子。但也可以使用子字段的解析器，例如帖子的<code>author</code>字段：</p><figure class=\"highlight plain\"><table><tr><td class=\"code\"><pre><div class=\"line\">Query: &#123;</div><div class=\"line\">  post(root, args) &#123;</div><div class=\"line\">    return Posts.find(&#123; id: args.id &#125;);</div><div class=\"line\">  &#125;</div><div class=\"line\">&#125;,</div><div class=\"line\">Post: &#123;</div><div class=\"line\">  author(post) &#123;</div><div class=\"line\">    return Users.find(&#123; id: post.authorId&#125;)</div><div class=\"line\">  &#125;</div><div class=\"line\">&#125;</div></pre></td></tr></table></figure><p>还需要注意，解析器不限于返回数据库文档。例如，也许你想添加一个<code>commentsCount</code>字段：</p><figure class=\"highlight plain\"><table><tr><td class=\"code\"><pre><div class=\"line\">Post: &#123;</div><div class=\"line\">  author(post) &#123;</div><div class=\"line\">    return Users.find(&#123; id: post.authorId&#125;)</div><div class=\"line\">  &#125;,</div><div class=\"line\">  commentsCount(post) &#123;</div><div class=\"line\">    return Comments.find(&#123; postId: post.id&#125;).count() </div><div class=\"line\">  &#125;</div><div class=\"line\">&#125;</div></pre></td></tr></table></figure><p>在这里，关键概念是通过使用 GraphQL，API schema、数据库schema 被解耦。换言之，数据库中可能没有任何<code>author</code>或<code>commentsCount</code>字段，但我们可以通过解析器的力量来“模拟”它们。</p><p>如你所见，我们可以在解析器中编写所需的任意代码。这就是为什么你也可以让它们<em>修改</em>数据库的原因，在这种情况下，它们被称为<strong>突变</strong>（mutation）解析器。</p><h2 id=\"Schema（模式）\"><a href=\"#Schema（模式）\" class=\"headerlink\" title=\"Schema（模式）\"></a>Schema（模式）</h2><p>所有这些好东西都可以通过 GraphQL 的类型化架构系统实现。我今天的目标是给读者一个简短的概述，而不是详尽的介绍，所以我不会在这里涉及任何细节内容。</p><p>话虽如此，如果你想了解更多，建议查看 <a href=\"http://graphql.org/learn/schema/\" target=\"_blank\" rel=\"external\">GraphQL 文档</a>。</p><p><img src=\"https://ogjija9ft.qnssl.com/placeholder.png\" data-orig=\"http://p0.qhimg.com/t01eb0c899333f2b4d2.png\" alt=\"\"></p><h2 id=\"常见问题\"><a href=\"#常见问题\" class=\"headerlink\" title=\"常见问题\"></a>常见问题</h2><p>休息一下，回答几个常见问题。</p><p>那位朋友，后面的观众！对，就是你。貌似你想问一些事情。来吧，别害羞！</p><h3 id=\"GraphQL-和图形数据库（graph-databases）之间有什么关系？\"><a href=\"#GraphQL-和图形数据库（graph-databases）之间有什么关系？\" class=\"headerlink\" title=\"GraphQL 和图形数据库（graph databases）之间有什么关系？\"></a>GraphQL 和图形数据库（graph databases）之间有什么关系？</h3><p>没太多关系，真的，GraphQL 与 Neo4j 等图形数据库没有任何关系。“Graph” 来源于通过使用字段、子字段爬取 API 图形的想法；而“QL”则代表“查询语言”。</p><h3 id=\"我对-REST-很满意，为什么要切换到-GraphQL？\"><a href=\"#我对-REST-很满意，为什么要切换到-GraphQL？\" class=\"headerlink\" title=\"我对 REST 很满意，为什么要切换到 GraphQL？\"></a>我对 REST 很满意，为什么要切换到 GraphQL？</h3><p>如果你还没有碰到 GraphQL 所着力解决的 REST 痛点，那么我会说这是一件好事！</p><p>在 REST 上使用 GraphQL 可能不会影响应用程序的整体用户体验，所以切换到它并非生死攸关的问题。话虽如此，我还得建议你，在有机会的时候，可以在一个小型项目上尝试使用 GraphQL。</p><h3 id=\"我可以在没有-React-Relay-insert-library-的情况下使用-GraphQL-吗？\"><a href=\"#我可以在没有-React-Relay-insert-library-的情况下使用-GraphQL-吗？\" class=\"headerlink\" title=\"我可以在没有 React / Relay / insert library 的情况下使用 GraphQL 吗？\"></a>我可以在没有 React / Relay / insert library 的情况下使用 GraphQL 吗？</h3><p>是的，你可以！GraphQL 只是一个规范，你可以将其与任何平台上的任何库、客户端（例如，Apollo拥有WebQL的GraphQL客户端，iOS，Angular等）一起使用，也可以自己调用 GraphQL 服务器。</p><h3 id=\"GraphQL-是由-Facebook-出品的，我不信任-Facebook\"><a href=\"#GraphQL-是由-Facebook-出品的，我不信任-Facebook\" class=\"headerlink\" title=\"GraphQL 是由 Facebook 出品的，我不信任 Facebook\"></a>GraphQL 是由 Facebook 出品的，我不信任 Facebook</h3><p>再次声明，GraphQL 只是一个规范，这意味着你可以使用 GraphQL 实现，而不运行任何由 Facebook 编写的代码。</p><p>而 Facebook 的支持，对 GraphQL 生态系统肯定是加分项，在这一点上，我相信社区足够大，即使 Facebook 停止使用，GraphQL也将蓬勃发展。</p><h3 id=\"“让客户请求他们需要的数据”这样的业务感觉似乎不是很安全\"><a href=\"#“让客户请求他们需要的数据”这样的业务感觉似乎不是很安全\" class=\"headerlink\" title=\"“让客户请求他们需要的数据”这样的业务感觉似乎不是很安全\"></a>“让客户请求他们需要的数据”这样的业务感觉似乎不是很安全</h3><p>解析器是我们自己编写的，所以可以解决该级别的任何安全问题。</p><p>例如，如果让客户端指定<code>limit</code>参数来控制它接收到的文档数量，那么您可能希望对该号码加以限制以避免 DoS 攻击，以免客户端会一遍又一遍地请求数百万个文档。</p><h3 id=\"那么起步需要些什么呢？\"><a href=\"#那么起步需要些什么呢？\" class=\"headerlink\" title=\"那么起步需要些什么呢？\"></a>那么起步需要些什么呢？</h3><p>一般来说，至少需要两个组件来运行 GraphQL 驱动的应用程序：</p><ul><li>提供 API 的 <strong>GraphQL 服务器</strong>。</li><li>连接端点的 <strong>GraphQL 客户端</strong>。</li></ul><p>请继续阅读，了解更多相关信息。</p><p><img src=\"https://ogjija9ft.qnssl.com/placeholder.png\" data-orig=\"http://p0.qhimg.com/t014136a6390600c091.png\" alt=\"\"></p><p>现在，我们对 GraphQL 的工作有了很好的了解，再来谈谈这个领域的一些主要玩家。</p><h2 id=\"GraphQL-服务器\"><a href=\"#GraphQL-服务器\" class=\"headerlink\" title=\"GraphQL 服务器\"></a>GraphQL 服务器</h2><p>我们需要的第一块砖是 GraphQL 服务器。GraphQL 只是一个规范，所以这为一些相互竞争的实现敞开了大门。</p><h3 id=\"GraphQL-JS（Node）\"><a href=\"#GraphQL-JS（Node）\" class=\"headerlink\" title=\"GraphQL-JS（Node）\"></a><a href=\"https://github.com/graphql/graphql-js\" target=\"_blank\" rel=\"external\">GraphQL-JS</a>（Node）</h3><p>这是 GraphQL 的原始参考实现。可以与 <a href=\"https://github.com/graphql/express-graphql\" target=\"_blank\" rel=\"external\">express-graphql</a> 一起用来<a href=\"http://graphql.org/graphql-js/running-an-express-graphql-server/\" target=\"_blank\" rel=\"external\">创建 API 服务器</a>。</p><h3 id=\"GraphQL-Server（Node）\"><a href=\"#GraphQL-Server（Node）\" class=\"headerlink\" title=\"GraphQL-Server（Node）\"></a><a href=\"http://dev.apollodata.com/tools/graphql-server/\" target=\"_blank\" rel=\"external\">GraphQL-Server</a>（Node）</h3><p><a href=\"http://apollostack.com/\" target=\"_blank\" rel=\"external\">Apollo</a> 团队还拥有自己的一体化 GraphQL 服务器实现。它不像原始实现那样广为流传，但有着很好的文档、支持，并且迅速获得成功。</p><h3 id=\"其他平台\"><a href=\"#其他平台\" class=\"headerlink\" title=\"其他平台\"></a><a href=\"http://graphql.org/code/\" target=\"_blank\" rel=\"external\">其他平台</a></h3><p>GraphQL.org 上有各种其他平台（PHP，Ruby 等）的 <a href=\"http://graphql.org/code/\" target=\"_blank\" rel=\"external\">GraphQL 实现列表</a>。</p><h2 id=\"GraphQL客户端\"><a href=\"#GraphQL客户端\" class=\"headerlink\" title=\"GraphQL客户端\"></a>GraphQL客户端</h2><p>在技术上，虽然可以直接查询 GraphQL API，而无需专门的客户端库，但它<a href=\"http://www.example.com\" target=\"_blank\" rel=\"external\">绝对可以让你的生活更轻松</a>。</p><h3 id=\"Relay\"><a href=\"#Relay\" class=\"headerlink\" title=\"Relay\"></a><a href=\"https://facebook.github.io/relay/\" target=\"_blank\" rel=\"external\">Relay</a></h3><p>Relay 是 Facebook 的 GraphQL 工具包。我没有用过，但是据悉它主要是针对 Facebook 自己的需求量身定制的，并且可能对于大多数使用场景来说有些过度设计。</p><h3 id=\"Apollo-Client\"><a href=\"#Apollo-Client\" class=\"headerlink\" title=\"Apollo Client\"></a><a href=\"http://www.apollodata.com/\" target=\"_blank\" rel=\"external\">Apollo Client</a></h3><p><a href=\"http://apollostack.com/\" target=\"_blank\" rel=\"external\">Apollo</a> 是后来居上者。典型的 Apollo 客户端主包括以下两部分：</p><ul><li><a href=\"http://dev.apollodata.com/core/\" target=\"_blank\" rel=\"external\">Apollo-client</a> 客户端允许我们在浏览器中运行 GraphQL 查询并存储其数据（并且还具有自己的 devtools 扩展）。</li><li>前端框架（<a href=\"http://dev.apollodata.com/react/\" target=\"_blank\" rel=\"external\">React-Apollo</a>，<a href=\"http://dev.apollodata.com/angular2/\" target=\"_blank\" rel=\"external\">Angular-Apollo</a>等）连接件。</li></ul><p>请注意，在默认情况下，Apollo-client 使用 Redux 存储其数据，这是非常好的，因为 Redux 本身是一个拥有丰富生态系统的非常成熟的状态管理库。</p><p><a href=\"https://github.com/apollographql/apollo-client-devtools\" target=\"_blank\" rel=\"external\"><img src=\"https://ogjija9ft.qnssl.com/placeholder.png\" data-orig=\"http://p0.qhimg.com/t01b303c0e84b7d56a9.png\" alt=\"\"></a></p><p>Apollo Devtools Chrome 扩展</p><h2 id=\"开源应用程序\"><a href=\"#开源应用程序\" class=\"headerlink\" title=\"开源应用程序\"></a>开源应用程序</h2><p>尽管 GraphQL 相当新颖，但已经有一些前景看好的开源应用程序可以利用。</p><h3 id=\"VulcanJS\"><a href=\"#VulcanJS\" class=\"headerlink\" title=\"VulcanJS\"></a><a href=\"http://vulcanjs.org\" target=\"_blank\" rel=\"external\">VulcanJS</a></h3><p><a href=\"http://vulcanjs.org\" target=\"_blank\" rel=\"external\"><img src=\"https://ogjija9ft.qnssl.com/placeholder.png\" data-orig=\"http://p0.qhimg.com/t01779c5a01eccf26e7.png\" alt=\"\"></a></p><p>首先是免责声明：我是 VulcanJS 的主要维护者。我创建了 VulcanJS，让人们可以利用 React / GraphQL 技术栈的优势，而无需编写太多的样板。你可以将其视为“现代网络生态系统的 Rails”，因为它可以在几个小时内构建 CRUD 应用程序（如 Instagram 克隆）。</p><h3 id=\"Gatsby\"><a href=\"#Gatsby\" class=\"headerlink\" title=\"Gatsby\"></a><a href=\"https://www.gatsbyjs.org/docs/\" target=\"_blank\" rel=\"external\">Gatsby</a></h3><p>Gatsby 是一个 React 静态站点生成器，目前由 <a href=\"https://www.gatsbyjs.org/docs/\" target=\"_blank\" rel=\"external\">GraphQL 1.0</a> 驱动。这个乍看奇怪的组合，实际上是相当强大的。在构建过程中，Gatsby 可以从多个 GraphQL API 获取数据，然后使用它们创建一个完全静态的客户端 React 应用程序。</p><h2 id=\"其他-GraphQL-工具\"><a href=\"#其他-GraphQL-工具\" class=\"headerlink\" title=\"其他 GraphQL 工具\"></a>其他 GraphQL 工具</h2><h3 id=\"GraphiQL\"><a href=\"#GraphiQL\" class=\"headerlink\" title=\"GraphiQL\"></a><a href=\"https://github.com/graphql/graphiql\" target=\"_blank\" rel=\"external\">GraphiQL</a></h3><p>GraphiQL 是用于查询 GraphQL 端点的非常方便的浏览器端 IDE。</p><p><a href=\"https://github.com/graphql/graphiql\" target=\"_blank\" rel=\"external\"><img src=\"https://ogjija9ft.qnssl.com/placeholder.png\" data-orig=\"http://p0.qhimg.com/t0154a7c6ba8564233e.png\" alt=\"\"></a></p><p>GraphiQL</p><h3 id=\"DataLoader\"><a href=\"#DataLoader\" class=\"headerlink\" title=\"DataLoader\"></a><a href=\"https://github.com/facebook/dataloader\" target=\"_blank\" rel=\"external\">DataLoader</a></h3><p>由于 GraphQL 查询的嵌套特性，单个查询可以轻松触发数十个数据库调用。为了避免发生性能问题，我们可以使用由 Facebook 开发的批处理和缓存库，如 DataLoader。</p><h3 id=\"Create-GraphQL-Server\"><a href=\"#Create-GraphQL-Server\" class=\"headerlink\" title=\"Create GraphQL Server\"></a><a href=\"https://blog.hichroma.com/create-graphql-server-instantly-scaffold-a-graphql-server-1ebad1e71840\" target=\"_blank\" rel=\"external\">Create GraphQL Server</a></h3><p>Create GraphQL Server 是一个命令行实用程序，可以轻松快速构建由 Node 服务器和 Mongo 数据库驱动的 GraphQL 服务器。</p><h3 id=\"GraphQL-up\"><a href=\"#GraphQL-up\" class=\"headerlink\" title=\"GraphQL-up\"></a><a href=\"https://www.graph.cool/graphql-up/\" target=\"_blank\" rel=\"external\">GraphQL-up</a></h3><p>与 Create GraphQL Server 类似，GraphQL-up 可以让我们快速启动由 <a href=\"https://www.graph.cool/\" target=\"_blank\" rel=\"external\">GraphCool</a> 服务驱动的 GraphQL 后端。</p><h2 id=\"GraphQL-服务\"><a href=\"#GraphQL-服务\" class=\"headerlink\" title=\"GraphQL 服务\"></a>GraphQL 服务</h2><p>最后，还有一些 “提供 GraphQL 后端服务” 的公司为我们处理整个服务器端的事情，这可能是试水 GraphQL 生态系统的好方法。</p><h3 id=\"Graphcool\"><a href=\"#Graphcool\" class=\"headerlink\" title=\"Graphcool\"></a><a href=\"http://graph.cool\" target=\"_blank\" rel=\"external\">Graphcool</a></h3><p>结合 GraphQL 和 AWS Lambda 的灵活的后端平台，提供免费开发者计划。</p><h3 id=\"Scaphold\"><a href=\"#Scaphold\" class=\"headerlink\" title=\"Scaphold\"></a><a href=\"https://scaphold.io/\" target=\"_blank\" rel=\"external\">Scaphold</a></h3><p>另一个 GraphQL 后端服务，也有免费计划。它提供了与 Graphcool 大量相同的功能。</p><p><img src=\"https://ogjija9ft.qnssl.com/placeholder.png\" data-orig=\"http://p0.qhimg.com/t017006906307aa2279.png\" alt=\"\"></p><p>已经有很多地方可以学习 GraphQL 了。</p><h3 id=\"GraphQL-org\"><a href=\"#GraphQL-org\" class=\"headerlink\" title=\"GraphQL.org\"></a><a href=\"http://graphql.org/learn/\" target=\"_blank\" rel=\"external\">GraphQL.org</a></h3><p>GraphQL 官方网站有一些很好的起步文档。</p><h3 id=\"LearnGraphQL\"><a href=\"#LearnGraphQL\" class=\"headerlink\" title=\"LearnGraphQL\"></a><a href=\"https://learngraphql.com/\" target=\"_blank\" rel=\"external\">LearnGraphQL</a></h3><p>LearnGraphQL 是由 <a href=\"https://kadira.io/\" target=\"_blank\" rel=\"external\">Kadira</a> 的同学创建的互动课程。</p><h3 id=\"LearnApollo\"><a href=\"#LearnApollo\" class=\"headerlink\" title=\"LearnApollo\"></a><a href=\"https://www.learnapollo.com/\" target=\"_blank\" rel=\"external\">LearnApollo</a></h3><p>LearnApollo 是由Graphcool 制作的免费课程，LearnGraphQL 的接力者。</p><h3 id=\"The-Apollo-Blog\"><a href=\"#The-Apollo-Blog\" class=\"headerlink\" title=\"The Apollo Blog\"></a><a href=\"https://dev-blog.apollodata.com/\" target=\"_blank\" rel=\"external\">The Apollo Blog</a></h3><p>Apollo 博客中有大量关于 Apollo 和 GraphQL 的详细的、写得很好的帖子。</p><h3 id=\"GraphQL-Weekly\"><a href=\"#GraphQL-Weekly\" class=\"headerlink\" title=\"GraphQL Weekly\"></a><a href=\"https://graphqlweekly.com/\" target=\"_blank\" rel=\"external\">GraphQL Weekly</a></h3><p>关于 Graphcool 团队策划的 GraphQL 简报。</p><h3 id=\"Hashbang-Weekly\"><a href=\"#Hashbang-Weekly\" class=\"headerlink\" title=\"Hashbang Weekly\"></a><a href=\"http://hashbangweekly.okgrow.com/\" target=\"_blank\" rel=\"external\">Hashbang Weekly</a></h3><p>另一个很好的简报，除了 GraphQL 之外，它还提供 React 和 Meteor 的消息。</p><h3 id=\"Freecom\"><a href=\"#Freecom\" class=\"headerlink\" title=\"Freecom\"></a><a href=\"https://www.graph.cool/freecom/\" target=\"_blank\" rel=\"external\">Freecom</a></h3><p>一个教程系列，教你如何使用 GraphQL 构建对讲机。</p><h3 id=\"Awesome-GraphQL\"><a href=\"#Awesome-GraphQL\" class=\"headerlink\" title=\"Awesome GraphQL\"></a><a href=\"https://github.com/chentsulin/awesome-graphql\" target=\"_blank\" rel=\"external\">Awesome GraphQL</a></h3><p>GraphQL 链接、资源的详尽列表。</p><p><img src=\"https://ogjija9ft.qnssl.com/placeholder.png\" data-orig=\"http://p0.qhimg.com/t011ca6af993813702b.png\" alt=\"\"></p><p>那么如何将新获得的 GraphQL 知识付诸实践呢？可以试试下面这些：</p><h3 id=\"Apollo-Graphcool-Next-js\"><a href=\"#Apollo-Graphcool-Next-js\" class=\"headerlink\" title=\"Apollo + Graphcool + Next.js\"></a><a href=\"https://github.com/zeit/next.js/tree/master/examples/with-apollo\" target=\"_blank\" rel=\"external\">Apollo + Graphcool + Next.js</a></h3><p>如果你已经熟悉 Next.js 和 React，这个<a href=\"https://github.com/zeit/next.js/tree/master/examples/with-apollo\" target=\"_blank\" rel=\"external\">示例</a>将允许你使用Graphcool 设置 GraphQL 端点，然后使用 Apollo 进行查询。</p><h3 id=\"VulcanJS-1\"><a href=\"#VulcanJS-1\" class=\"headerlink\" title=\"VulcanJS\"></a><a href=\"http://docs.vulcanjs.org/\" target=\"_blank\" rel=\"external\">VulcanJS</a></h3><p><a href=\"http://docs.vulcanjs.org/\" target=\"_blank\" rel=\"external\">Vulcan 教程</a>将带你在服务器和客户端上设置一个简单的 GraphQL 数据层。由于 Vulcan 是一个一体化平台，因此无需任何设置即可开始使用。如果需要帮助，请不要犹豫，来访问我们的 <a href=\"http://slack.vulcanjs.org/\" target=\"_blank\" rel=\"external\">Slack 频道</a>！</p><h3 id=\"GraphQL-amp-React-Tutorial\"><a href=\"#GraphQL-amp-React-Tutorial\" class=\"headerlink\" title=\"GraphQL &amp; React Tutorial\"></a><a href=\"https://blog.hichroma.com/graphql-react-tutorial-part-1-6-d0691af25858#.o54ygcruh\" target=\"_blank\" rel=\"external\">GraphQL &amp; React Tutorial</a></h3><p>Chroma 博客有一个构建遵循组件驱动的开发方法的 React / GraphQL 应用程序的<a href=\"https://blog.hichroma.com/graphql-react-tutorial-part-1-6-d0691af25858#.o54ygcruh\" target=\"_blank\" rel=\"external\">六部分教程</a>。</p><p><img src=\"https://ogjija9ft.qnssl.com/placeholder.png\" data-orig=\"http://p0.qhimg.com/t01eb0c899333f2b4d2.png\" alt=\"\"></p><h2 id=\"小结\"><a href=\"#小结\" class=\"headerlink\" title=\"小结\"></a>小结</h2><p>乍看 GraphQL 可能很复杂，因为它是一种跨领域技术。但是，如果你花时间了解基础概念，我想你会发现很多东西只是有意义的。</p><p>所以无论你是否真的使用它，我相信值得花时间熟悉 GraphQL。越来越多的公司和框架正在采用它，并且在未来几年内可能最终成为网络的关键组成部分之一。</p><p>同意？不同意？有问题吗？在评论中告诉我。如果你喜欢这篇文章，请考虑分享它！</p><p>感谢 <a href=\"https://medium.com/@tmeasday?source=post_page\" target=\"_blank\" rel=\"external\">Tom Coleman</a> 和 <a href=\"https://medium.com/@helfer?source=post_page\" target=\"_blank\" rel=\"external\">Jonas Helfer</a>。</p>","categories":[],"tags":[{"name":"翻译","path":"api/tags/翻译.json"},{"name":"GraphQL","path":"api/tags/GraphQL.json"}]}