{"title":"Service Worker 生命周期","slug":"the-service-worker-lifecycle","date":"2016-07-25T10:46:44.000Z","updated":"2017-08-10T10:42:08.512Z","comments":true,"path":"api/articles/the-service-worker-lifecycle.json","excerpt":null,"covers":["https://ogjija9ft.qnssl.com/placeholder.png"],"content":"<p>如果使用过 Service Worker，之前你可能遇到过这样的问题，原来的 Service Worker 还在起作用，即使文件本身已经更新过。其中的原因在于 Service Worker 生命周期中的一些微妙之处；它可能会被安装，而且是有效的，但实际上却没有被 document 纳入控制。</p><p>Service Worker 可能拥有以下六种状态的一种：<strong>解析成功（parsed）</strong>，<strong>正在安装（installing）</strong>，<strong>安装成功（installed）</strong>，<strong>正在激活（activating）</strong>，<strong>激活成功（activated）</strong>，<strong>废弃（redundant）</strong>。</p><p><img src=\"https://ogjija9ft.qnssl.com/placeholder.png\" data-orig=\"http://p0.qhimg.com/t01716a20bbd762eaba.png\" alt=\"Service Worker 状态\"></p><h2 id=\"解析成功（Parsed）\"><a href=\"#解析成功（Parsed）\" class=\"headerlink\" title=\"解析成功（Parsed）\"></a>解析成功（Parsed）</h2><p>首次注册 Service Worker 时，浏览器解决脚本并获得入口点。如果解析成功（而且满足其他条件，如 HTTPS 协议），就可以访问到 Service Worker 注册对象（registration object），其中包含 Service Worker 的状态及其作用域。</p><figure class=\"highlight javascript\"><table><tr><td class=\"code\"><pre><div class=\"line\"><span class=\"comment\">/* In main.js */</span></div><div class=\"line\"><span class=\"keyword\">if</span> (<span class=\"string\">'serviceWorker'</span> <span class=\"keyword\">in</span> navigator) &#123;  </div><div class=\"line\">    navigator.serviceWorker.register(<span class=\"string\">'./sw.js'</span>)</div><div class=\"line\">    .then(<span class=\"function\"><span class=\"keyword\">function</span>(<span class=\"params\">registration</span>) </span>&#123;</div><div class=\"line\">        <span class=\"built_in\">console</span>.log(<span class=\"string\">\"Service Worker Registered\"</span>, registration);</div><div class=\"line\">    &#125;)</div><div class=\"line\">    .catch(<span class=\"function\"><span class=\"keyword\">function</span>(<span class=\"params\">err</span>) </span>&#123;</div><div class=\"line\">        <span class=\"built_in\">console</span>.log(<span class=\"string\">\"Service Worker Failed to Register\"</span>, err);</div><div class=\"line\">    &#125;)</div><div class=\"line\">&#125;</div></pre></td></tr></table></figure><p>Service Worker 注册成功，并不意味着它已经完成安装，也不能说明它已经激活，仅仅是脚本被成功解析，与 document 同源，而且源协议是 HTTPS。一旦完成注册，Service Worker 将进入下一状态。</p><h2 id=\"正在安装（Installing）\"><a href=\"#正在安装（Installing）\" class=\"headerlink\" title=\"正在安装（Installing）\"></a>正在安装（Installing）</h2><p>Service Worker 脚本解析完成后，浏览器会试着安装，进入下一状态，“installing”。在 Service Worker <code>注册（registration）</code> 对象中，我们可以通过 <code>installing</code> 子对象检查该状态。</p><figure class=\"highlight javascript\"><table><tr><td class=\"code\"><pre><div class=\"line\"><span class=\"comment\">/* In main.js */</span></div><div class=\"line\">navigator.serviceWorker.register(<span class=\"string\">'./sw.js'</span>).then(<span class=\"function\"><span class=\"keyword\">function</span>(<span class=\"params\">registration</span>) </span>&#123;  </div><div class=\"line\">    <span class=\"keyword\">if</span> (registration.installing) &#123;</div><div class=\"line\">        <span class=\"comment\">// Service Worker is Installing</span></div><div class=\"line\">    &#125;</div><div class=\"line\">&#125;)</div></pre></td></tr></table></figure><p>在 installing 状态中，Service Worker 脚本中的 <code>install</code> 事件被执行。我们通常在安装事件中，为 document 缓存静态文件。</p><figure class=\"highlight javascript\"><table><tr><td class=\"code\"><pre><div class=\"line\"><span class=\"comment\">/* In sw.js */</span></div><div class=\"line\">self.addEventListener(<span class=\"string\">'install'</span>, <span class=\"function\"><span class=\"keyword\">function</span>(<span class=\"params\">event</span>) </span>&#123;  </div><div class=\"line\">  event.waitUntil(</div><div class=\"line\">    caches.open(currentCacheName).then(<span class=\"function\"><span class=\"keyword\">function</span>(<span class=\"params\">cache</span>) </span>&#123;</div><div class=\"line\">      <span class=\"keyword\">return</span> cache.addAll(arrayOfFilesToCache);</div><div class=\"line\">    &#125;)</div><div class=\"line\">  );</div><div class=\"line\">&#125;);</div></pre></td></tr></table></figure><p>若事件中有 <code>event.waitUntil()</code> 方法，则 installing 事件会一直等到该方法中的 Promise 完成之后才会成功；若 Promise 被拒，则安装失败，Service Worker 直接进入<strong>废弃（redundant）</strong>状态。</p><figure class=\"highlight javascript\"><table><tr><td class=\"code\"><pre><div class=\"line\"><span class=\"comment\">/* In sw.js */</span></div><div class=\"line\">self.addEventListener(<span class=\"string\">'install'</span>, <span class=\"function\"><span class=\"keyword\">function</span>(<span class=\"params\">event</span>) </span>&#123;  </div><div class=\"line\">  event.waitUntil(</div><div class=\"line\">   <span class=\"keyword\">return</span> <span class=\"built_in\">Promise</span>.reject(); <span class=\"comment\">// Failure</span></div><div class=\"line\">  );</div><div class=\"line\">&#125;); </div><div class=\"line\"><span class=\"comment\">// Install Event will fail</span></div></pre></td></tr></table></figure><h2 id=\"安装成功-等待中（Installed-Waiting）\"><a href=\"#安装成功-等待中（Installed-Waiting）\" class=\"headerlink\" title=\"安装成功/等待中（Installed/Waiting）\"></a>安装成功/等待中（Installed/Waiting）</h2><p>如果安装成功，Service Worker 进入<strong>安装成功（installed）</strong>（也称为<strong>等待中[waiting]</strong>）状态。在此状态中，它是一个有效的但尚未激活的 worker。它尚未纳入 document 的控制，确切来说是在等待着从当前 worker 接手。</p><p>在 Service Worker <code>注册（registration）</code> 对象中，可通过 <code>waiting</code> 子对象检查该状态。</p><figure class=\"highlight javascript\"><table><tr><td class=\"code\"><pre><div class=\"line\"><span class=\"comment\">/* In main.js */</span></div><div class=\"line\">navigator.serviceWorker.register(<span class=\"string\">'./sw.js'</span>).then(<span class=\"function\"><span class=\"keyword\">function</span>(<span class=\"params\">registration</span>) </span>&#123;  </div><div class=\"line\">    <span class=\"keyword\">if</span> (registration.waiting) &#123;</div><div class=\"line\">        <span class=\"comment\">// Service Worker is Waiting</span></div><div class=\"line\">    &#125;</div><div class=\"line\">&#125;)</div></pre></td></tr></table></figure><p>这是通知 App 用户升级新版本或自动升级的好时机。</p><h2 id=\"正在激活（Activating）\"><a href=\"#正在激活（Activating）\" class=\"headerlink\" title=\"正在激活（Activating）\"></a>正在激活（Activating）</h2><p>处于 waiting 状态的 Service Worker，在以下之一的情况下，会被触发 <strong>activating</strong> 状态。</p><ul><li><p>当前已无激活状态的 worker</p></li><li><p>Service Worker 脚本中的 <code>self.skipWaiting()</code> 方法被调用</p></li><li><p>用户已关闭 Service Worker 作用域下的所有页面，从而释放了此前处于激活态的 worker</p></li><li><p>超出指定时间，从而释放此前处于激活态的 worker</p></li></ul><p>处于 activating 状态期间，Service Worker 脚本中的 <code>activate</code> 事件被执行。我们通常在 activate 事件中，清理 cache 中的文件。</p><figure class=\"highlight javascript\"><table><tr><td class=\"code\"><pre><div class=\"line\"><span class=\"comment\">/* In sw.js */</span></div><div class=\"line\">self.addEventListener(<span class=\"string\">'activate'</span>, <span class=\"function\"><span class=\"keyword\">function</span>(<span class=\"params\">event</span>) </span>&#123;  </div><div class=\"line\">  event.waitUntil(</div><div class=\"line\">    <span class=\"comment\">// 获取所有 cache 名称</span></div><div class=\"line\">    caches.keys().then(<span class=\"function\"><span class=\"keyword\">function</span>(<span class=\"params\">cacheNames</span>) </span>&#123;</div><div class=\"line\">      <span class=\"keyword\">return</span> <span class=\"built_in\">Promise</span>.all(</div><div class=\"line\">        <span class=\"comment\">// 获取所有不同于当前版本名称 cache 下的内容</span></div><div class=\"line\">        cacheNames.filter(<span class=\"function\"><span class=\"keyword\">function</span>(<span class=\"params\">cacheName</span>) </span>&#123;</div><div class=\"line\">          <span class=\"keyword\">return</span> cacheName != currentCacheName;</div><div class=\"line\">        &#125;).map(<span class=\"function\"><span class=\"keyword\">function</span>(<span class=\"params\">cacheName</span>) </span>&#123;</div><div class=\"line\">          <span class=\"comment\">// 删除内容</span></div><div class=\"line\">          <span class=\"keyword\">return</span> caches.delete(cacheName);</div><div class=\"line\">        &#125;)</div><div class=\"line\">      ); <span class=\"comment\">// end Promise.all()</span></div><div class=\"line\">    &#125;) <span class=\"comment\">// end caches.keys()</span></div><div class=\"line\">  ); <span class=\"comment\">// end event.waitUntil()</span></div><div class=\"line\">&#125;);</div></pre></td></tr></table></figure><p>与 install 事件类似，如果 activate 事件中存在 <code>event.waitUntil()</code> 方法，则在其中的 Promise 完成之后，激活才会成功。如果 Promise 被拒，激活事件失败，Service Worker 进入<strong>废弃（redundant）</strong>状态。</p><h2 id=\"激活成功（Activated）\"><a href=\"#激活成功（Activated）\" class=\"headerlink\" title=\"激活成功（Activated）\"></a>激活成功（Activated）</h2><p>如果激活成功，Service Worker 进入 <strong>active</strong> 状态。在此状态中，其成为接受 document 全面控制的激活态 worker。在 Service Worker <code>注册（registration）</code> 对象中，可以通过 <code>active</code> 子对象检查此状态。</p><figure class=\"highlight javascript\"><table><tr><td class=\"code\"><pre><div class=\"line\"><span class=\"comment\">/* In main.js */</span></div><div class=\"line\">navigator.serviceWorker.register(<span class=\"string\">'./sw.js'</span>).then(<span class=\"function\"><span class=\"keyword\">function</span>(<span class=\"params\">registration</span>) </span>&#123;  </div><div class=\"line\">    <span class=\"keyword\">if</span> (registration.active) &#123;</div><div class=\"line\">        <span class=\"comment\">// Service Worker is Active</span></div><div class=\"line\">    &#125;</div><div class=\"line\">&#125;)</div></pre></td></tr></table></figure><p>如果 Service Worker 处于激活态，就可以应对事件性事件 —— <code>fetch</code> 和 <code>message</code>。</p><figure class=\"highlight javascript\"><table><tr><td class=\"code\"><pre><div class=\"line\"><span class=\"comment\">/* In sw.js */</span></div><div class=\"line\"></div><div class=\"line\">self.addEventListener(<span class=\"string\">'fetch'</span>, <span class=\"function\"><span class=\"keyword\">function</span>(<span class=\"params\">event</span>) </span>&#123;  </div><div class=\"line\">  <span class=\"comment\">// Do stuff with fetch events</span></div><div class=\"line\">&#125;);</div><div class=\"line\"></div><div class=\"line\">self.addEventListener(<span class=\"string\">'message'</span>, <span class=\"function\"><span class=\"keyword\">function</span>(<span class=\"params\">event</span>) </span>&#123;  </div><div class=\"line\">  <span class=\"comment\">// Do stuff with postMessages received from document</span></div><div class=\"line\">&#125;);</div></pre></td></tr></table></figure><h2 id=\"废弃（Redundant）\"><a href=\"#废弃（Redundant）\" class=\"headerlink\" title=\"废弃（Redundant）\"></a>废弃（Redundant）</h2><p>Service Worker 可能以下之一的原因而被<strong>废弃</strong>（redundant，原意为“多余的，累赘的”）——</p><ul><li><p>installing 事件失败</p></li><li><p>activating 事件失败</p></li><li><p>新的 Service Worker 替换其成为激活态 worker</p></li></ul><p>如果 Service Worker 因前两个原因失败，我们可以通过开发者工具看到信息（以及其他相关信息）——</p><p><img src=\"https://ogjija9ft.qnssl.com/placeholder.png\" data-orig=\"http://p0.qhimg.com/t0141f8766c67ce01c1.png\" alt=\"Service Worker Redundant in DevTools\"></p><p>如果已存在前一版本的激活态 Service Worker，它会继续保持对 document 的控制。</p>","categories":[],"tags":[{"name":"翻译","path":"api/tags/翻译.json"},{"name":"Service Worker","path":"api/tags/Service Worker.json"}]}