{"title":"关于时序攻击","slug":"timing-atack","date":"2017-01-16T00:00:00.000Z","updated":"2017-08-10T10:42:08.512Z","comments":true,"path":"api/articles/timing-atack.json","excerpt":null,"covers":["https://ogjija9ft.qnssl.com/placeholder.png"],"content":"<p>前些日子，奇舞周刊公众号推送了一篇文章，<a href=\"http://www.zcfy.cc/article/node-js-interview-questions-and-answers-2017-edition-risingstack-2251.html\" target=\"_blank\" rel=\"external\">《Node.js 面试问题及答案(2017 版)》</a>。其中有一个问题很有意思，请看下面这段代码，有什么问题吗？</p><figure class=\"highlight javascript\"><table><tr><td class=\"code\"><pre><div class=\"line\"><span class=\"function\"><span class=\"keyword\">function</span> <span class=\"title\">checkApiKey</span> (<span class=\"params\">apiKeyFromDb, apiKeyReceived</span>) </span>&#123;  </div><div class=\"line\">  <span class=\"keyword\">if</span> (apiKeyFromDb === apiKeyReceived) &#123;</div><div class=\"line\">    <span class=\"keyword\">return</span> <span class=\"literal\">true</span></div><div class=\"line\">  &#125;</div><div class=\"line\">  <span class=\"keyword\">return</span> <span class=\"literal\">false</span></div><div class=\"line\">&#125;</div></pre></td></tr></table></figure><p>可能很多人和我一样，一脸茫然。嗯哼？哪里错了？这不是挺好的嘛。</p><p>来看人家怎么说的，好像很有道理的样子：</p><p><img src=\"https://ogjija9ft.qnssl.com/placeholder.png\" data-orig=\"https://p3.ssl.qhimg.com/t01b15077d6896b53c2.png\" alt=\"\"></p><p>嗯，这就是时序攻击（<a href=\"https://en.wikipedia.org/wiki/Timing_attack\" target=\"_blank\" rel=\"external\">Timing Atack</a>），旁路攻击（<a href=\"https://en.wikipedia.org/wiki/Side-channel_attack\" target=\"_blank\" rel=\"external\">Side-channel attack</a>）的一种。</p><p>恰巧今天刚刚看到一个 <a href=\"https://dev.opera.com/blog/timing-attacks/\" target=\"_blank\" rel=\"external\">slide</a>，讲的也是这方面的内容。看来性能优化有时候也有负面作用。</p><p>文中给出的几个链接，基本上已经能说明所有问题了。</p><h2 id=\"Reference\"><a href=\"#Reference\" class=\"headerlink\" title=\"Reference\"></a>Reference</h2><ul><li><p><a href=\"http://www.zcfy.cc/article/node-js-interview-questions-and-answers-2017-edition-risingstack-2251.html\" target=\"_blank\" rel=\"external\">Node.js 面试问题及答案(2017 版)</a></p></li><li><p><a href=\"https://en.wikipedia.org/wiki/Timing_attack\" target=\"_blank\" rel=\"external\">Timing Atack</a></p></li><li><p><a href=\"https://en.wikipedia.org/wiki/Side-channel_attack\" target=\"_blank\" rel=\"external\">Side-channel attack</a></p></li><li><p><a href=\"https://dev.opera.com/blog/timing-attacks/\" target=\"_blank\" rel=\"external\">Front-End Performance: The Dark Side</a></p></li></ul>","categories":[],"tags":[{"name":"原创","path":"api/tags/原创.json"},{"name":"笔记","path":"api/tags/笔记.json"},{"name":"安全","path":"api/tags/安全.json"}]}