{"title":"笔记：TypeScript 中引用全局变量","slug":"ts-note-on-global-reference","date":"2016-09-08T13:42:47.000Z","updated":"2017-08-10T10:42:08.512Z","comments":true,"path":"api/articles/ts-note-on-global-reference.json","excerpt":null,"covers":null,"content":"<p>朋友的朋友，最近的一个项目使用了 angular.js，是使用 typescript 开发的。</p><p>让我惊奇的是，竟然还是使用 1.2 版本。</p><p>项目还引用了一个外部 js（没有现成的 <code>.d.ts</code> 文件可用）。这个 js 文件暴露了一个全局变量，需要在 ts 文件中调用。暂且命名为 <code>ClassOutOfTS</code>。</p><p>那么问题来了。在 ts 中直接调用 <code>new ClassOutOfTS()</code> 会引起编译报错，因为 ts 编译器根本就找不到 <code>ClassOutOfTS</code>的定义。</p><p>想想实在没什么好办法。那就自己去写个 <code>.d.ts</code> 文件好啦。</p><p>等等，好像不对。</p><p>我最近两周的空闲时间在看 angular2，好像有个例子中，出现过对 <code>window</code> 特殊处理的情况。</p><p>查查代码，还真有。废话少说，直接上代码：</p><figure class=\"highlight typescript\"><table><tr><td class=\"code\"><pre><div class=\"line\"><span class=\"keyword\">var</span> ins:<span class=\"built_in\">any</span> = (&lt;<span class=\"built_in\">any</span>&gt;<span class=\"built_in\">window</span>).ClassOutOfTS();</div></pre></td></tr></table></figure><p>虽然这办法很黑，可是也没什么更好的了。</p><p>简单解释下。上面这行代码中，关键部分是 <code>&lt;any&gt;window</code> 这一句。<code>&lt;any&gt;</code> 在这里的作用是强制类型转换。</p><p>编译器并不知晓 window 下面有哪些属性、方法。但强制转换成 any 类型之后，就不会报错了。</p><p>单记录下。以备不时之需。</p><h2 id=\"2016-10-20-Update\"><a href=\"#2016-10-20-Update\" class=\"headerlink\" title=\"2016-10-20 Update\"></a>2016-10-20 Update</h2><p>另外一种类似的办法是，在当前文件再 declare 一下。</p><figure class=\"highlight typescript\"><table><tr><td class=\"code\"><pre><div class=\"line\"><span class=\"keyword\">declare</span> <span class=\"keyword\">const</span> <span class=\"built_in\">window</span>;</div><div class=\"line\"><span class=\"keyword\">var</span> ins: <span class=\"built_in\">any</span> = <span class=\"built_in\">window</span>.ClassOutOfTS();</div></pre></td></tr></table></figure>","categories":[],"tags":[{"name":"原创","path":"api/tags/原创.json"},{"name":"TypeScript","path":"api/tags/TypeScript.json"}]}