{"title":"笔记：Velocity 2016 第二天","slug":"velocity-2016-day-2","date":"2016-12-02T19:53:51.000Z","updated":"2017-08-10T10:42:08.512Z","comments":true,"path":"api/articles/velocity-2016-day-2.json","excerpt":null,"covers":null,"content":"<h1 id=\"阿里应用运维体系演变\"><a href=\"#阿里应用运维体系演变\" class=\"headerlink\" title=\"阿里应用运维体系演变\"></a>阿里应用运维体系演变</h1><blockquote><p>分享者：阿里，毕玄</p></blockquote><h2 id=\"工作范围\"><a href=\"#工作范围\" class=\"headerlink\" title=\"工作范围\"></a>工作范围</h2><ul><li>日常运维操作<ul><li>变更</li><li>环境维护（OS 升级）</li></ul></li><li>容量管理<ul><li>如何分布机器</li></ul></li><li>稳定性<ul><li>监控、报警</li><li>故障处理</li></ul></li></ul><h2 id=\"脚本化\"><a href=\"#脚本化\" class=\"headerlink\" title=\"脚本化\"></a>脚本化</h2><ul><li>单机脚本</li><li>批量操作脚本</li><li>主要问题<ul><li>复杂变更逻辑不好实现</li></ul></li><li>发布到哪里了？运维自己都不知道</li></ul><h2 id=\"工具化\"><a href=\"#工具化\" class=\"headerlink\" title=\"工具化\"></a>工具化</h2><ul><li>编写软件系统<ul><li>工具、运维团队</li><li>合并各工具团队</li><li>工具团队同时兼 OPS 工作</li></ul></li><li>感受<ul><li>实现了大量工具系统，然而并没有更幸福</li><li>成就感不足，很难得到认可</li></ul></li><li>可能原因：工具质量不够高</li><li>主要问题：<ul><li>推进落地难度<ul><li>思想转变，时间保障</li></ul></li><li>软件质量<ul><li>成功率</li><li>稳定性</li><li>性能</li></ul></li><li>标准化</li></ul></li></ul><h2 id=\"DevOps\"><a href=\"#DevOps\" class=\"headerlink\" title=\"DevOps\"></a>DevOps</h2><ul><li>借助 DevOps 推进工具化有效实现<ul><li>《SRE：Google 运维解密》</li></ul></li><li>运维团队交还给研发团队，日常运维逐步交给研发自行完成<ul><li>挑战：工具化程度</li></ul></li><li>借助 Docker，将 DevOps 思想落地<ul><li>Dockerfile</li></ul></li></ul><h2 id=\"自动化\"><a href=\"#自动化\" class=\"headerlink\" title=\"自动化\"></a>自动化</h2><ul><li>参与多个环节 =&gt; 无人值守（需要架构级的支撑，eg 机房流量一键切换）</li><li>主要问题<ul><li>成功率：需要非常高，失败就需要人介入</li><li>架构支撑能力</li></ul></li></ul><h2 id=\"智能化\"><a href=\"#智能化\" class=\"headerlink\" title=\"智能化\"></a>智能化</h2><ul><li>根据系统行为反馈，自动进行处理<ul><li>大量的数据收集</li><li>大量经验收集</li><li>eg. 单机房故障自动切换</li></ul></li><li>主要问题<ul><li>数据准确性</li><li>经验格式化收集</li><li>机器学习介入，特征提取</li></ul></li></ul><h2 id=\"Summary\"><a href=\"#Summary\" class=\"headerlink\" title=\"Summary\"></a>Summary</h2><ul><li>DevOps 是大方向，需要机制保障</li><li>自动化里程碑…</li><li>….</li></ul><h1 id=\"衡量服务的可运维性\"><a href=\"#衡量服务的可运维性\" class=\"headerlink\" title=\"衡量服务的可运维性\"></a>衡量服务的可运维性</h1><blockquote><p>分享者：来自 LinkedIn 的 李虓(xiao1)</p></blockquote><h2 id=\"服务可靠性-vs-可运维性\"><a href=\"#服务可靠性-vs-可运维性\" class=\"headerlink\" title=\"服务可靠性 vs 可运维性\"></a>服务可靠性 vs 可运维性</h2><ul><li>可靠性<ul><li>高可用性</li><li>平均故障修复时间</li></ul></li><li>可运维性<ul><li>定义：保持服务运行在指定 SLA 所需要的运维人力时间成本</li><li>平均无故障工作时间（Mean Time Between Failures）</li><li>影响因素<ul><li>变更</li><li>系统级软件</li><li>硬件、基础软件</li><li>依赖关系</li><li>扩容</li></ul></li></ul></li><li>可靠性 vs 可运维性<ul><li>每年半天 or 每小时 5s</li><li>相关但不是因果关系</li><li>“维护税”</li><li>运维团队可持续发展</li><li>运维功能不可避免</li></ul></li></ul><h2 id=\"Service-Score-Card-服务记分卡\"><a href=\"#Service-Score-Card-服务记分卡\" class=\"headerlink\" title=\"Service Score Card(服务记分卡)\"></a>Service Score Card(服务记分卡)</h2><ul><li>发布相关<ul><li>发布频率</li><li>发布速度 —— 代码提交到进入生产环境的时间</li><li>发布成功率 —— 成功/回滚</li><li>回滚速度</li></ul></li><li>生产环境相关<ul><li>是否 rack diversified</li><li>是否支持 ipv6</li><li>可否热重启</li></ul></li><li>架构相关<ul><li>是否部署在多个数据中心</li><li>是否在多数据中心同时运行</li><li>是否支持热重启</li><li>…</li></ul></li><li>对每项指标加权打分</li><li>打分汇总，A-F</li><li>根据开发、运维团队负责汇总</li></ul><h2 id=\"方法\"><a href=\"#方法\" class=\"headerlink\" title=\"方法\"></a>方法</h2><ul><li>文化<ul><li>得到开发团队支持</li><li>健康竞争机制，排行榜</li><li>鼓励运维团队提供解决方案</li></ul></li><li>技术<ul><li>数据收集<ul><li>发布系统</li><li>监控系统</li><li>…</li></ul></li><li>文档和自动化工具</li></ul></li></ul><h2 id=\"Summary-1\"><a href=\"#Summary-1\" class=\"headerlink\" title=\"Summary\"></a>Summary</h2><ul><li>关注可运维指标</li><li>关键指标的选择</li><li>数据驱动提高</li><li>提高可维护性，降低运维成本，有助于提供系统可用性。</li></ul><h1 id=\"Data-Integrity-in-Stateful-Services\"><a href=\"#Data-Integrity-in-Stateful-Services\" class=\"headerlink\" title=\"Data Integrity in Stateful Services\"></a>Data Integrity in Stateful Services</h1><blockquote><p>分享者： Laine Campbell</p></blockquote><ul><li><p>Physical Integrity</p></li><li><p>Logical Integrity</p></li><li><p>Goals</p><ul><li>Elimination<ul><li>Eliminate Potential for Corruption and Data LOSS</li></ul></li><li>Empowerment<ul><li>Recover rapidly from mistakes</li><li>don’t trust destructive requests</li></ul></li><li>Detection<ul><li>early detection of corruption</li><li>unit and regresion testing</li><li>data validation pipelines</li><li>tools for investigation</li></ul></li><li>Flexibility<ul><li>Tiered Storage</li><li>Replication and Data Portability</li></ul></li></ul></li><li><p>What could go wrong</p><ul><li>Planned Recovery<ul><li>production deployments</li><li>environment duplication</li><li>Downstream services<ul><li>analytics</li><li>compliance</li></ul></li><li>…</li></ul></li><li>Unplanned Recovery<ul><li>Category</li><li>…</li></ul></li><li>Operation ERRORS<ul><li>Data DELETION</li><li>Data Corruption</li><li>Relaxed Constraint</li><li>Storage removal</li></ul></li><li>Application ERRORS<ul><li>removing…</li><li>character set multilation</li><li>…</li></ul></li></ul><p>…….此处省略很多很多</p></li></ul><h1 id=\"Polymer-at-Youtube\"><a href=\"#Polymer-at-Youtube\" class=\"headerlink\" title=\"Polymer at Youtube\"></a>Polymer at Youtube</h1><blockquote><p>分享者：来自 Youtube 的 Mikhail Sychev, TL of next generation Youtube.com</p></blockquote><h2 id=\"Intro\"><a href=\"#Intro\" class=\"headerlink\" title=\"Intro\"></a>Intro</h2><ul><li>1 billion users</li></ul><h2 id=\"Techs-before\"><a href=\"#Techs-before\" class=\"headerlink\" title=\"Techs before\"></a>Techs before</h2><ul><li>Spitfire templates</li><li>Google Closure for JS</li><li>SPF for page transitions</li><li>Custom layout framework</li></ul><h2 id=\"Forward\"><a href=\"#Forward\" class=\"headerlink\" title=\"Forward\"></a>Forward</h2><ul><li>Performance</li><li>Focus on Future</li><li>Productivity</li><li>Shared plateform</li><li>Shared visual design</li></ul><h2 id=\"New-Stack\"><a href=\"#New-Stack\" class=\"headerlink\" title=\"New Stack\"></a>New Stack</h2><ul><li>Polymer for templating</li><li>… core styling</li><li>Closure for JS compilation</li><li>A bit of Spitfire for bootstrap</li></ul><h2 id=\"Web-Components\"><a href=\"#Web-Components\" class=\"headerlink\" title=\"Web  Components\"></a>Web Components</h2><ul><li>demo: <code>&lt;search-icon&gt;</code>etc..</li><li>Custom Elements、templates、Shadow DOM …</li></ul><h2 id=\"Beyond-Spec\"><a href=\"#Beyond-Spec\" class=\"headerlink\" title=\"Beyond  Spec\"></a>Beyond Spec</h2><ul><li><code>polymer-project.org</code></li><li>A <em>opinionated</em> <strong>library</strong></li><li>Sugars for Web Components</li><li>Encapsulated Reusable elems</li><li>500+ Google projects</li></ul><h2 id=\"Provided-by-Framework\"><a href=\"#Provided-by-Framework\" class=\"headerlink\" title=\"Provided by Framework\"></a>Provided by Framework</h2><ul><li>Template data bindings</li><li>Attribute handling</li><li>Polyfills</li><li>Flexbox based styling primitives</li><li>Components library</li></ul><h2 id=\"Component-organization\"><a href=\"#Component-organization\" class=\"headerlink\" title=\"Component organization\"></a>Component organization</h2><ul><li><p>HTML： <code>dom-module &gt; template</code></p><ul><li>内部的 template： <code>dom-if</code> <code>dom-repeat</code></li><li>id =&gt; local to components</li></ul></li><li><p>JS</p><figure class=\"highlight js\"><table><tr><td class=\"code\"><pre><div class=\"line\">&#123;</div><div class=\"line\">\tis: ID</div><div class=\"line\">  properties: &#123;</div><div class=\"line\">    [key]: &#123;type, sobserver, &#125; | <span class=\"string\">'any direct value'</span></div><div class=\"line\">  &#125;,</div><div class=\"line\">  someMethod</div><div class=\"line\">&#125;</div></pre></td></tr></table></figure></li><li><p>CSS</p><ul><li>shadow DOM, shady(?) DOM</li><li>scoped styles</li><li>polymer will do the polyfill</li><li>Flexbox</li></ul></li><li><p>Unit tests + data</p><ul><li>low level</li></ul></li><li><p>Fn test + data</p><ul><li>changes: predictable</li></ul></li></ul><h2 id=\"Engineering-Productivity\"><a href=\"#Engineering-Productivity\" class=\"headerlink\" title=\"Engineering Productivity\"></a>Engineering Productivity</h2><ul><li>faster interaction cycle<ul><li>better code organization</li><li>per comp testing</li><li>instant reload dev env</li><li>pre-made comps<ul><li>about Material Design</li></ul></li></ul></li></ul><h2 id=\"Perforamance\"><a href=\"#Perforamance\" class=\"headerlink\" title=\"Perforamance\"></a>Perforamance</h2><ul><li>Rule of one second</li></ul><ul><li>Rendering control<ul><li>comp reuse &amp; in place update<ul><li>no new DOM created, no DOM removed</li><li>update orders and values</li></ul></li><li>FPS locking<ul><li>every time new item injected, look up the time</li></ul></li><li>Application Serving<ul><li>chunking</li></ul></li></ul></li><li>Challenges<ul><li>Browser support &amp; detection</li><li>Bots, Extensions, search engines</li><li>Modularization</li><li>Bleeding edge</li></ul></li><li>Mobile Challenges<ul><li>Browser support</li><li>Performance</li></ul></li></ul><h1 id=\"React-可视化开发框架\"><a href=\"#React-可视化开发框架\" class=\"headerlink\" title=\"React 可视化开发框架\"></a>React 可视化开发框架</h1><blockquote><p>分享者：Accenture 的 Jeff Catania</p><p>声音有点小，对这方面兴趣有限，所以笔记做得不多。</p></blockquote><h2 id=\"RCDF-Aardvark\"><a href=\"#RCDF-Aardvark\" class=\"headerlink\" title=\"RCDF(Aardvark)\"></a>RCDF(Aardvark)</h2><ul><li><p>Tools</p><ul><li>Manual Tools</li><li>Aided</li><li>Programmatic</li></ul></li><li><p>D3 + React =&gt; Aardvark standards</p><p>​</p></li></ul><h1 id=\"QQ-空间-Web-架构\"><a href=\"#QQ-空间-Web-架构\" class=\"headerlink\" title=\"QQ 空间 Web 架构\"></a>QQ 空间 Web 架构</h1><blockquote><p>分享者：QQ 刁维康</p><p>相对来说还是很传统的 hybrid 模式。说句实话，我总觉得这次分享的内容，我似乎在哪里看到过。应该是印象中的 QQ 的同学写的那些文章吧，有关于 QQ 空间 Hybrid 优化的，有手Q React 实践的，但我一时半会儿也找不到原文了。</p><p>总之就是充分利用缓存，充分利用 WebView 初始化的那段时间，然后就 socket 和 HTTP/CDN 之间如何选择的问题。嗯，还是非常棒的。</p><p>所以我一直在听，顺便做点其他的工作，木有做笔记。</p></blockquote><p>（略…）</p>","categories":[],"tags":[{"name":"原创","path":"api/tags/原创.json"},{"name":"笔记","path":"api/tags/笔记.json"}]}