{"title":"记一种水平垂直居中的办法","slug":"vh-center-layout","date":"2015-04-29T00:00:00.000Z","updated":"2017-08-10T10:42:08.512Z","comments":true,"path":"api/articles/vh-center-layout.json","excerpt":null,"covers":["https://ogjija9ft.qnssl.com/placeholder.png"],"content":"<p>又学到了一种水平垂直居中的方法。适用于父级元素只有一个子元素的情况，比如全屏的效果。</p><p>父级元素：pos-r, w、h设定;</p><p>子元素：pos-a,w、h设定, t0 b0 l0 r0, m-a。</p><p>以前只知道 <code>margin: 0 auto</code> 之类的，从来没想到 <code>margin: auto</code> 的妙用…孤陋寡闻了…</p><figure class=\"highlight html\"><table><tr><td class=\"code\"><pre><div class=\"line\"><span class=\"meta\">&lt;!DOCTYPE html&gt;</span></div><div class=\"line\"><span class=\"tag\">&lt;<span class=\"name\">html</span> <span class=\"attr\">lang</span>=<span class=\"string\">\"zh-CN\"</span>&gt;</span></div><div class=\"line\"><span class=\"tag\">&lt;<span class=\"name\">head</span>&gt;</span></div><div class=\"line\">    <span class=\"tag\">&lt;<span class=\"name\">meta</span> <span class=\"attr\">charset</span>=<span class=\"string\">\"utf-8\"</span>&gt;</span></div><div class=\"line\">    <span class=\"tag\">&lt;<span class=\"name\">title</span>&gt;</span>Document<span class=\"tag\">&lt;/<span class=\"name\">title</span>&gt;</span></div><div class=\"line\">    <span class=\"tag\">&lt;<span class=\"name\">style</span>&gt;</span><span class=\"undefined\"></span></div><div class=\"line\"><span class=\"css\">        <span class=\"selector-class\">.outer</span> &#123;</span></div><div class=\"line\"><span class=\"undefined\">            position: relative;</span></div><div class=\"line\"><span class=\"undefined\">            width: 300px;</span></div><div class=\"line\"><span class=\"undefined\">            height: 300px;</span></div><div class=\"line\"><span class=\"css\">            <span class=\"selector-tag\">background-color</span>: <span class=\"selector-id\">#f80</span>;</span></div><div class=\"line\"><span class=\"undefined\">            margin: 50px auto;</span></div><div class=\"line\"><span class=\"undefined\">        &#125;</span></div><div class=\"line\"><span class=\"css\">        <span class=\"selector-class\">.inner</span> &#123;</span></div><div class=\"line\"><span class=\"undefined\">            position: absolute;</span></div><div class=\"line\"><span class=\"undefined\">            height: 100px;</span></div><div class=\"line\"><span class=\"undefined\">            width: 60%;</span></div><div class=\"line\"><span class=\"undefined\">            top: 0;</span></div><div class=\"line\"><span class=\"undefined\">            bottom: 0;</span></div><div class=\"line\"><span class=\"undefined\">            left: 0;</span></div><div class=\"line\"><span class=\"undefined\">            right: 0;</span></div><div class=\"line\"><span class=\"css\">            <span class=\"selector-tag\">background-color</span>: <span class=\"selector-id\">#fff</span>;</span></div><div class=\"line\"><span class=\"undefined\">            margin: auto;</span></div><div class=\"line\"><span class=\"undefined\">        &#125;</span></div><div class=\"line\"><span class=\"undefined\">    </span><span class=\"tag\">&lt;/<span class=\"name\">style</span>&gt;</span></div><div class=\"line\"><span class=\"tag\">&lt;/<span class=\"name\">head</span>&gt;</span></div><div class=\"line\"><span class=\"tag\">&lt;<span class=\"name\">body</span>&gt;</span></div><div class=\"line\">    <span class=\"tag\">&lt;<span class=\"name\">div</span> <span class=\"attr\">class</span>=<span class=\"string\">\"outer\"</span>&gt;</span></div><div class=\"line\">        <span class=\"tag\">&lt;<span class=\"name\">div</span> <span class=\"attr\">class</span>=<span class=\"string\">\"inner\"</span>&gt;</span>Lorem ipsum dolor sit amet.<span class=\"tag\">&lt;/<span class=\"name\">div</span>&gt;</span></div><div class=\"line\">    <span class=\"tag\">&lt;/<span class=\"name\">div</span>&gt;</span></div><div class=\"line\"><span class=\"tag\">&lt;/<span class=\"name\">body</span>&gt;</span></div><div class=\"line\"><span class=\"tag\">&lt;/<span class=\"name\">html</span>&gt;</span></div></pre></td></tr></table></figure><p>效果如下：</p><p><img src=\"https://ogjija9ft.qnssl.com/placeholder.png\" data-orig=\"http://p0.qhimg.com/t01e1f23859d1617d51.png\" alt=\"\"></p>","categories":[],"tags":[{"name":"原创","path":"api/tags/原创.json"},{"name":"CSS","path":"api/tags/CSS.json"}]}