{"title":"CSS 方法论的选择","slug":"when-to-use-which-css-methodology","date":"2016-11-30T17:37:52.000Z","updated":"2017-08-10T10:42:08.512Z","comments":true,"path":"api/articles/when-to-use-which-css-methodology.json","excerpt":null,"covers":null,"content":"<blockquote><p>本文转载自：<a href=\"http://www.zcfy.cc\" target=\"_blank\" rel=\"external\">众成翻译</a><br>译者：<a href=\"http://www.zcfy.cc/@wemlin\" target=\"_blank\" rel=\"external\">文蔺</a><br>链接：<a href=\"http://www.zcfy.cc/article/1828\" target=\"_blank\" rel=\"external\">http://www.zcfy.cc/article/1828</a><br>原文：<a href=\"http://simurai.com/blog/2016/11/27/css-methodologies\" target=\"_blank\" rel=\"external\">http://simurai.com/blog/2016/11/27/css-methodologies</a></p></blockquote><p>多年来，CSS 方法论层出不穷。不幸的是，并不存在适用所有场景的最佳选择。本文介绍了一些适用于不同情况的 CSS 方法论。</p><p>好，跟我一起开始踩坑之旅吧。</p><hr><blockquote><p>我只需要创建一个<strong>单页面</strong>或<strong>简单的站点</strong>。内容以文本为主，可能会有一两个表单。没有人和我协作，就我自己（还有我家的喵）。</p></blockquote><p>👉 简单就好。直接给 HTML 元素添加样式，连 class 都不需要。<a href=\"https://www.smashingmagazine.com/2016/11/css-inheritance-cascade-global-scope-new-old-worst-best-friends/\" target=\"_blank\" rel=\"external\">依赖级联关系，利用样式继承</a>。随着站点增长，可能需要开始看看 <a href=\"http://oocss.org/\" target=\"_blank\" rel=\"external\">OOCSS</a>，或不时使用一些工具类。</p><hr><blockquote><p>我们是一个<strong>中型团队</strong>。项目复杂度增长较快，采用多人协作。</p></blockquote><p>👉 使用 <a href=\"https://en.bem.info/methodology/quick-start/\" target=\"_blank\" rel=\"external\">BEM</a>、<a href=\"https://github.com/suitcss/suit/blob/master/doc/naming-conventions.md\" target=\"_blank\" rel=\"external\">SUIT</a>、<a href=\"https://smacss.com/\" target=\"_blank\" rel=\"external\">SMACSS</a>、<a href=\"https://www.xfive.co/blog/itcss-scalable-maintainable-css-architecture/\" target=\"_blank\" rel=\"external\">ITCSS</a> 或 <a href=\"http://ecss.io/\" target=\"_blank\" rel=\"external\">Enduring CSS</a> 等。它们各不相同，但也有相似点，在某些方面亦有重叠之处。它们所使用的命名约定，能保证你们之间不会发生冲突。和团队一起讨论下，在作出最终决定前，可能需要多进行一些尝试。</p><hr><blockquote><p>我们是有多个团队的大公司，产品<strong>庞大而复杂</strong>。跟踪变化相当困难。代码库不断变化，而我们又不想顾此失彼。</p></blockquote><p>👉 使用 <a href=\"https://facebook.github.io/react/docs/jsx-in-depth.html\" target=\"_blank\" rel=\"external\">JSX</a>、<a href=\"https://github.com/cssinjs/jss\" target=\"_blank\" rel=\"external\">JSS</a>，或其他类似的 CSS-in-JS 库。将 CSS 与 HTML/JS 绑在一起，更容易修改、移动或删除组件，而又不影响其他部分。还可以看看 <a href=\"https://acss.io/\" target=\"_blank\" rel=\"external\">ACSS</a> 这样的 Atomic CSS，这是另一种解决相同问题的思路。</p><hr><p>以上三种情况可能最常见，但也存在更多的具体需求不尽相同的情形：</p><blockquote><p>我希望从原型开始工作。</p></blockquote><p>👉 使用“单一用途类”，如 <a href=\"http://tachyons.io/\" target=\"_blank\" rel=\"external\">TACHYONS</a> 或 <a href=\"http://basscss.com/\" target=\"_blank\" rel=\"external\">BASSCSS</a>。同时编写 HTML 和 CSS，这项工作也可以很自由。不用在文件之间来回切换，不用再为如何编写类名冥思苦想，只要根据所思所想，快速进行构建。</p><hr><blockquote><p>项目中有大量状态、大量需要在运行时更新的内容。</p></blockquote><p>👉 使用 CSS-in-JS 库。可以通过 JS 直接更新属性，无需查找类名或 DOM 节点。</p><hr><blockquote><p>我想发布一个 CSS 框架（啊我也想啊）。</p></blockquote><p>👉 使用带有命名空间的 <a href=\"https://en.bem.info/methodology/quick-start/\" target=\"_blank\" rel=\"external\">BEM</a>。如此一来，一定程度的保护作用的同时，尚能进行定制。此外，如果能够轻松定制主题也是极好的，比如提供一些便于修改的变量。</p><hr><blockquote><p>我想制作一个（不可定制的）第三方组件。</p></blockquote><p>👉 使用 <a href=\"https://glenmaddern.com/articles/css-modules\" target=\"_blank\" rel=\"external\">CSS Modules</a>。独有的类名，能够防止外部样式污染以及内部样式泄漏。此外，还可以考虑 iframe 或 Web Component。</p><hr><blockquote><p>我想在 <a href=\"https://codepen.io/\" target=\"_blank\" rel=\"external\">CodePen</a> 上创建 Demo。</p></blockquote><p>👉 用点新东西。这种时候，正好试试那些还不太熟悉的东西。</p><hr><blockquote><p>我讨厌我的同事。</p></blockquote><p>👉 使用链式选择器，如 <code>.header &gt; ul.nav li .button {}</code>。你的同事会因此苦不堪言，而你则可以在一旁暗暗幸灾乐祸。</p><p>好了。啊等等… 最后一条不算数哈。关于链式选择器，我能想到的唯一使用场景，就是在无法访问元素的时候。例如，内容由 CMS 决定，无法更改。这种时候，链式选择器应该是最（wei）佳（yi）选择吧。</p><hr><p>如你所见，不同使用场景太多太多。因此，如非知己知彼，争论 CSS 方法论是很难得出结论的。</p><p>最后一点想法：不必抱死在一套 CSS 方法论上，还需有所借鉴，并探索出一套适合自己的方法。切换新方法是可能的，有时候则是必须的。例如一个起始于简单原型、团队成员与日俱增、日渐复杂的项目。但切换 CSS 方法论费时费力，容易出错，事先进行一些计划能够减少后期的很多问题。选择愉快!</p><hr><blockquote><p>免责声明：我个人也难以做到绝对中立，不偏不倚。能做到的同学请举手。此外，我使用这些 CSS 方法论的时间并不够长，并不敢宣称了解全部。但我已尽可能保持客观中立了，如果你认为本文错误连篇，或者漏掉了重要内容，请点击<a href=\"https://github.com/simurai/simurai.github.io/edit/master/_posts/2016-11-27-css-methodologies.md\" target=\"_blank\" rel=\"external\">链接</a>尽情修改。</p></blockquote>","categories":[],"tags":[{"name":"翻译","path":"api/tags/翻译.json"},{"name":"CSS","path":"api/tags/CSS.json"}]}