{"title":"判断资源并行加载完成的三种办法：计数、Promise及 $.Deferred","slug":"when-are-all-resources-all-loaded","date":"2016-07-04T00:00:00.000Z","updated":"2017-08-10T10:42:08.512Z","comments":true,"path":"api/articles/when-are-all-resources-all-loaded.json","excerpt":null,"covers":null,"content":"<h2 id=\"方法一：计数比较\"><a href=\"#方法一：计数比较\" class=\"headerlink\" title=\"方法一：计数比较\"></a>方法一：计数比较</h2><figure class=\"highlight javascript\"><table><tr><td class=\"code\"><pre><div class=\"line\"><span class=\"function\"><span class=\"keyword\">function</span> <span class=\"title\">loadImg</span>(<span class=\"params\">url, cb</span>) </span>&#123;</div><div class=\"line\">    <span class=\"keyword\">var</span> img = <span class=\"keyword\">new</span> Image();</div><div class=\"line\">    img.src = url;</div><div class=\"line\">    img.onload = cb;</div><div class=\"line\">&#125;</div><div class=\"line\"></div><div class=\"line\"><span class=\"function\"><span class=\"keyword\">function</span> <span class=\"title\">loadImages</span>(<span class=\"params\">urlArr, afterAllLoadedFunc</span>) </span>&#123;</div><div class=\"line\">    <span class=\"keyword\">var</span> count = urlArr.length;</div><div class=\"line\">    <span class=\"keyword\">var</span> loadedCount = <span class=\"number\">0</span>;</div><div class=\"line\"></div><div class=\"line\">    <span class=\"keyword\">for</span> (<span class=\"keyword\">var</span> i = count - <span class=\"number\">1</span>; i &gt;= <span class=\"number\">0</span>; i--) &#123;</div><div class=\"line\">        loadImg(urlArr[i], <span class=\"function\"><span class=\"keyword\">function</span> (<span class=\"params\"></span>) </span>&#123;</div><div class=\"line\">            loadedCount += <span class=\"number\">1</span>;</div><div class=\"line\">            <span class=\"keyword\">if</span> (count === loadedCount) &#123;</div><div class=\"line\">                afterAllLoadedFunc();</div><div class=\"line\">            &#125;</div><div class=\"line\">        &#125;);</div><div class=\"line\">    &#125;</div><div class=\"line\">&#125;</div><div class=\"line\"></div><div class=\"line\">loadImages([<span class=\"string\">'./xx.jpg'</span>, <span class=\"string\">'./yy.jpg'</span>, <span class=\"string\">'./zz.jpg'</span>], <span class=\"function\"><span class=\"keyword\">function</span> (<span class=\"params\"></span>) </span>&#123;</div><div class=\"line\">    alert(<span class=\"string\">'all imgs have been loaded'</span>);</div><div class=\"line\">&#125;);</div></pre></td></tr></table></figure><h2 id=\"方法二：Promise\"><a href=\"#方法二：Promise\" class=\"headerlink\" title=\"方法二：Promise\"></a>方法二：Promise</h2><figure class=\"highlight javascript\"><table><tr><td class=\"code\"><pre><div class=\"line\"><span class=\"comment\">// 使用 Promise</span></div><div class=\"line\"><span class=\"comment\">// 兼容的话需要引入 es6-promise 库</span></div><div class=\"line\"></div><div class=\"line\"><span class=\"keyword\">var</span> loadImg = <span class=\"function\"><span class=\"keyword\">function</span> (<span class=\"params\">url</span>) </span>&#123;</div><div class=\"line\">    <span class=\"keyword\">return</span> <span class=\"keyword\">new</span> <span class=\"built_in\">Promise</span>(<span class=\"function\"><span class=\"keyword\">function</span> (<span class=\"params\">resolve, reject</span>) </span>&#123;</div><div class=\"line\">        <span class=\"keyword\">var</span> img = <span class=\"keyword\">new</span> Image();</div><div class=\"line\">        img.src = url;</div><div class=\"line\">        img.onload = <span class=\"function\"><span class=\"keyword\">function</span> (<span class=\"params\"></span>) </span>&#123;</div><div class=\"line\">            resolve()  ;</div><div class=\"line\">        &#125;;</div><div class=\"line\">        img.onerror = <span class=\"function\"><span class=\"keyword\">function</span> (<span class=\"params\"></span>) </span>&#123;</div><div class=\"line\">            reject()  ;</div><div class=\"line\">        &#125;;</div><div class=\"line\">    &#125;);</div><div class=\"line\">&#125;;</div><div class=\"line\"></div><div class=\"line\"><span class=\"built_in\">Promise</span>.all([</div><div class=\"line\">    loadImg(<span class=\"string\">'xxx.jpg'</span>),</div><div class=\"line\">    loadImg(<span class=\"string\">'yyy.jpg'</span>),</div><div class=\"line\">    loadImg(<span class=\"string\">'zzz.jpg'</span>),</div><div class=\"line\">]).then(<span class=\"function\"><span class=\"keyword\">function</span> (<span class=\"params\"></span>) </span>&#123;</div><div class=\"line\">    alert(<span class=\"string\">'all images are loaded!'</span>)</div><div class=\"line\">&#125;);</div></pre></td></tr></table></figure><h2 id=\"方法三：-Deferred\"><a href=\"#方法三：-Deferred\" class=\"headerlink\" title=\"方法三：$.Deferred\"></a>方法三：$.Deferred</h2><figure class=\"highlight javascript\"><table><tr><td class=\"code\"><pre><div class=\"line\"><span class=\"comment\">// 如果有jquery</span></div><div class=\"line\"><span class=\"keyword\">var</span> loadImg = <span class=\"function\"><span class=\"keyword\">function</span> (<span class=\"params\">url</span>) </span>&#123;</div><div class=\"line\">    <span class=\"keyword\">var</span> defer = $.Deferred();</div><div class=\"line\"></div><div class=\"line\">    <span class=\"keyword\">var</span> img = <span class=\"keyword\">new</span> Image();</div><div class=\"line\">    img.src = url;</div><div class=\"line\">    img.onload = <span class=\"function\"><span class=\"keyword\">function</span> (<span class=\"params\"></span>) </span>&#123;</div><div class=\"line\">        defer.resolve()  ;</div><div class=\"line\">    &#125;;</div><div class=\"line\">    img.onerror = <span class=\"function\"><span class=\"keyword\">function</span> (<span class=\"params\"></span>) </span>&#123;</div><div class=\"line\">        defer.reject()  ;</div><div class=\"line\">    &#125;;</div><div class=\"line\"></div><div class=\"line\">    <span class=\"keyword\">return</span> defer.promise();</div><div class=\"line\">&#125;;</div><div class=\"line\"></div><div class=\"line\">$.when(loadImg(<span class=\"string\">'xx.jpg'</span>), loadImg(<span class=\"string\">'yy.jpg'</span>), loadImg(<span class=\"string\">'zz.jpg'</span>)).done(<span class=\"function\"><span class=\"keyword\">function</span> (<span class=\"params\"></span>) </span>&#123;</div><div class=\"line\">    alert(<span class=\"string\">'all images are loaded!'</span>)</div><div class=\"line\">&#125;);</div></pre></td></tr></table></figure><p>更多请参考 <a href=\"http://angusfu.github.io/slides/promise/\" target=\"_blank\" rel=\"external\">http://angusfu.github.io/slides/promise/</a></p>","categories":[],"tags":[{"name":"原创","path":"api/tags/原创.json"},{"name":"JavaScript","path":"api/tags/JavaScript.json"},{"name":"开发心得","path":"api/tags/开发心得.json"},{"name":"Promise","path":"api/tags/Promise.json"}]}