{"title":"某度 2014 年秋招前端笔试","slug":"xdu-campus-recruitment-2014","date":"2014-09-21T00:00:00.000Z","updated":"2017-08-10T10:42:08.512Z","comments":true,"path":"api/articles/xdu-campus-recruitment-2014.json","excerpt":null,"covers":null,"content":"<p>今晚跑去华工参加百度 Web 前端的笔试，做完之后交卷，本来感觉是“为之四顾，为之踌躇满志”的。然而……</p><p>其中一道题目是关于数组的，回来在电脑上面一敲，顿时为自己的智商和知识羞愧了。</p><p>多话不说，直接上题目吧。大概是酱紫的：</p><p>代码如下，请写出输出的结果。</p><figure class=\"highlight javascript\"><table><tr><td class=\"code\"><pre><div class=\"line\"><span class=\"keyword\">var</span> str = <span class=\"string\">'john'</span>;</div><div class=\"line\"><span class=\"keyword\">var</span> str2 = <span class=\"string\">'angus'</span>;</div><div class=\"line\"></div><div class=\"line\"><span class=\"keyword\">var</span> arr1 = str.split(<span class=\"string\">''</span>);</div><div class=\"line\"><span class=\"keyword\">var</span> arr2 = arr1.reverse();</div><div class=\"line\"><span class=\"keyword\">var</span> arr = str2.split(<span class=\"string\">''</span>);</div><div class=\"line\"><span class=\"keyword\">var</span> arr3 = arr2.push(arr);</div><div class=\"line\"></div><div class=\"line\"><span class=\"built_in\">console</span>.log(arr1.length, arr1.slice(<span class=\"number\">-1</span>));</div><div class=\"line\"><span class=\"built_in\">console</span>.log(arr3.length, arr3.slice(<span class=\"number\">-1</span>));</div></pre></td></tr></table></figure><p>先说答案：第一次打印，<code>5, [ Array[5] ]</code>；第二次不仅没有结果，还报错了。</p><p>你，猜到了吗？博主没有猜到两点：</p><p>1.第一次显示 arr1 的 length 是 “5”；</p><p>2.第二次居然没有任何输出，还报错，博主试了 N++ 次都不敢相信。</p><p>下面解释下这些问题。</p><p>第一个问题，见博客园中的<a href=\"http://www.cnblogs.com/0banana0/archive/2011/11/17/2252639.html\" target=\"_blank\" rel=\"external\">这篇博文</a>：</p><blockquote><p>结论:js数组是引用类型,它只允许通过索引来获取或改变数组的值。引用类型的东西都是不能通过(它赋值过的外部变量)所改变的。也就是(它赋值过的外部变量)这个值改变了原数组不会有任何变化。</p></blockquote><p>所以虽然我们是在arr3上应用push()方法，但最终影响的还是arr1、arr2、arr3共同指向的数组。</p><p>上述博文一楼评论说得很明白：</p><blockquote><br>JS 中没有指针，只有传值（value)与传址（reference引用）的区别。<br><br><figure class=\"highlight javascript\"><table><tr><td class=\"code\"><pre><div class=\"line\"><span class=\"keyword\">var</span> a = [<span class=\"number\">1</span>,<span class=\"number\">2</span>,<span class=\"number\">3</span>,<span class=\"number\">4</span>] <span class=\"comment\">// a 不仅是数组，还是个对象，实际上 a 就是对 [1,2,3,4] 的引用</span></div><div class=\"line\"><span class=\"keyword\">var</span> b = a</div><div class=\"line\"><span class=\"keyword\">var</span> c = a</div><div class=\"line\"><span class=\"comment\">// 以上两条赋值语句建立了 b 与 c 对 a 即 [1,2,3,4] 的引用</span></div><div class=\"line\"><span class=\"comment\">// 无论改变 a 还是 b 抑或 c 都是对 [1,2,3,4] 的操作</span></div><div class=\"line\"><span class=\"comment\">// 这就是传址(堆中操作)</span></div><div class=\"line\"></div><div class=\"line\"><span class=\"comment\">// 把 a[1] 的值\"1\"传递给 d</span></div><div class=\"line\"><span class=\"comment\">// 对 d 的改变则不会影响 a[1]</span></div><div class=\"line\"><span class=\"comment\">// 即所谓的传值(栈中操作)</span></div><div class=\"line\"><span class=\"keyword\">var</span> d = a[<span class=\"number\">1</span>]</div></pre></td></tr></table></figure><br><br></blockquote><p>第二个问题是第11行代码报错的问题。这涉及到 Array 的可变方法不可变方法。</p><ul><li><code>unshift()</code> 方法可向数组的开头添加一个或更多元素，并返回新的长度;</li><li><code>push()</code> 方法可向数组的末尾添加一个或多个元素，并返回新的长度;</li><li><code>pop()</code> 方法用于删除并返回数组的最后一个元素;</li><li><code>shift()</code> 方法用于把数组的第一个元素从其中删除，并返回第一个元素的值。</li></ul><p>So，一定一定要记住，这四个方法是有返回值的。</p><p>另外，array.splice() 方法也是有返回值的，返回的含有被删除的元素的数组（如果木有元素被删除，辣么返回空数组）。</p><figure class=\"highlight javascript\"><table><tr><td class=\"code\"><pre><div class=\"line\"><span class=\"keyword\">var</span> str = <span class=\"string\">'john'</span>;</div><div class=\"line\"><span class=\"keyword\">var</span> str2 = <span class=\"string\">'angus'</span>;</div><div class=\"line\"><span class=\"keyword\">var</span> a = str.split(<span class=\"string\">''</span>);</div><div class=\"line\"><span class=\"keyword\">var</span> b = str2.split(<span class=\"string\">''</span>);</div><div class=\"line\"><span class=\"keyword\">var</span> c = a.splice(<span class=\"number\">2</span>,<span class=\"number\">1</span>,<span class=\"string\">\"test\"</span>);</div><div class=\"line\"></div><div class=\"line\"><span class=\"built_in\">console</span>.log(a); <span class=\"comment\">// Array [ \"j\", \"o\", \"test\", \"n\" ] </span></div><div class=\"line\"><span class=\"built_in\">console</span>.log(b); <span class=\"comment\">// Array [ \"a\", \"n\", \"g\", \"u\", \"s\" ] </span></div><div class=\"line\"><span class=\"built_in\">console</span>.log(c); <span class=\"comment\">// Array [ \"h\" ]</span></div></pre></td></tr></table></figure><p>还得提到 reverse()、sort() 这两个操作是会影响到原来的数组的：</p><figure class=\"highlight javascript\"><table><tr><td class=\"code\"><pre><div class=\"line\"><span class=\"keyword\">var</span> str = <span class=\"string\">'john'</span>;</div><div class=\"line\"><span class=\"keyword\">var</span> a = str.split(<span class=\"string\">''</span>);</div><div class=\"line\"><span class=\"keyword\">var</span> c = a.sort();</div><div class=\"line\"></div><div class=\"line\"><span class=\"built_in\">console</span>.log(c); <span class=\"comment\">// Array [ \"h\", \"j\", \"n\", \"o\" ]</span></div><div class=\"line\"><span class=\"built_in\">console</span>.log(a); <span class=\"comment\">// Array [ \"h\", \"j\", \"n\", \"o\" ]</span></div></pre></td></tr></table></figure><p>而 concat()、slice() 操作则对数组都不影响。。。。</p><p>说到concat()方法，想到了昨天看到的<strong>高效复制数组</strong>的方法：</p><figure class=\"highlight javascript\"><table><tr><td class=\"code\"><pre><div class=\"line\"><span class=\"keyword\">var</span> newArr = rr.slice(<span class=\"number\">0</span>)</div><div class=\"line\"><span class=\"comment\">// or</span></div><div class=\"line\"><span class=\"keyword\">var</span> newArr = arr.concat()</div></pre></td></tr></table></figure><p>记下来备用吧。。。</p><p>这是作为前端新手的第一篇博文。继续加油~</p>","categories":[],"tags":[{"name":"原创","path":"api/tags/原创.json"},{"name":"面试","path":"api/tags/面试.json"}]}