{"title":"某易 2014 校招面试总结","slug":"xease-campus-2014-note","date":"2014-09-24T00:00:00.000Z","updated":"2017-08-10T10:42:08.512Z","comments":true,"path":"api/articles/xease-campus-2014-note.json","excerpt":null,"covers":null,"content":"<p>今天参加了某易的前端开发工程师一面。</p><p>算是离“前端”这两个字又近了一步吧——好吧，虽然我一面就跪了。</p><p>其实只是压根儿就没做面试的准备，因为对博主这种“技术爱好者”来说，某易的前端笔试题比某度变态 N 倍（仔细想想其实还是某度的笔试比较有质量），前 22 道选择基本靠蒙，最后居然接到面试通知了。</p><p>面试问了很多基本的问题。直到面试结束，博主才发现自己为自己挖了无数的坑。唉，都是泪。</p><p>初次面试的压力之下，面试有一些基本的问题没有被我解决或者答错了。下面依次来说说看。</p><p>第一题，10个 div，点击任意一个后打印出点击的的index。</p><p>so easy，果断用了 <code>aLi[i].index = i</code> 的方法。面试官复又问道闭包如何实现。</p><p>压力之下，博主竟然木有答粗来！！！现在再想想，真是自杀的心都有了！！！</p><p>回来之后想到的两种方法如下：</p><figure class=\"highlight javascript\"><table><tr><td class=\"code\"><pre><div class=\"line\"><span class=\"keyword\">var</span> oUl = <span class=\"built_in\">document</span>.getElementsByTagName(<span class=\"string\">\"ul\"</span>)[<span class=\"number\">0</span>];</div><div class=\"line\"><span class=\"keyword\">var</span> aLi = oUl.children;</div><div class=\"line\"></div><div class=\"line\"><span class=\"comment\">//常规方法</span></div><div class=\"line\"><span class=\"keyword\">for</span>(<span class=\"keyword\">var</span> i=<span class=\"number\">0</span>; i&lt;aLi.length; i++)&#123;</div><div class=\"line\">    aLi[i].index = i;</div><div class=\"line\">    aLi[i].onclick = <span class=\"function\"><span class=\"keyword\">function</span>(<span class=\"params\"></span>)</span>&#123;</div><div class=\"line\">        <span class=\"built_in\">console</span>.log(<span class=\"keyword\">this</span>.index);</div><div class=\"line\">    &#125;;</div><div class=\"line\">&#125;</div><div class=\"line\"></div><div class=\"line\"><span class=\"comment\">//方法1</span></div><div class=\"line\"><span class=\"keyword\">for</span>(<span class=\"keyword\">var</span> i=<span class=\"number\">0</span>; i&lt;aLi.length; i++)&#123;</div><div class=\"line\">    (<span class=\"function\"><span class=\"keyword\">function</span> (<span class=\"params\">idx</span>)</span>&#123;</div><div class=\"line\">        aLi[idx].onclick = <span class=\"function\"><span class=\"keyword\">function</span>(<span class=\"params\"></span>)</span>&#123;</div><div class=\"line\">            <span class=\"built_in\">console</span>.log(idx);</div><div class=\"line\">        &#125;;</div><div class=\"line\">    &#125;)(i);</div><div class=\"line\">&#125;</div><div class=\"line\"></div><div class=\"line\"><span class=\"comment\">//方法2</span></div><div class=\"line\"><span class=\"keyword\">for</span>(<span class=\"keyword\">var</span> i=<span class=\"number\">0</span>; i&lt;aLi.length; i++)&#123;</div><div class=\"line\">    aLi[i].onclick = <span class=\"function\"><span class=\"keyword\">function</span>(<span class=\"params\"></span>)</span>&#123;</div><div class=\"line\">        <span class=\"keyword\">var</span> j = i;</div><div class=\"line\">        <span class=\"keyword\">return</span>  <span class=\"function\"><span class=\"keyword\">function</span>(<span class=\"params\"></span>)</span>&#123;</div><div class=\"line\">            <span class=\"built_in\">console</span>.log(j);</div><div class=\"line\">        &#125;;</div><div class=\"line\">    &#125;();</div><div class=\"line\">&#125;</div></pre></td></tr></table></figure><p>第二个问题， CSS 实现首尾高度固定、中间高度自适应的 DIV 布局，没回答清楚。</p><p>最后百度了一番，看到<a href=\"http://www.cnblogs.com/ckmouse/archive/2012/02/14/2351043.html\" target=\"_blank\" rel=\"external\">一篇文章</a> 。问题基本被解决了。只能怪自己基础不牢。</p><p>码基本参考前引文章，感谢作者解惑。</p><figure class=\"highlight html\"><table><tr><td class=\"code\"><pre><div class=\"line\"><span class=\"meta\">&lt;!doctype html&gt;</span></div><div class=\"line\"><span class=\"tag\">&lt;<span class=\"name\">html</span> <span class=\"attr\">lang</span>=<span class=\"string\">\"zh-CN\"</span>&gt;</span></div><div class=\"line\"><span class=\"tag\">&lt;<span class=\"name\">head</span>&gt;</span></div><div class=\"line\">    <span class=\"tag\">&lt;<span class=\"name\">meta</span> <span class=\"attr\">charset</span>=<span class=\"string\">\"utf-8\"</span>&gt;</span></div><div class=\"line\">    <span class=\"tag\">&lt;<span class=\"name\">title</span>&gt;</span>Document<span class=\"tag\">&lt;/<span class=\"name\">title</span>&gt;</span></div><div class=\"line\"><span class=\"tag\">&lt;/<span class=\"name\">head</span>&gt;</span></div><div class=\"line\"><span class=\"tag\">&lt;<span class=\"name\">body</span>&gt;</span></div><div class=\"line\">    <span class=\"tag\">&lt;<span class=\"name\">div</span> <span class=\"attr\">class</span>=<span class=\"string\">\"con\"</span>&gt;</span></div><div class=\"line\">        <span class=\"tag\">&lt;<span class=\"name\">div</span> <span class=\"attr\">class</span>=<span class=\"string\">\"top\"</span>&gt;</span><span class=\"tag\">&lt;/<span class=\"name\">div</span>&gt;</span></div><div class=\"line\">        <span class=\"tag\">&lt;<span class=\"name\">div</span> <span class=\"attr\">class</span>=<span class=\"string\">\"md\"</span>&gt;</span><span class=\"tag\">&lt;/<span class=\"name\">div</span>&gt;</span></div><div class=\"line\">        <span class=\"tag\">&lt;<span class=\"name\">div</span> <span class=\"attr\">class</span>=<span class=\"string\">\"bottom\"</span>&gt;</span><span class=\"tag\">&lt;/<span class=\"name\">div</span>&gt;</span></div><div class=\"line\">    <span class=\"tag\">&lt;/<span class=\"name\">div</span>&gt;</span></div><div class=\"line\">    </div><div class=\"line\">    <span class=\"tag\">&lt;<span class=\"name\">style</span>&gt;</span><span class=\"undefined\"></span></div><div class=\"line\"><span class=\"css\">        *&#123;<span class=\"attribute\">margin</span>:<span class=\"number\">0</span>; <span class=\"attribute\">padding</span>:<span class=\"number\">0</span>;&#125;</span></div><div class=\"line\"><span class=\"css\">        <span class=\"selector-tag\">html</span>,<span class=\"selector-tag\">body</span>,<span class=\"selector-class\">.con</span>&#123;<span class=\"attribute\">height</span>:<span class=\"number\">100%</span>;<span class=\"attribute\">width</span>:<span class=\"number\">100%</span>;<span class=\"attribute\">height</span>:<span class=\"number\">100%</span>;<span class=\"attribute\">width</span>:<span class=\"number\">100%</span>;&#125;            </span></div><div class=\"line\"><span class=\"css\">        <span class=\"selector-tag\">div</span>&#123;<span class=\"attribute\">position</span>:absolute;&#125;</span></div><div class=\"line\"><span class=\"css\">        <span class=\"selector-class\">.top</span>,<span class=\"selector-class\">.bottom</span>&#123;<span class=\"attribute\">width</span>:<span class=\"number\">100%</span>;<span class=\"attribute\">height</span>:<span class=\"number\">100px</span>;<span class=\"attribute\">z-index</span>:<span class=\"number\">5</span>;&#125;</span></div><div class=\"line\"><span class=\"css\">        <span class=\"selector-class\">.top</span>&#123;<span class=\"attribute\">background</span>:red;<span class=\"attribute\">top</span>:<span class=\"number\">0</span>;&#125;</span></div><div class=\"line\"><span class=\"css\">        <span class=\"selector-class\">.bottom</span>&#123;<span class=\"attribute\">background</span>:black;<span class=\"attribute\">bottom</span>:<span class=\"number\">0</span>;&#125;</span></div><div class=\"line\"><span class=\"css\">        <span class=\"selector-class\">.md</span>&#123;</span></div><div class=\"line\"><span class=\"undefined\">            width: 100%;</span></div><div class=\"line\"><span class=\"css\">            <span class=\"selector-tag\">background</span>: <span class=\"selector-id\">#a7fad7</span>;</span></div><div class=\"line\"><span class=\"undefined\">            overflow: auto;</span></div><div class=\"line\"><span class=\"undefined\">            top: 100px;</span></div><div class=\"line\"><span class=\"undefined\">            bottom: 100px;</span></div><div class=\"line\"><span class=\"undefined\">            position: absolute;</span></div><div class=\"line\"><span class=\"undefined\">            _height: 100%;</span></div><div class=\"line\"><span class=\"css\">            _<span class=\"selector-tag\">border-top</span>: <span class=\"selector-tag\">-100px</span> <span class=\"selector-tag\">solid</span> <span class=\"selector-id\">#eee</span>;</span></div><div class=\"line\"><span class=\"css\">            _<span class=\"selector-tag\">border-bottom</span>: <span class=\"selector-tag\">-100px</span> <span class=\"selector-tag\">solid</span> <span class=\"selector-id\">#eee</span>;</span></div><div class=\"line\"><span class=\"css\">            _<span class=\"selector-tag\">top</span>: 0;<span class=\"comment\">/*http://www.cnblogs.com/ckmouse/archive/2012/02/14/2351043.html*/</span></span></div><div class=\"line\"><span class=\"undefined\">        &#125;</span></div><div class=\"line\"><span class=\"undefined\">    </span><span class=\"tag\">&lt;/<span class=\"name\">style</span>&gt;</span></div><div class=\"line\"><span class=\"tag\">&lt;/<span class=\"name\">body</span>&gt;</span></div><div class=\"line\"><span class=\"tag\">&lt;/<span class=\"name\">html</span>&gt;</span></div></pre></td></tr></table></figure><p>重点有二。</p><p>其一是 absolute 定位的 div 的宽高可以由设置 top、right、bottom、left 等属性来控制，如此一来自适应的问题得到解决；</p><p>其二是 IE6 特殊的盒模型（width、height 将 border 包含在内），所以用一个 css hack 将其上下 border 设置为负数，高度设为百分之百）：</p><p>最后，还有一个基础问题。且mark之。</p><figure class=\"highlight html\"><table><tr><td class=\"code\"><pre><div class=\"line\"><span class=\"tag\">&lt;<span class=\"name\">div</span> <span class=\"attr\">style</span>=<span class=\"string\">\"font:100px/200px Microsoft Yahei;width:660px;height:200px;text-overflow:ellipsis;\"</span>&gt;</span></div><div class=\"line\">    天地玄黄宇,宙洪荒日月。</div><div class=\"line\"><span class=\"tag\">&lt;/<span class=\"name\">div</span>&gt;</span></div><div class=\"line\"><span class=\"tag\">&lt;<span class=\"name\">style</span>&gt;</span><span class=\"undefined\"></span></div><div class=\"line\"><span class=\"undefined\">    div &#123;</span></div><div class=\"line\"><span class=\"css\">        <span class=\"comment\">/*超出宽度的不可见*/</span></span></div><div class=\"line\"><span class=\"undefined\">        overflow: hidden;</span></div><div class=\"line\"><span class=\"css\">        <span class=\"comment\">/*不换行（除非遇到\"&lt;br&gt;\"）*/</span></span></div><div class=\"line\"><span class=\"undefined\">        white-space: nowrap;</span></div><div class=\"line\"><span class=\"css\">        <span class=\"comment\">/*以“...”方式表示文本隐藏。*/</span></span></div><div class=\"line\"><span class=\"css\">        <span class=\"comment\">/*博主当时很肯定地说用这就够了，完全把上面两行忘得干干净净*/</span></span></div><div class=\"line\"><span class=\"undefined\">        text-overflow: ellipsis;</span></div><div class=\"line\"><span class=\"undefined\">    &#125; </span></div><div class=\"line\"><span class=\"undefined\"></span><span class=\"tag\">&lt;/<span class=\"name\">style</span>&gt;</span></div></pre></td></tr></table></figure><p>最后，以一句诗结束博主失败的面试：我本将心向明月，奈何明月照沟渠。</p>","categories":[],"tags":[{"name":"原创","path":"api/tags/原创.json"},{"name":"面试","path":"api/tags/面试.json"}]}