{"total":82,"pageSize":10,"pageCount":9,"data":[{"title":"内容加速黑科技趣谈","slug":"fun-hacks-faster-content","date":"2017-04-28T00:00:00.000Z","updated":"2017-08-10T10:42:08.508Z","comments":true,"path":"api/articles/fun-hacks-faster-content.json","excerpt":null,"keywords":null,"cover":"https://ogjija9ft.qnssl.com/placeholder.png","content":null,"raw":null,"categories":[],"tags":[{"name":"翻译","path":"api/tags/翻译.json"},{"name":"JavaScript","path":"api/tags/JavaScript.json"},{"name":"性能","path":"api/tags/性能.json"}]},{"title":"Emoji.prototype.length  —— Unicode 字符那些事儿","slug":"unicode-javascript-and-the-emoji-family","date":"2017-04-27T00:00:00.000Z","updated":"2017-08-10T10:42:08.512Z","comments":true,"path":"api/articles/unicode-javascript-and-the-emoji-family.json","excerpt":null,"keywords":null,"cover":"https://ogjija9ft.qnssl.com/placeholder.png","content":null,"raw":null,"categories":[],"tags":[{"name":"翻译","path":"api/tags/翻译.json"},{"name":"JavaScript","path":"api/tags/JavaScript.json"},{"name":"Unicode","path":"api/tags/Unicode.json"},{"name":"Emoji","path":"api/tags/Emoji.json"}]},{"title":"笔记：如何获取网站根域名","slug":"get-root-domain-of-a-site","date":"2017-04-26T00:00:00.000Z","updated":"2017-08-10T10:42:08.508Z","comments":true,"path":"api/articles/get-root-domain-of-a-site.json","excerpt":null,"keywords":null,"cover":"https://ogjija9ft.qnssl.com/placeholder.png","content":null,"raw":null,"categories":[],"tags":[{"name":"原创","path":"api/tags/原创.json"},{"name":"JavaScript","path":"api/tags/JavaScript.json"},{"name":"开发心得","path":"api/tags/开发心得.json"}]},{"title":"周末闲谈","slug":"2017-03-12-post","date":"2017-03-12T00:00:00.000Z","updated":"2017-08-10T10:42:08.508Z","comments":true,"path":"api/articles/2017-03-12-post.json","excerpt":null,"keywords":null,"cover":null,"content":null,"raw":null,"categories":[],"tags":[{"name":"原创","path":"api/tags/原创.json"},{"name":"随笔","path":"api/tags/随笔.json"}]},{"title":"周末闲谈","slug":"2017-02-26-post","date":"2017-02-26T00:00:00.000Z","updated":"2017-08-10T10:42:08.508Z","comments":true,"path":"api/articles/2017-02-26-post.json","excerpt":null,"keywords":null,"cover":"https://ogjija9ft.qnssl.com/placeholder.png","content":null,"raw":null,"categories":[],"tags":[{"name":"原创","path":"api/tags/原创.json"},{"name":"随笔","path":"api/tags/随笔.json"}]},{"title":"Angular 2 中的 HTTP 请求超时处理","slug":"rxjs-http-timeout","date":"2017-01-16T11:31:45.000Z","updated":"2017-08-10T10:42:08.512Z","comments":true,"path":"api/articles/rxjs-http-timeout.json","excerpt":null,"keywords":null,"cover":null,"content":null,"raw":null,"categories":[],"tags":[{"name":"原创","path":"api/tags/原创.json"},{"name":"RxJS","path":"api/tags/RxJS.json"},{"name":"Angular 2","path":"api/tags/Angular 2.json"},{"name":"笔记","path":"api/tags/笔记.json"}]},{"title":"关于时序攻击","slug":"timing-atack","date":"2017-01-16T00:00:00.000Z","updated":"2017-08-10T10:42:08.512Z","comments":true,"path":"api/articles/timing-atack.json","excerpt":null,"keywords":null,"cover":"https://ogjija9ft.qnssl.com/placeholder.png","content":null,"raw":null,"categories":[],"tags":[{"name":"原创","path":"api/tags/原创.json"},{"name":"笔记","path":"api/tags/笔记.json"},{"name":"安全","path":"api/tags/安全.json"}]},{"title":"Bluebird 高性能揭秘","slug":"javascript-performance-fundamentals-make-bluebird-fast","date":"2017-01-12T00:00:00.000Z","updated":"2017-08-10T10:42:08.508Z","comments":true,"path":"api/articles/javascript-performance-fundamentals-make-bluebird-fast.json","excerpt":null,"keywords":null,"cover":null,"content":null,"raw":null,"categories":[],"tags":[{"name":"翻译","path":"api/tags/翻译.json"},{"name":"Promise","path":"api/tags/Promise.json"}]},{"title":"React 中的 AJAX 请求：获取数据的方法与时机","slug":"ajax-requests-in-react","date":"2016-12-07T23:43:23.000Z","updated":"2017-08-10T10:42:08.508Z","comments":true,"path":"api/articles/ajax-requests-in-react.json","excerpt":null,"keywords":null,"cover":null,"content":null,"raw":null,"categories":[],"tags":[{"name":"翻译","path":"api/tags/翻译.json"},{"name":"React","path":"api/tags/React.json"}]},{"title":"前端界面 Modal 的控制","slug":"accessible-modal","date":"2016-12-02T20:38:23.000Z","updated":"2017-08-10T10:42:08.508Z","comments":true,"path":"api/articles/accessible-modal.json","excerpt":null,"keywords":null,"cover":"https://ogjija9ft.qnssl.com/placeholder.png","content":null,"raw":null,"categories":[],"tags":[{"name":"原创","path":"api/tags/原创.json"},{"name":"JavaScript","path":"api/tags/JavaScript.json"},{"name":"用户体验","path":"api/tags/用户体验.json"}]}]}