{"total":82,"pageSize":10,"pageCount":9,"data":[{"title":"笔记：Velocity 2016 第二天","slug":"velocity-2016-day-2","date":"2016-12-02T19:53:51.000Z","updated":"2017-08-10T10:42:08.512Z","comments":true,"path":"api/articles/velocity-2016-day-2.json","excerpt":null,"keywords":null,"cover":null,"content":null,"raw":null,"categories":[],"tags":[{"name":"原创","path":"api/tags/原创.json"},{"name":"笔记","path":"api/tags/笔记.json"}]},{"title":"笔记：Velocity 2016 第一天","slug":"velocity-2016-note-1","date":"2016-12-01T22:11:38.000Z","updated":"2017-08-10T10:42:08.512Z","comments":true,"path":"api/articles/velocity-2016-note-1.json","excerpt":null,"keywords":null,"cover":null,"content":null,"raw":null,"categories":[],"tags":[{"name":"原创","path":"api/tags/原创.json"},{"name":"笔记","path":"api/tags/笔记.json"}]},{"title":"CSS 方法论的选择","slug":"when-to-use-which-css-methodology","date":"2016-11-30T17:37:52.000Z","updated":"2017-08-10T10:42:08.512Z","comments":true,"path":"api/articles/when-to-use-which-css-methodology.json","excerpt":null,"keywords":null,"cover":null,"content":null,"raw":null,"categories":[],"tags":[{"name":"翻译","path":"api/tags/翻译.json"},{"name":"CSS","path":"api/tags/CSS.json"}]},{"title":"手把手教你写一个 Javascript 框架：项目结构","slug":"nx-project-structure","date":"2016-11-20T23:27:40.000Z","updated":"2017-08-10T10:42:08.512Z","comments":true,"path":"api/articles/nx-project-structure.json","excerpt":null,"keywords":null,"cover":"https://ogjija9ft.qnssl.com/placeholder.png","content":null,"raw":null,"categories":[],"tags":[{"name":"翻译","path":"api/tags/翻译.json"},{"name":"JavaScript","path":"api/tags/JavaScript.json"},{"name":"ES6","path":"api/tags/ES6.json"}]},{"title":"手把手教你写一个 Javascript 框架：沙箱求值","slug":"sandbox-code-evaluation","date":"2016-11-18T00:32:07.000Z","updated":"2017-08-10T10:42:08.512Z","comments":true,"path":"api/articles/sandbox-code-evaluation.json","excerpt":null,"keywords":null,"cover":"https://ogjija9ft.qnssl.com/placeholder.png","content":null,"raw":null,"categories":[],"tags":[{"name":"翻译","path":"api/tags/翻译.json"},{"name":"JavaScript","path":"api/tags/JavaScript.json"},{"name":"ES6","path":"api/tags/ES6.json"}]},{"title":"手把手教你写一个 Javascript 框架：执行调度","slug":"execution-timing","date":"2016-11-14T22:37:14.000Z","updated":"2017-08-10T10:42:08.508Z","comments":true,"path":"api/articles/execution-timing.json","excerpt":null,"keywords":null,"cover":"https://ogjija9ft.qnssl.com/placeholder.png","content":null,"raw":null,"categories":[],"tags":[{"name":"翻译","path":"api/tags/翻译.json"},{"name":"JavaScript","path":"api/tags/JavaScript.json"},{"name":"Event Loop","path":"api/tags/Event Loop.json"}]},{"title":"手把手教你写一个 Javascript 框架：数据绑定","slug":"data-bind-dirty-checking","date":"2016-11-14T16:44:01.000Z","updated":"2017-08-10T10:42:08.508Z","comments":true,"path":"api/articles/data-bind-dirty-checking.json","excerpt":null,"keywords":null,"cover":"https://ogjija9ft.qnssl.com/placeholder.png","content":null,"raw":null,"categories":[],"tags":[{"name":"翻译","path":"api/tags/翻译.json"},{"name":"ES6","path":"api/tags/ES6.json"},{"name":"数据绑定","path":"api/tags/数据绑定.json"}]},{"title":"手把手教你写一个 Javascript 框架：使用 ES6 Proxy 实现数据绑定","slug":"es6-proxy-data-binding","date":"2016-11-14T16:44:01.000Z","updated":"2017-08-10T10:42:08.508Z","comments":true,"path":"api/articles/es6-proxy-data-binding.json","excerpt":null,"keywords":null,"cover":"https://ogjija9ft.qnssl.com/placeholder.png","content":null,"raw":null,"categories":[],"tags":[{"name":"翻译","path":"api/tags/翻译.json"},{"name":"ES6","path":"api/tags/ES6.json"},{"name":"数据绑定","path":"api/tags/数据绑定.json"}]},{"title":"笔记：IE 下透明度问题","slug":"ie-filter","date":"2016-11-14T11:11:11.000Z","updated":"2017-08-10T10:42:08.508Z","comments":true,"path":"api/articles/ie-filter.json","excerpt":null,"keywords":null,"cover":"https://ogjija9ft.qnssl.com/placeholder.png","content":null,"raw":null,"categories":[],"tags":[{"name":"原创","path":"api/tags/原创.json"},{"name":"CSS","path":"api/tags/CSS.json"}]},{"title":"快来上钩哈哈哈","slug":"fishing-for-spider","date":"2016-11-13T00:00:00.000Z","updated":"2017-08-10T10:42:08.508Z","comments":true,"path":"api/articles/fishing-for-spider.json","excerpt":null,"keywords":null,"cover":"https://ogjija9ft.qnssl.com/placeholder.png","content":null,"raw":null,"categories":[],"tags":[{"name":"原创","path":"api/tags/原创.json"}]}]}