{"total":82,"pageSize":10,"pageCount":9,"data":[{"title":"理解 Node.js 事件循环","slug":"nodejs-event-loop","date":"2016-11-12T00:00:00.000Z","updated":"2017-08-10T10:42:08.512Z","comments":true,"path":"api/articles/nodejs-event-loop.json","excerpt":null,"keywords":null,"cover":"https://ogjija9ft.qnssl.com/placeholder.png","content":null,"raw":null,"categories":[],"tags":[{"name":"翻译","path":"api/tags/翻译.json"},{"name":"JavaScript","path":"api/tags/JavaScript.json"},{"name":"Node.js","path":"api/tags/Node.js.json"},{"name":"Event Loop","path":"api/tags/Event Loop.json"}]},{"title":"算法学习：冒泡排序","slug":"algo-bubble-sort","date":"2016-11-09T00:00:00.000Z","updated":"2017-08-10T10:42:08.508Z","comments":true,"path":"api/articles/algo-bubble-sort.json","excerpt":null,"keywords":null,"cover":null,"content":null,"raw":null,"categories":[],"tags":[{"name":"原创","path":"api/tags/原创.json"},{"name":"JavaScript","path":"api/tags/JavaScript.json"},{"name":"算法","path":"api/tags/算法.json"}]},{"title":"算法学习：选择排序","slug":"algo-selection-sort","date":"2016-11-06T00:00:00.000Z","updated":"2017-08-10T10:42:08.508Z","comments":true,"path":"api/articles/algo-selection-sort.json","excerpt":null,"keywords":null,"cover":null,"content":null,"raw":null,"categories":[],"tags":[{"name":"原创","path":"api/tags/原创.json"},{"name":"JavaScript","path":"api/tags/JavaScript.json"},{"name":"算法","path":"api/tags/算法.json"}]},{"title":"HTML 表单验证","slug":"using-html-form-validation-in-pure-javascript","date":"2016-11-05T00:00:00.000Z","updated":"2017-08-10T10:42:08.512Z","comments":true,"path":"api/articles/using-html-form-validation-in-pure-javascript.json","excerpt":null,"keywords":null,"cover":null,"content":null,"raw":null,"categories":[],"tags":[{"name":"翻译","path":"api/tags/翻译.json"},{"name":"JavaScript","path":"api/tags/JavaScript.json"}]},{"title":"算法学习：插入排序","slug":"algo-insertion-sort","date":"2016-11-02T00:00:00.000Z","updated":"2017-08-10T10:42:08.508Z","comments":true,"path":"api/articles/algo-insertion-sort.json","excerpt":null,"keywords":null,"cover":null,"content":null,"raw":null,"categories":[],"tags":[{"name":"原创","path":"api/tags/原创.json"},{"name":"JavaScript","path":"api/tags/JavaScript.json"},{"name":"算法","path":"api/tags/算法.json"}]},{"title":"使用 jQuery.ajax 上传带文件的表单","slug":"jquery-ajax-formdata","date":"2016-10-29T00:00:00.000Z","updated":"2017-08-10T10:42:08.508Z","comments":true,"path":"api/articles/jquery-ajax-formdata.json","excerpt":null,"keywords":null,"cover":"https://ogjija9ft.qnssl.com/placeholder.png","content":null,"raw":null,"categories":[],"tags":[{"name":"原创","path":"api/tags/原创.json"},{"name":"JavaScript","path":"api/tags/JavaScript.json"},{"name":"jQuery","path":"api/tags/jQuery.json"}]},{"title":"JavaScript Weekly 307 阅读笔记","slug":"javascript-weekly-307","date":"2016-10-28T00:00:00.000Z","updated":"2017-08-10T10:42:08.508Z","comments":true,"path":"api/articles/javascript-weekly-307.json","excerpt":null,"keywords":null,"cover":null,"content":null,"raw":null,"categories":[],"tags":[{"name":"原创","path":"api/tags/原创.json"},{"name":"JavaScript","path":"api/tags/JavaScript.json"},{"name":"阅读笔记","path":"api/tags/阅读笔记.json"}]},{"title":"关于 setImmediate","slug":"js-set-immediate","date":"2016-10-27T00:00:00.000Z","updated":"2017-08-10T10:42:08.512Z","comments":true,"path":"api/articles/js-set-immediate.json","excerpt":null,"keywords":null,"cover":null,"content":null,"raw":null,"categories":[],"tags":[{"name":"原创","path":"api/tags/原创.json"},{"name":"JavaScript","path":"api/tags/JavaScript.json"}]},{"title":"2016 年 10 月 27 日阅读笔记","slug":"20161027-reading","date":"2016-10-27T00:00:00.000Z","updated":"2017-08-10T10:42:08.504Z","comments":true,"path":"api/articles/20161027-reading.json","excerpt":null,"keywords":null,"cover":null,"content":null,"raw":null,"categories":[],"tags":[{"name":"阅读","path":"api/tags/阅读.json"},{"name":"原创","path":"api/tags/原创.json"}]},{"title":"关于前端常见算法面试题的一些思考","slug":"front-end-interview-algo-questions","date":"2016-10-26T00:00:00.000Z","updated":"2017-08-10T10:42:08.508Z","comments":true,"path":"api/articles/front-end-interview-algo-questions.json","excerpt":null,"keywords":null,"cover":null,"content":null,"raw":null,"categories":[],"tags":[{"name":"原创","path":"api/tags/原创.json"},{"name":"JavaScript","path":"api/tags/JavaScript.json"},{"name":"算法","path":"api/tags/算法.json"}]}]}