{"total":82,"pageSize":10,"pageCount":9,"data":[{"title":"JavaScript Weekly 306 阅读笔记","slug":"javascript-weekly-306-notes","date":"2016-10-21T00:00:00.000Z","updated":"2017-08-10T10:42:08.508Z","comments":true,"path":"api/articles/javascript-weekly-306-notes.json","excerpt":null,"keywords":null,"cover":null,"content":null,"raw":null,"categories":[],"tags":[{"name":"原创","path":"api/tags/原创.json"},{"name":"阅读笔记","path":"api/tags/阅读笔记.json"},{"name":"Angular 2","path":"api/tags/Angular 2.json"}]},{"title":"Yarn 和 Npm 命令行小抄","slug":"npm-vs-yarn-cheat-sheet","date":"2016-10-19T00:00:00.000Z","updated":"2017-08-10T10:42:08.512Z","comments":true,"path":"api/articles/npm-vs-yarn-cheat-sheet.json","excerpt":null,"keywords":null,"cover":"https://ogjija9ft.qnssl.com/placeholder.png","content":null,"raw":null,"categories":[],"tags":[{"name":"翻译","path":"api/tags/翻译.json"},{"name":"Node.js","path":"api/tags/Node.js.json"},{"name":"NPM","path":"api/tags/NPM.json"}]},{"title":"函数式 TypeScript","slug":"functional-refactor-typescript","date":"2016-09-28T21:46:46.000Z","updated":"2017-08-10T10:42:08.508Z","comments":true,"path":"api/articles/functional-refactor-typescript.json","excerpt":null,"keywords":null,"cover":"https://ogjija9ft.qnssl.com/placeholder.png","content":null,"raw":null,"categories":[],"tags":[{"name":"翻译","path":"api/tags/翻译.json"},{"name":"函数式编程","path":"api/tags/函数式编程.json"},{"name":"TypeScript","path":"api/tags/TypeScript.json"}]},{"title":"笔记：TypeScript 中引用全局变量","slug":"ts-note-on-global-reference","date":"2016-09-08T13:42:47.000Z","updated":"2017-08-10T10:42:08.512Z","comments":true,"path":"api/articles/ts-note-on-global-reference.json","excerpt":null,"keywords":null,"cover":null,"content":null,"raw":null,"categories":[],"tags":[{"name":"原创","path":"api/tags/原创.json"},{"name":"TypeScript","path":"api/tags/TypeScript.json"}]},{"title":"让人倾倒的 11 个 Npm Trick","slug":"eleven-npm-tricks-that-will-knock-your-wombat-socks-off","date":"2016-09-03T00:45:10.000Z","updated":"2017-08-10T10:42:08.508Z","comments":true,"path":"api/articles/eleven-npm-tricks-that-will-knock-your-wombat-socks-off.json","excerpt":null,"keywords":null,"cover":"https://ogjija9ft.qnssl.com/placeholder.png","content":null,"raw":null,"categories":[],"tags":[{"name":"翻译","path":"api/tags/翻译.json"},{"name":"Node.js","path":"api/tags/Node.js.json"},{"name":"npm","path":"api/tags/npm.json"}]},{"title":"HTTP 推送","slug":"being-pushy","date":"2016-09-02T18:31:13.000Z","updated":"2017-08-10T10:42:08.508Z","comments":true,"path":"api/articles/being-pushy.json","excerpt":null,"keywords":null,"cover":"https://ogjija9ft.qnssl.com/placeholder.png","content":null,"raw":null,"categories":[],"tags":[{"name":"翻译","path":"api/tags/翻译.json"},{"name":"HTTP2","path":"api/tags/HTTP2.json"},{"name":"Server Push","path":"api/tags/Server Push.json"}]},{"title":"聊聊 JavaScript Date 对象","slug":"date-in-javascript","date":"2016-08-31T12:05:45.000Z","updated":"2017-08-10T10:42:08.508Z","comments":true,"path":"api/articles/date-in-javascript.json","excerpt":null,"keywords":null,"cover":"https://ogjija9ft.qnssl.com/placeholder.png","content":null,"raw":null,"categories":[],"tags":[{"name":"原创","path":"api/tags/原创.json"},{"name":"JavaScript","path":"api/tags/JavaScript.json"}]},{"title":"渐进增强的键盘导航","slug":"better-keyboard-navigation-with-progressive-enhancement","date":"2016-08-30T15:15:46.000Z","updated":"2017-08-10T10:42:08.508Z","comments":true,"path":"api/articles/better-keyboard-navigation-with-progressive-enhancement.json","excerpt":null,"keywords":null,"cover":"https://ogjija9ft.qnssl.com/placeholder.png","content":null,"raw":null,"categories":[],"tags":[{"name":"翻译","path":"api/tags/翻译.json"},{"name":"用户体验","path":"api/tags/用户体验.json"},{"name":"可用性","path":"api/tags/可用性.json"}]},{"title":"Fetch 请求的本地缓存","slug":"cache-fetched-ajax-requests","date":"2016-08-27T21:07:42.000Z","updated":"2017-08-10T10:42:08.508Z","comments":true,"path":"api/articles/cache-fetched-ajax-requests.json","excerpt":null,"keywords":null,"cover":null,"content":null,"raw":null,"categories":[],"tags":[{"name":"翻译","path":"api/tags/翻译.json"},{"name":"JavaScript","path":"api/tags/JavaScript.json"},{"name":"优化","path":"api/tags/优化.json"},{"name":"缓存","path":"api/tags/缓存.json"}]},{"title":"渐进式 Web App 的离线存储","slug":"offline-storage-for-progressive-web-apps","date":"2016-08-18T18:04:13.000Z","updated":"2017-08-10T10:42:08.512Z","comments":true,"path":"api/articles/offline-storage-for-progressive-web-apps.json","excerpt":null,"keywords":null,"cover":"https://ogjija9ft.qnssl.com/placeholder.png","content":null,"raw":null,"categories":[],"tags":[{"name":"翻译","path":"api/tags/翻译.json"},{"name":"渐进式 Web App","path":"api/tags/渐进式 Web App.json"}]}]}