{"total":82,"pageSize":10,"pageCount":9,"data":[{"title":"WebAssembly  初尝","slug":"build-your-first-thing-with-web-assembly","date":"2016-08-16T14:46:36.000Z","updated":"2017-08-10T10:42:08.508Z","comments":true,"path":"api/articles/build-your-first-thing-with-web-assembly.json","excerpt":null,"keywords":null,"cover":"https://ogjija9ft.qnssl.com/placeholder.png","content":null,"raw":null,"categories":[],"tags":[{"name":"翻译","path":"api/tags/翻译.json"},{"name":"JavaScript","path":"api/tags/JavaScript.json"},{"name":"WebAssembly","path":"api/tags/WebAssembly.json"}]},{"title":"自动化、跨浏览器的 JavaScript 单元测试","slug":"set-up-automated-cross-browser-javascript-unit-testing","date":"2016-08-15T15:52:45.000Z","updated":"2017-08-10T10:42:08.512Z","comments":true,"path":"api/articles/set-up-automated-cross-browser-javascript-unit-testing.json","excerpt":null,"keywords":null,"cover":null,"content":null,"raw":null,"categories":[],"tags":[{"name":"翻译","path":"api/tags/翻译.json"},{"name":"测试","path":"api/tags/测试.json"},{"name":"单元测试","path":"api/tags/单元测试.json"}]},{"title":"JavaScript  与函数式编程","slug":"JavaScript-and-Functional-Programming","date":"2016-08-10T12:19:08.000Z","updated":"2017-08-10T10:42:08.508Z","comments":true,"path":"api/articles/JavaScript-and-Functional-Programming.json","excerpt":null,"keywords":null,"cover":null,"content":null,"raw":null,"categories":[],"tags":[{"name":"翻译","path":"api/tags/翻译.json"},{"name":"函数式编程","path":"api/tags/函数式编程.json"},{"name":"JavaScript","path":"api/tags/JavaScript.json"}]},{"title":"eBay：style & Speed","slug":"browse-ebay-with-style-and-speed-ebay","date":"2016-07-27T15:47:19.000Z","updated":"2017-08-10T10:42:08.508Z","comments":true,"path":"api/articles/browse-ebay-with-style-and-speed-ebay.json","excerpt":null,"keywords":null,"cover":null,"content":null,"raw":null,"categories":[],"tags":[{"name":"翻译","path":"api/tags/翻译.json"},{"name":"用户体验","path":"api/tags/用户体验.json"},{"name":"AMP","path":"api/tags/AMP.json"}]},{"title":"Service Worker 生命周期","slug":"the-service-worker-lifecycle","date":"2016-07-25T10:46:44.000Z","updated":"2017-08-10T10:42:08.512Z","comments":true,"path":"api/articles/the-service-worker-lifecycle.json","excerpt":null,"keywords":null,"cover":"https://ogjija9ft.qnssl.com/placeholder.png","content":null,"raw":null,"categories":[],"tags":[{"name":"翻译","path":"api/tags/翻译.json"},{"name":"Service Worker","path":"api/tags/Service Worker.json"}]},{"title":"从发展历史理解 ES6 Module","slug":"understanding-es6-modules-via-their-history","date":"2016-07-22T15:16:30.000Z","updated":"2017-08-10T10:42:08.512Z","comments":true,"path":"api/articles/understanding-es6-modules-via-their-history.json","excerpt":null,"keywords":null,"cover":"https://ogjija9ft.qnssl.com/placeholder.png","content":null,"raw":null,"categories":[],"tags":[{"name":"翻译","path":"api/tags/翻译.json"},{"name":"JavaScript","path":"api/tags/JavaScript.json"},{"name":"ES6","path":"api/tags/ES6.json"},{"name":"模块化","path":"api/tags/模块化.json"}]},{"title":"关于转译器 JavaScript 程序员需要知道的事","slug":"javascript-transpilers-need-know","date":"2016-07-20T21:19:08.000Z","updated":"2017-08-10T10:42:08.508Z","comments":true,"path":"api/articles/javascript-transpilers-need-know.json","excerpt":null,"keywords":null,"cover":null,"content":null,"raw":null,"categories":[],"tags":[{"name":"翻译","path":"api/tags/翻译.json"},{"name":"JavaScript","path":"api/tags/JavaScript.json"},{"name":"TypeScript","path":"api/tags/TypeScript.json"},{"name":"转译器","path":"api/tags/转译器.json"}]},{"title":"移动开发中的仿真器与模拟器","slug":"how-do-mobile-emulators-even","date":"2016-07-19T16:21:41.000Z","updated":"2017-08-10T10:42:08.508Z","comments":true,"path":"api/articles/how-do-mobile-emulators-even.json","excerpt":null,"keywords":null,"cover":"https://ogjija9ft.qnssl.com/placeholder.png","content":null,"raw":null,"categories":[],"tags":[{"name":"翻译","path":"api/tags/翻译.json"},{"name":"移动开发","path":"api/tags/移动开发.json"},{"name":"模拟器","path":"api/tags/模拟器.json"}]},{"title":"WebP 支持：超乎你想象","slug":"webp-support","date":"2016-07-18T21:26:22.000Z","updated":"2017-08-10T10:42:08.512Z","comments":true,"path":"api/articles/webp-support.json","excerpt":null,"keywords":null,"cover":"https://ogjija9ft.qnssl.com/placeholder.png","content":null,"raw":null,"categories":[],"tags":[{"name":"翻译","path":"api/tags/翻译.json"},{"name":"Webp","path":"api/tags/Webp.json"},{"name":"前端优化","path":"api/tags/前端优化.json"}]},{"title":"盘点即将影响世界的九大创新","slug":"9-innovations-that-could-become-the-next-big-thing","date":"2016-07-18T11:26:22.000Z","updated":"2017-08-10T10:42:08.508Z","comments":true,"path":"api/articles/9-innovations-that-could-become-the-next-big-thing.json","excerpt":null,"keywords":null,"cover":"https://ogjija9ft.qnssl.com/placeholder.png","content":null,"raw":null,"categories":[],"tags":[{"name":"翻译","path":"api/tags/翻译.json"},{"name":"技术","path":"api/tags/技术.json"}]}]}