{"total":82,"pageSize":10,"pageCount":9,"data":[{"title":"HTTP2 Server Push 实践：单 Link  报头包含多资源场景","slug":"http-2-server-push-with-multiple-assets-per-link-header","date":"2016-07-17T19:43:53.000Z","updated":"2017-08-10T10:42:08.508Z","comments":true,"path":"api/articles/http-2-server-push-with-multiple-assets-per-link-header.json","excerpt":null,"keywords":null,"cover":"https://ogjija9ft.qnssl.com/placeholder.png","content":null,"raw":null,"categories":[],"tags":[{"name":"翻译","path":"api/tags/翻译.json"},{"name":"HTTP2","path":"api/tags/HTTP2.json"},{"name":"Server Push","path":"api/tags/Server Push.json"}]},{"title":"Hybrid or Native： 适合工作的才是最好的","slug":"hybrid-or-native-mobile-app-use-the-right-tool-for-the-job","date":"2016-07-15T14:24:37.000Z","updated":"2017-08-10T10:42:08.508Z","comments":true,"path":"api/articles/hybrid-or-native-mobile-app-use-the-right-tool-for-the-job.json","excerpt":null,"keywords":null,"cover":"https://ogjija9ft.qnssl.com/placeholder.png","content":null,"raw":null,"categories":[],"tags":[{"name":"翻译","path":"api/tags/翻译.json"},{"name":"移动开发","path":"api/tags/移动开发.json"},{"name":"Hybrid App","path":"api/tags/Hybrid App.json"}]},{"title":"给 Service Worker 开后门","slug":"backdoor-service-worker","date":"2016-07-13T00:00:00.000Z","updated":"2017-08-10T10:42:08.508Z","comments":true,"path":"api/articles/backdoor-service-worker.json","excerpt":null,"keywords":null,"cover":null,"content":null,"raw":null,"categories":[],"tags":[{"name":"翻译","path":"api/tags/翻译.json"},{"name":"Service Worker","path":"api/tags/Service Worker.json"}]},{"title":"Node.js .Sh Scripts Manager","slug":"Node.js-sh-scripts-Manager","date":"2016-07-12T00:00:00.000Z","updated":"2017-08-10T10:42:08.508Z","comments":true,"path":"api/articles/Node.js-sh-scripts-Manager.json","excerpt":null,"keywords":null,"cover":null,"content":null,"raw":null,"categories":[],"tags":[{"name":"原创","path":"api/tags/原创.json"},{"name":"Node.js","path":"api/tags/Node.js.json"},{"name":"命令行工具","path":"api/tags/命令行工具.json"}]},{"title":"判断资源并行加载完成的三种办法：计数、Promise及 $.Deferred","slug":"when-are-all-resources-all-loaded","date":"2016-07-04T00:00:00.000Z","updated":"2017-08-10T10:42:08.512Z","comments":true,"path":"api/articles/when-are-all-resources-all-loaded.json","excerpt":null,"keywords":null,"cover":null,"content":null,"raw":null,"categories":[],"tags":[{"name":"原创","path":"api/tags/原创.json"},{"name":"JavaScript","path":"api/tags/JavaScript.json"},{"name":"开发心得","path":"api/tags/开发心得.json"},{"name":"Promise","path":"api/tags/Promise.json"}]},{"title":"测试驱动开发：使用 Node.js 和 MongoDB 构建 Todo API","slug":"todo-api-with-unit-test","date":"2016-07-04T00:00:00.000Z","updated":"2017-08-10T10:42:08.512Z","comments":true,"path":"api/articles/todo-api-with-unit-test.json","excerpt":null,"keywords":null,"cover":"https://ogjija9ft.qnssl.com/placeholder.png","content":null,"raw":null,"categories":[],"tags":[{"name":"翻译","path":"api/tags/翻译.json"},{"name":"Node.js","path":"api/tags/Node.js.json"},{"name":"测试","path":"api/tags/测试.json"},{"name":"单元测试","path":"api/tags/单元测试.json"}]},{"title":"使用 Ava 和 Jsdom 测试前端界面","slug":"test-with-ava-jsdom","date":"2016-06-29T00:00:00.000Z","updated":"2017-08-10T10:42:08.512Z","comments":true,"path":"api/articles/test-with-ava-jsdom.json","excerpt":null,"keywords":null,"cover":null,"content":null,"raw":null,"categories":[],"tags":[{"name":"原创","path":"api/tags/原创.json"},{"name":"JavaScript","path":"api/tags/JavaScript.json"},{"name":"测试","path":"api/tags/测试.json"}]},{"title":"防火墙背后的笔记：Web 设计在中国","slug":"notes-from-behind-the-firewall-the-state-of-web-design-in-china","date":"2016-06-28T00:00:00.000Z","updated":"2017-08-10T10:42:08.512Z","comments":true,"path":"api/articles/notes-from-behind-the-firewall-the-state-of-web-design-in-china.json","excerpt":null,"keywords":null,"cover":"https://ogjija9ft.qnssl.com/placeholder.png","content":null,"raw":null,"categories":[],"tags":[{"name":"翻译","path":"api/tags/翻译.json"},{"name":"Web Design","path":"api/tags/Web Design.json"}]},{"title":"小两百行 JavaScript 打造 Lambda 演算解释器","slug":"writing-a-lambda-calculus-interpreter-in-javascript","date":"2016-06-27T00:00:00.000Z","updated":"2017-08-10T10:42:08.512Z","comments":true,"path":"api/articles/writing-a-lambda-calculus-interpreter-in-javascript.json","excerpt":null,"keywords":null,"cover":null,"content":null,"raw":null,"categories":[],"tags":[{"name":"翻译","path":"api/tags/翻译.json"},{"name":"JavaScript","path":"api/tags/JavaScript.json"}]},{"title":"无限滚动加载最佳实践","slug":"infinite-scrolling-best-practices","date":"2016-06-27T00:00:00.000Z","updated":"2017-08-10T10:42:08.508Z","comments":true,"path":"api/articles/infinite-scrolling-best-practices.json","excerpt":null,"keywords":null,"cover":"https://ogjija9ft.qnssl.com/placeholder.png","content":null,"raw":null,"categories":[],"tags":[{"name":"翻译","path":"api/tags/翻译.json"},{"name":"JavaScript","path":"api/tags/JavaScript.json"},{"name":"用户体验","path":"api/tags/用户体验.json"}]}]}