{"total":82,"pageSize":10,"pageCount":9,"data":[{"title":"关于JavaScript 函数传参","slug":"javascript-argument","date":"2016-06-26T00:00:00.000Z","updated":"2017-08-10T10:42:08.508Z","comments":true,"path":"api/articles/javascript-argument.json","excerpt":null,"keywords":null,"cover":"https://ogjija9ft.qnssl.com/placeholder.png","content":null,"raw":null,"categories":[],"tags":[{"name":"原创","path":"api/tags/原创.json"},{"name":"JavaScript","path":"api/tags/JavaScript.json"},{"name":"Node.js","path":"api/tags/Node.js.json"}]},{"title":"Node.js 中的队列","slug":"queues-in-node.js","date":"2016-06-25T00:00:00.000Z","updated":"2017-08-10T10:42:08.512Z","comments":true,"path":"api/articles/queues-in-node.js.json","excerpt":null,"keywords":null,"cover":"https://ogjija9ft.qnssl.com/placeholder.png","content":null,"raw":null,"categories":[],"tags":[{"name":"翻译","path":"api/tags/翻译.json"},{"name":"Node.js","path":"api/tags/Node.js.json"}]},{"title":"客户端存储","slug":"client-side-storage","date":"2016-06-25T00:00:00.000Z","updated":"2017-08-10T10:42:08.508Z","comments":true,"path":"api/articles/client-side-storage.json","excerpt":null,"keywords":null,"cover":null,"content":null,"raw":null,"categories":[],"tags":[{"name":"翻译","path":"api/tags/翻译.json"},{"name":"JavaScript","path":"api/tags/JavaScript.json"},{"name":"缓存","path":"api/tags/缓存.json"},{"name":"Client-Side Storage","path":"api/tags/Client-Side Storage.json"}]},{"title":"No WebSockets Over HTTP2","slug":"no-websockets-over-http2","date":"2016-06-24T00:00:00.000Z","updated":"2017-08-10T10:42:08.512Z","comments":true,"path":"api/articles/no-websockets-over-http2.json","excerpt":null,"keywords":null,"cover":"https://ogjija9ft.qnssl.com/placeholder.png","content":null,"raw":null,"categories":[],"tags":[{"name":"翻译","path":"api/tags/翻译.json"},{"name":"HTTP2","path":"api/tags/HTTP2.json"},{"name":"WebSocket","path":"api/tags/WebSocket.json"}]},{"title":"React-Native 开发 App 手记","slug":"app-with-react-native","date":"2016-04-22T00:00:00.000Z","updated":"2017-08-10T10:42:08.508Z","comments":true,"path":"api/articles/app-with-react-native.json","excerpt":null,"keywords":null,"cover":null,"content":null,"raw":null,"categories":[],"tags":[{"name":"原创","path":"api/tags/原创.json"},{"name":"react-native","path":"api/tags/react-native.json"},{"name":"开发心得","path":"api/tags/开发心得.json"}]},{"title":"近来在Firefox上遇到的一些坑","slug":"problems-with-firefox","date":"2016-03-12T00:00:00.000Z","updated":"2017-08-10T10:42:08.512Z","comments":true,"path":"api/articles/problems-with-firefox.json","excerpt":null,"keywords":null,"cover":null,"content":null,"raw":null,"categories":[],"tags":[{"name":"原创","path":"api/tags/原创.json"},{"name":"开发心得","path":"api/tags/开发心得.json"}]},{"title":"Chrome和Firefox下的网页截图","slug":"screen-shot-upload","date":"2016-03-11T00:00:00.000Z","updated":"2017-08-10T10:42:08.512Z","comments":true,"path":"api/articles/screen-shot-upload.json","excerpt":null,"keywords":null,"cover":"https://ogjija9ft.qnssl.com/placeholder.png","content":null,"raw":null,"categories":[],"tags":[{"name":"原创","path":"api/tags/原创.json"},{"name":"JavaScript","path":"api/tags/JavaScript.json"},{"name":"Angular.js","path":"api/tags/Angular.js.json"},{"name":"网页截图","path":"api/tags/网页截图.json"}]},{"title":"异步场景下的 Js 编程","slug":"js-promise-slides","date":"2016-01-05T09:41:51.000Z","updated":"2017-08-10T10:42:08.508Z","comments":true,"path":"api/articles/js-promise-slides.json","excerpt":null,"keywords":null,"cover":null,"content":null,"raw":null,"categories":[],"tags":[{"name":"原创","path":"api/tags/原创.json"},{"name":"Promise","path":"api/tags/Promise.json"},{"name":"slides","path":"api/tags/slides.json"}]},{"title":"关于移动端 Rem 布局的一些总结","slug":"about-rem-layout","date":"2015-08-31T00:00:00.000Z","updated":"2017-08-10T10:42:08.508Z","comments":true,"path":"api/articles/about-rem-layout.json","excerpt":null,"keywords":null,"cover":"https://ogjija9ft.qnssl.com/placeholder.png","content":null,"raw":null,"categories":[],"tags":[{"name":"原创","path":"api/tags/原创.json"},{"name":"rem","path":"api/tags/rem.json"}]},{"title":"记一种水平垂直居中的办法","slug":"vh-center-layout","date":"2015-04-29T00:00:00.000Z","updated":"2017-08-10T10:42:08.512Z","comments":true,"path":"api/articles/vh-center-layout.json","excerpt":null,"keywords":null,"cover":"https://ogjija9ft.qnssl.com/placeholder.png","content":null,"raw":null,"categories":[],"tags":[{"name":"原创","path":"api/tags/原创.json"},{"name":"CSS","path":"api/tags/CSS.json"}]}]}