{"name":"AMP","postlist":[{"title":"eBay：style & Speed","slug":"browse-ebay-with-style-and-speed-ebay","date":"2016-07-27T15:47:19.000Z","updated":"2017-08-10T10:42:08.508Z","comments":true,"path":"api/articles/browse-ebay-with-style-and-speed-ebay.json","excerpt":null,"keywords":null,"cover":null,"content":null,"raw":null,"categories":[],"tags":[{"name":"翻译","path":"api/tags/翻译.json"},{"name":"用户体验","path":"api/tags/用户体验.json"},{"name":"AMP","path":"api/tags/AMP.json"}]}]}