{"name":"Angular 2","postlist":[{"title":"JavaScript Weekly 306 阅读笔记","slug":"javascript-weekly-306-notes","date":"2016-10-21T00:00:00.000Z","updated":"2017-08-10T10:42:08.508Z","comments":true,"path":"api/articles/javascript-weekly-306-notes.json","excerpt":null,"keywords":null,"cover":null,"content":null,"raw":null,"categories":[],"tags":[{"name":"原创","path":"api/tags/原创.json"},{"name":"阅读笔记","path":"api/tags/阅读笔记.json"},{"name":"Angular 2","path":"api/tags/Angular 2.json"}]},{"title":"Angular 2 中的 HTTP 请求超时处理","slug":"rxjs-http-timeout","date":"2017-01-16T11:31:45.000Z","updated":"2017-08-10T10:42:08.512Z","comments":true,"path":"api/articles/rxjs-http-timeout.json","excerpt":null,"keywords":null,"cover":null,"content":null,"raw":null,"categories":[],"tags":[{"name":"原创","path":"api/tags/原创.json"},{"name":"RxJS","path":"api/tags/RxJS.json"},{"name":"Angular 2","path":"api/tags/Angular 2.json"},{"name":"笔记","path":"api/tags/笔记.json"}]}]}