{"name":"Angular.js","postlist":[{"title":"Chrome和Firefox下的网页截图","slug":"screen-shot-upload","date":"2016-03-11T00:00:00.000Z","updated":"2017-08-10T10:42:08.512Z","comments":true,"path":"api/articles/screen-shot-upload.json","excerpt":null,"keywords":null,"cover":"https://ogjija9ft.qnssl.com/placeholder.png","content":null,"raw":null,"categories":[],"tags":[{"name":"原创","path":"api/tags/原创.json"},{"name":"JavaScript","path":"api/tags/JavaScript.json"},{"name":"Angular.js","path":"api/tags/Angular.js.json"},{"name":"网页截图","path":"api/tags/网页截图.json"}]}]}