{"name":"Client-Side Storage","postlist":[{"title":"客户端存储","slug":"client-side-storage","date":"2016-06-25T00:00:00.000Z","updated":"2017-08-10T10:42:08.508Z","comments":true,"path":"api/articles/client-side-storage.json","excerpt":null,"keywords":null,"cover":null,"content":null,"raw":null,"categories":[],"tags":[{"name":"翻译","path":"api/tags/翻译.json"},{"name":"JavaScript","path":"api/tags/JavaScript.json"},{"name":"缓存","path":"api/tags/缓存.json"},{"name":"Client-Side Storage","path":"api/tags/Client-Side Storage.json"}]}]}