{"name":"CSS","postlist":[{"title":"Font-Display 的使用","slug":"font-display","date":"2017-08-04T23:13:53.000Z","updated":"2017-08-10T10:42:08.508Z","comments":true,"path":"api/articles/font-display.json","excerpt":null,"keywords":null,"cover":null,"content":null,"raw":null,"categories":[],"tags":[{"name":"翻译","path":"api/tags/翻译.json"},{"name":"CSS","path":"api/tags/CSS.json"},{"name":"性能","path":"api/tags/性能.json"}]},{"title":"笔记：IE 下透明度问题","slug":"ie-filter","date":"2016-11-14T11:11:11.000Z","updated":"2017-08-10T10:42:08.508Z","comments":true,"path":"api/articles/ie-filter.json","excerpt":null,"keywords":null,"cover":"https://ogjija9ft.qnssl.com/placeholder.png","content":null,"raw":null,"categories":[],"tags":[{"name":"原创","path":"api/tags/原创.json"},{"name":"CSS","path":"api/tags/CSS.json"}]},{"title":"记一种水平垂直居中的办法","slug":"vh-center-layout","date":"2015-04-29T00:00:00.000Z","updated":"2017-08-10T10:42:08.512Z","comments":true,"path":"api/articles/vh-center-layout.json","excerpt":null,"keywords":null,"cover":"https://ogjija9ft.qnssl.com/placeholder.png","content":null,"raw":null,"categories":[],"tags":[{"name":"原创","path":"api/tags/原创.json"},{"name":"CSS","path":"api/tags/CSS.json"}]},{"title":"CSS 方法论的选择","slug":"when-to-use-which-css-methodology","date":"2016-11-30T17:37:52.000Z","updated":"2017-08-10T10:42:08.512Z","comments":true,"path":"api/articles/when-to-use-which-css-methodology.json","excerpt":null,"keywords":null,"cover":null,"content":null,"raw":null,"categories":[],"tags":[{"name":"翻译","path":"api/tags/翻译.json"},{"name":"CSS","path":"api/tags/CSS.json"}]}]}