{"name":"ES2015","postlist":[{"title":"ArrayBuffer and TypedArray in ES2015","slug":"es2015-arraybuffer","date":"2017-08-10T00:00:00.000Z","updated":"2017-08-10T10:42:08.508Z","comments":true,"path":"api/articles/es2015-arraybuffer.json","excerpt":null,"keywords":null,"cover":null,"content":null,"raw":null,"categories":[],"tags":[{"name":"原创","path":"api/tags/原创.json"},{"name":"ES2015","path":"api/tags/ES2015.json"},{"name":"Reflect","path":"api/tags/Reflect.json"},{"name":"Proxy","path":"api/tags/Proxy.json"}]},{"title":"ES2015 Reflection API","slug":"es2015-reflect","date":"2017-06-26T00:00:00.000Z","updated":"2017-08-10T10:42:08.508Z","comments":true,"path":"api/articles/es2015-reflect.json","excerpt":null,"keywords":null,"cover":null,"content":null,"raw":null,"categories":[],"tags":[{"name":"原创","path":"api/tags/原创.json"},{"name":"ES2015","path":"api/tags/ES2015.json"},{"name":"Reflect","path":"api/tags/Reflect.json"},{"name":"Proxy","path":"api/tags/Proxy.json"}]}]}