{"name":"ES6","postlist":[{"title":"手把手教你写一个 Javascript 框架：数据绑定","slug":"data-bind-dirty-checking","date":"2016-11-14T16:44:01.000Z","updated":"2017-08-10T10:42:08.508Z","comments":true,"path":"api/articles/data-bind-dirty-checking.json","excerpt":null,"keywords":null,"cover":"https://ogjija9ft.qnssl.com/placeholder.png","content":null,"raw":null,"categories":[],"tags":[{"name":"翻译","path":"api/tags/翻译.json"},{"name":"ES6","path":"api/tags/ES6.json"},{"name":"数据绑定","path":"api/tags/数据绑定.json"}]},{"title":"浏览器中的 ES6 Module 实现","slug":"es-modules-in-browsers","date":"2017-05-06T00:00:00.000Z","updated":"2017-08-10T10:42:08.508Z","comments":true,"path":"api/articles/es-modules-in-browsers.json","excerpt":null,"keywords":null,"cover":null,"content":null,"raw":null,"categories":[],"tags":[{"name":"翻译","path":"api/tags/翻译.json"},{"name":"ES6","path":"api/tags/ES6.json"}]},{"title":"手把手教你写一个 Javascript 框架：使用 ES6 Proxy 实现数据绑定","slug":"es6-proxy-data-binding","date":"2016-11-14T16:44:01.000Z","updated":"2017-08-10T10:42:08.508Z","comments":true,"path":"api/articles/es6-proxy-data-binding.json","excerpt":null,"keywords":null,"cover":"https://ogjija9ft.qnssl.com/placeholder.png","content":null,"raw":null,"categories":[],"tags":[{"name":"翻译","path":"api/tags/翻译.json"},{"name":"ES6","path":"api/tags/ES6.json"},{"name":"数据绑定","path":"api/tags/数据绑定.json"}]},{"title":"手把手教你写一个 Javascript 框架：项目结构","slug":"nx-project-structure","date":"2016-11-20T23:27:40.000Z","updated":"2017-08-10T10:42:08.512Z","comments":true,"path":"api/articles/nx-project-structure.json","excerpt":null,"keywords":null,"cover":"https://ogjija9ft.qnssl.com/placeholder.png","content":null,"raw":null,"categories":[],"tags":[{"name":"翻译","path":"api/tags/翻译.json"},{"name":"JavaScript","path":"api/tags/JavaScript.json"},{"name":"ES6","path":"api/tags/ES6.json"}]},{"title":"手把手教你写一个 Javascript 框架：沙箱求值","slug":"sandbox-code-evaluation","date":"2016-11-18T00:32:07.000Z","updated":"2017-08-10T10:42:08.512Z","comments":true,"path":"api/articles/sandbox-code-evaluation.json","excerpt":null,"keywords":null,"cover":"https://ogjija9ft.qnssl.com/placeholder.png","content":null,"raw":null,"categories":[],"tags":[{"name":"翻译","path":"api/tags/翻译.json"},{"name":"JavaScript","path":"api/tags/JavaScript.json"},{"name":"ES6","path":"api/tags/ES6.json"}]},{"title":"从发展历史理解 ES6 Module","slug":"understanding-es6-modules-via-their-history","date":"2016-07-22T15:16:30.000Z","updated":"2017-08-10T10:42:08.512Z","comments":true,"path":"api/articles/understanding-es6-modules-via-their-history.json","excerpt":null,"keywords":null,"cover":"https://ogjija9ft.qnssl.com/placeholder.png","content":null,"raw":null,"categories":[],"tags":[{"name":"翻译","path":"api/tags/翻译.json"},{"name":"JavaScript","path":"api/tags/JavaScript.json"},{"name":"ES6","path":"api/tags/ES6.json"},{"name":"模块化","path":"api/tags/模块化.json"}]}]}