{"name":"Event Loop","postlist":[{"title":"手把手教你写一个 Javascript 框架：执行调度","slug":"execution-timing","date":"2016-11-14T22:37:14.000Z","updated":"2017-08-10T10:42:08.508Z","comments":true,"path":"api/articles/execution-timing.json","excerpt":null,"keywords":null,"cover":"https://ogjija9ft.qnssl.com/placeholder.png","content":null,"raw":null,"categories":[],"tags":[{"name":"翻译","path":"api/tags/翻译.json"},{"name":"JavaScript","path":"api/tags/JavaScript.json"},{"name":"Event Loop","path":"api/tags/Event Loop.json"}]},{"title":"理解 Node.js 事件循环","slug":"nodejs-event-loop","date":"2016-11-12T00:00:00.000Z","updated":"2017-08-10T10:42:08.512Z","comments":true,"path":"api/articles/nodejs-event-loop.json","excerpt":null,"keywords":null,"cover":"https://ogjija9ft.qnssl.com/placeholder.png","content":null,"raw":null,"categories":[],"tags":[{"name":"翻译","path":"api/tags/翻译.json"},{"name":"JavaScript","path":"api/tags/JavaScript.json"},{"name":"Node.js","path":"api/tags/Node.js.json"},{"name":"Event Loop","path":"api/tags/Event Loop.json"}]}]}