{"name":"GraphQL","postlist":[{"title":"GraphQL 的庐山真面目","slug":"so-whats-this-graphql-thing-i-keep-hearing-about","date":"2017-05-13T00:00:00.000Z","updated":"2017-08-10T10:42:08.512Z","comments":true,"path":"api/articles/so-whats-this-graphql-thing-i-keep-hearing-about.json","excerpt":null,"keywords":null,"cover":"https://ogjija9ft.qnssl.com/placeholder.png","content":null,"raw":null,"categories":[],"tags":[{"name":"翻译","path":"api/tags/翻译.json"},{"name":"GraphQL","path":"api/tags/GraphQL.json"}]}]}