{"name":"JavaScript","postlist":[{"title":"JavaScript  与函数式编程","slug":"JavaScript-and-Functional-Programming","date":"2016-08-10T12:19:08.000Z","updated":"2017-08-10T10:42:08.508Z","comments":true,"path":"api/articles/JavaScript-and-Functional-Programming.json","excerpt":null,"keywords":null,"cover":null,"content":null,"raw":null,"categories":[],"tags":[{"name":"翻译","path":"api/tags/翻译.json"},{"name":"函数式编程","path":"api/tags/函数式编程.json"},{"name":"JavaScript","path":"api/tags/JavaScript.json"}]},{"title":"前端界面 Modal 的控制","slug":"accessible-modal","date":"2016-12-02T20:38:23.000Z","updated":"2017-08-10T10:42:08.508Z","comments":true,"path":"api/articles/accessible-modal.json","excerpt":null,"keywords":null,"cover":"https://ogjija9ft.qnssl.com/placeholder.png","content":null,"raw":null,"categories":[],"tags":[{"name":"原创","path":"api/tags/原创.json"},{"name":"JavaScript","path":"api/tags/JavaScript.json"},{"name":"用户体验","path":"api/tags/用户体验.json"}]},{"title":"算法学习：冒泡排序","slug":"algo-bubble-sort","date":"2016-11-09T00:00:00.000Z","updated":"2017-08-10T10:42:08.508Z","comments":true,"path":"api/articles/algo-bubble-sort.json","excerpt":null,"keywords":null,"cover":null,"content":null,"raw":null,"categories":[],"tags":[{"name":"原创","path":"api/tags/原创.json"},{"name":"JavaScript","path":"api/tags/JavaScript.json"},{"name":"算法","path":"api/tags/算法.json"}]},{"title":"算法学习：选择排序","slug":"algo-selection-sort","date":"2016-11-06T00:00:00.000Z","updated":"2017-08-10T10:42:08.508Z","comments":true,"path":"api/articles/algo-selection-sort.json","excerpt":null,"keywords":null,"cover":null,"content":null,"raw":null,"categories":[],"tags":[{"name":"原创","path":"api/tags/原创.json"},{"name":"JavaScript","path":"api/tags/JavaScript.json"},{"name":"算法","path":"api/tags/算法.json"}]},{"title":"算法学习：插入排序","slug":"algo-insertion-sort","date":"2016-11-02T00:00:00.000Z","updated":"2017-08-10T10:42:08.508Z","comments":true,"path":"api/articles/algo-insertion-sort.json","excerpt":null,"keywords":null,"cover":null,"content":null,"raw":null,"categories":[],"tags":[{"name":"原创","path":"api/tags/原创.json"},{"name":"JavaScript","path":"api/tags/JavaScript.json"},{"name":"算法","path":"api/tags/算法.json"}]},{"title":"WebAssembly  初尝","slug":"build-your-first-thing-with-web-assembly","date":"2016-08-16T14:46:36.000Z","updated":"2017-08-10T10:42:08.508Z","comments":true,"path":"api/articles/build-your-first-thing-with-web-assembly.json","excerpt":null,"keywords":null,"cover":"https://ogjija9ft.qnssl.com/placeholder.png","content":null,"raw":null,"categories":[],"tags":[{"name":"翻译","path":"api/tags/翻译.json"},{"name":"JavaScript","path":"api/tags/JavaScript.json"},{"name":"WebAssembly","path":"api/tags/WebAssembly.json"}]},{"title":"Fetch 请求的本地缓存","slug":"cache-fetched-ajax-requests","date":"2016-08-27T21:07:42.000Z","updated":"2017-08-10T10:42:08.508Z","comments":true,"path":"api/articles/cache-fetched-ajax-requests.json","excerpt":null,"keywords":null,"cover":null,"content":null,"raw":null,"categories":[],"tags":[{"name":"翻译","path":"api/tags/翻译.json"},{"name":"JavaScript","path":"api/tags/JavaScript.json"},{"name":"优化","path":"api/tags/优化.json"},{"name":"缓存","path":"api/tags/缓存.json"}]},{"title":"客户端存储","slug":"client-side-storage","date":"2016-06-25T00:00:00.000Z","updated":"2017-08-10T10:42:08.508Z","comments":true,"path":"api/articles/client-side-storage.json","excerpt":null,"keywords":null,"cover":null,"content":null,"raw":null,"categories":[],"tags":[{"name":"翻译","path":"api/tags/翻译.json"},{"name":"JavaScript","path":"api/tags/JavaScript.json"},{"name":"缓存","path":"api/tags/缓存.json"},{"name":"Client-Side Storage","path":"api/tags/Client-Side Storage.json"}]},{"title":"聊聊 JavaScript Date 对象","slug":"date-in-javascript","date":"2016-08-31T12:05:45.000Z","updated":"2017-08-10T10:42:08.508Z","comments":true,"path":"api/articles/date-in-javascript.json","excerpt":null,"keywords":null,"cover":"https://ogjija9ft.qnssl.com/placeholder.png","content":null,"raw":null,"categories":[],"tags":[{"name":"原创","path":"api/tags/原创.json"},{"name":"JavaScript","path":"api/tags/JavaScript.json"}]},{"title":"手把手教你写一个 Javascript 框架：执行调度","slug":"execution-timing","date":"2016-11-14T22:37:14.000Z","updated":"2017-08-10T10:42:08.508Z","comments":true,"path":"api/articles/execution-timing.json","excerpt":null,"keywords":null,"cover":"https://ogjija9ft.qnssl.com/placeholder.png","content":null,"raw":null,"categories":[],"tags":[{"name":"翻译","path":"api/tags/翻译.json"},{"name":"JavaScript","path":"api/tags/JavaScript.json"},{"name":"Event Loop","path":"api/tags/Event Loop.json"}]},{"title":"关于前端常见算法面试题的一些思考","slug":"front-end-interview-algo-questions","date":"2016-10-26T00:00:00.000Z","updated":"2017-08-10T10:42:08.508Z","comments":true,"path":"api/articles/front-end-interview-algo-questions.json","excerpt":null,"keywords":null,"cover":null,"content":null,"raw":null,"categories":[],"tags":[{"name":"原创","path":"api/tags/原创.json"},{"name":"JavaScript","path":"api/tags/JavaScript.json"},{"name":"算法","path":"api/tags/算法.json"}]},{"title":"内容加速黑科技趣谈","slug":"fun-hacks-faster-content","date":"2017-04-28T00:00:00.000Z","updated":"2017-08-10T10:42:08.508Z","comments":true,"path":"api/articles/fun-hacks-faster-content.json","excerpt":null,"keywords":null,"cover":"https://ogjija9ft.qnssl.com/placeholder.png","content":null,"raw":null,"categories":[],"tags":[{"name":"翻译","path":"api/tags/翻译.json"},{"name":"JavaScript","path":"api/tags/JavaScript.json"},{"name":"性能","path":"api/tags/性能.json"}]},{"title":"笔记：如何获取网站根域名","slug":"get-root-domain-of-a-site","date":"2017-04-26T00:00:00.000Z","updated":"2017-08-10T10:42:08.508Z","comments":true,"path":"api/articles/get-root-domain-of-a-site.json","excerpt":null,"keywords":null,"cover":"https://ogjija9ft.qnssl.com/placeholder.png","content":null,"raw":null,"categories":[],"tags":[{"name":"原创","path":"api/tags/原创.json"},{"name":"JavaScript","path":"api/tags/JavaScript.json"},{"name":"开发心得","path":"api/tags/开发心得.json"}]},{"title":"无限滚动加载最佳实践","slug":"infinite-scrolling-best-practices","date":"2016-06-27T00:00:00.000Z","updated":"2017-08-10T10:42:08.508Z","comments":true,"path":"api/articles/infinite-scrolling-best-practices.json","excerpt":null,"keywords":null,"cover":"https://ogjija9ft.qnssl.com/placeholder.png","content":null,"raw":null,"categories":[],"tags":[{"name":"翻译","path":"api/tags/翻译.json"},{"name":"JavaScript","path":"api/tags/JavaScript.json"},{"name":"用户体验","path":"api/tags/用户体验.json"}]},{"title":"关于JavaScript 函数传参","slug":"javascript-argument","date":"2016-06-26T00:00:00.000Z","updated":"2017-08-10T10:42:08.508Z","comments":true,"path":"api/articles/javascript-argument.json","excerpt":null,"keywords":null,"cover":"https://ogjija9ft.qnssl.com/placeholder.png","content":null,"raw":null,"categories":[],"tags":[{"name":"原创","path":"api/tags/原创.json"},{"name":"JavaScript","path":"api/tags/JavaScript.json"},{"name":"Node.js","path":"api/tags/Node.js.json"}]},{"title":"关于转译器 JavaScript 程序员需要知道的事","slug":"javascript-transpilers-need-know","date":"2016-07-20T21:19:08.000Z","updated":"2017-08-10T10:42:08.508Z","comments":true,"path":"api/articles/javascript-transpilers-need-know.json","excerpt":null,"keywords":null,"cover":null,"content":null,"raw":null,"categories":[],"tags":[{"name":"翻译","path":"api/tags/翻译.json"},{"name":"JavaScript","path":"api/tags/JavaScript.json"},{"name":"TypeScript","path":"api/tags/TypeScript.json"},{"name":"转译器","path":"api/tags/转译器.json"}]},{"title":"JavaScript Weekly 307 阅读笔记","slug":"javascript-weekly-307","date":"2016-10-28T00:00:00.000Z","updated":"2017-08-10T10:42:08.508Z","comments":true,"path":"api/articles/javascript-weekly-307.json","excerpt":null,"keywords":null,"cover":null,"content":null,"raw":null,"categories":[],"tags":[{"name":"原创","path":"api/tags/原创.json"},{"name":"JavaScript","path":"api/tags/JavaScript.json"},{"name":"阅读笔记","path":"api/tags/阅读笔记.json"}]},{"title":"使用 jQuery.ajax 上传带文件的表单","slug":"jquery-ajax-formdata","date":"2016-10-29T00:00:00.000Z","updated":"2017-08-10T10:42:08.508Z","comments":true,"path":"api/articles/jquery-ajax-formdata.json","excerpt":null,"keywords":null,"cover":"https://ogjija9ft.qnssl.com/placeholder.png","content":null,"raw":null,"categories":[],"tags":[{"name":"原创","path":"api/tags/原创.json"},{"name":"JavaScript","path":"api/tags/JavaScript.json"},{"name":"jQuery","path":"api/tags/jQuery.json"}]},{"title":"关于 setImmediate","slug":"js-set-immediate","date":"2016-10-27T00:00:00.000Z","updated":"2017-08-10T10:42:08.512Z","comments":true,"path":"api/articles/js-set-immediate.json","excerpt":null,"keywords":null,"cover":null,"content":null,"raw":null,"categories":[],"tags":[{"name":"原创","path":"api/tags/原创.json"},{"name":"JavaScript","path":"api/tags/JavaScript.json"}]},{"title":"理解 Node.js 事件循环","slug":"nodejs-event-loop","date":"2016-11-12T00:00:00.000Z","updated":"2017-08-10T10:42:08.512Z","comments":true,"path":"api/articles/nodejs-event-loop.json","excerpt":null,"keywords":null,"cover":"https://ogjija9ft.qnssl.com/placeholder.png","content":null,"raw":null,"categories":[],"tags":[{"name":"翻译","path":"api/tags/翻译.json"},{"name":"JavaScript","path":"api/tags/JavaScript.json"},{"name":"Node.js","path":"api/tags/Node.js.json"},{"name":"Event Loop","path":"api/tags/Event Loop.json"}]},{"title":"手把手教你写一个 Javascript 框架：项目结构","slug":"nx-project-structure","date":"2016-11-20T23:27:40.000Z","updated":"2017-08-10T10:42:08.512Z","comments":true,"path":"api/articles/nx-project-structure.json","excerpt":null,"keywords":null,"cover":"https://ogjija9ft.qnssl.com/placeholder.png","content":null,"raw":null,"categories":[],"tags":[{"name":"翻译","path":"api/tags/翻译.json"},{"name":"JavaScript","path":"api/tags/JavaScript.json"},{"name":"ES6","path":"api/tags/ES6.json"}]},{"title":"Facebook 开源代码优化工具 Prepack","slug":"prepack","date":"2017-05-04T00:00:00.000Z","updated":"2017-08-10T10:42:08.512Z","comments":true,"path":"api/articles/prepack.json","excerpt":null,"keywords":null,"cover":null,"content":null,"raw":null,"categories":[],"tags":[{"name":"JavaScript","path":"api/tags/JavaScript.json"}]},{"title":"手把手教你写一个 Javascript 框架：沙箱求值","slug":"sandbox-code-evaluation","date":"2016-11-18T00:32:07.000Z","updated":"2017-08-10T10:42:08.512Z","comments":true,"path":"api/articles/sandbox-code-evaluation.json","excerpt":null,"keywords":null,"cover":"https://ogjija9ft.qnssl.com/placeholder.png","content":null,"raw":null,"categories":[],"tags":[{"name":"翻译","path":"api/tags/翻译.json"},{"name":"JavaScript","path":"api/tags/JavaScript.json"},{"name":"ES6","path":"api/tags/ES6.json"}]},{"title":"Chrome和Firefox下的网页截图","slug":"screen-shot-upload","date":"2016-03-11T00:00:00.000Z","updated":"2017-08-10T10:42:08.512Z","comments":true,"path":"api/articles/screen-shot-upload.json","excerpt":null,"keywords":null,"cover":"https://ogjija9ft.qnssl.com/placeholder.png","content":null,"raw":null,"categories":[],"tags":[{"name":"原创","path":"api/tags/原创.json"},{"name":"JavaScript","path":"api/tags/JavaScript.json"},{"name":"Angular.js","path":"api/tags/Angular.js.json"},{"name":"网页截图","path":"api/tags/网页截图.json"}]},{"title":"使用 Ava 和 Jsdom 测试前端界面","slug":"test-with-ava-jsdom","date":"2016-06-29T00:00:00.000Z","updated":"2017-08-10T10:42:08.512Z","comments":true,"path":"api/articles/test-with-ava-jsdom.json","excerpt":null,"keywords":null,"cover":null,"content":null,"raw":null,"categories":[],"tags":[{"name":"原创","path":"api/tags/原创.json"},{"name":"JavaScript","path":"api/tags/JavaScript.json"},{"name":"测试","path":"api/tags/测试.json"}]},{"title":"从发展历史理解 ES6 Module","slug":"understanding-es6-modules-via-their-history","date":"2016-07-22T15:16:30.000Z","updated":"2017-08-10T10:42:08.512Z","comments":true,"path":"api/articles/understanding-es6-modules-via-their-history.json","excerpt":null,"keywords":null,"cover":"https://ogjija9ft.qnssl.com/placeholder.png","content":null,"raw":null,"categories":[],"tags":[{"name":"翻译","path":"api/tags/翻译.json"},{"name":"JavaScript","path":"api/tags/JavaScript.json"},{"name":"ES6","path":"api/tags/ES6.json"},{"name":"模块化","path":"api/tags/模块化.json"}]},{"title":"Emoji.prototype.length  —— Unicode 字符那些事儿","slug":"unicode-javascript-and-the-emoji-family","date":"2017-04-27T00:00:00.000Z","updated":"2017-08-10T10:42:08.512Z","comments":true,"path":"api/articles/unicode-javascript-and-the-emoji-family.json","excerpt":null,"keywords":null,"cover":"https://ogjija9ft.qnssl.com/placeholder.png","content":null,"raw":null,"categories":[],"tags":[{"name":"翻译","path":"api/tags/翻译.json"},{"name":"JavaScript","path":"api/tags/JavaScript.json"},{"name":"Unicode","path":"api/tags/Unicode.json"},{"name":"Emoji","path":"api/tags/Emoji.json"}]},{"title":"HTML 表单验证","slug":"using-html-form-validation-in-pure-javascript","date":"2016-11-05T00:00:00.000Z","updated":"2017-08-10T10:42:08.512Z","comments":true,"path":"api/articles/using-html-form-validation-in-pure-javascript.json","excerpt":null,"keywords":null,"cover":null,"content":null,"raw":null,"categories":[],"tags":[{"name":"翻译","path":"api/tags/翻译.json"},{"name":"JavaScript","path":"api/tags/JavaScript.json"}]},{"title":"判断资源并行加载完成的三种办法：计数、Promise及 $.Deferred","slug":"when-are-all-resources-all-loaded","date":"2016-07-04T00:00:00.000Z","updated":"2017-08-10T10:42:08.512Z","comments":true,"path":"api/articles/when-are-all-resources-all-loaded.json","excerpt":null,"keywords":null,"cover":null,"content":null,"raw":null,"categories":[],"tags":[{"name":"原创","path":"api/tags/原创.json"},{"name":"JavaScript","path":"api/tags/JavaScript.json"},{"name":"开发心得","path":"api/tags/开发心得.json"},{"name":"Promise","path":"api/tags/Promise.json"}]},{"title":"小两百行 JavaScript 打造 Lambda 演算解释器","slug":"writing-a-lambda-calculus-interpreter-in-javascript","date":"2016-06-27T00:00:00.000Z","updated":"2017-08-10T10:42:08.512Z","comments":true,"path":"api/articles/writing-a-lambda-calculus-interpreter-in-javascript.json","excerpt":null,"keywords":null,"cover":null,"content":null,"raw":null,"categories":[],"tags":[{"name":"翻译","path":"api/tags/翻译.json"},{"name":"JavaScript","path":"api/tags/JavaScript.json"}]}]}