{"name":"jQuery","postlist":[{"title":"使用 jQuery.ajax 上传带文件的表单","slug":"jquery-ajax-formdata","date":"2016-10-29T00:00:00.000Z","updated":"2017-08-10T10:42:08.508Z","comments":true,"path":"api/articles/jquery-ajax-formdata.json","excerpt":null,"keywords":null,"cover":"https://ogjija9ft.qnssl.com/placeholder.png","content":null,"raw":null,"categories":[],"tags":[{"name":"原创","path":"api/tags/原创.json"},{"name":"JavaScript","path":"api/tags/JavaScript.json"},{"name":"jQuery","path":"api/tags/jQuery.json"}]}]}