{"name":"Node.js","postlist":[{"title":"Node.js .Sh Scripts Manager","slug":"Node.js-sh-scripts-Manager","date":"2016-07-12T00:00:00.000Z","updated":"2017-08-10T10:42:08.508Z","comments":true,"path":"api/articles/Node.js-sh-scripts-Manager.json","excerpt":null,"keywords":null,"cover":null,"content":null,"raw":null,"categories":[],"tags":[{"name":"原创","path":"api/tags/原创.json"},{"name":"Node.js","path":"api/tags/Node.js.json"},{"name":"命令行工具","path":"api/tags/命令行工具.json"}]},{"title":"让人倾倒的 11 个 Npm Trick","slug":"eleven-npm-tricks-that-will-knock-your-wombat-socks-off","date":"2016-09-03T00:45:10.000Z","updated":"2017-08-10T10:42:08.508Z","comments":true,"path":"api/articles/eleven-npm-tricks-that-will-knock-your-wombat-socks-off.json","excerpt":null,"keywords":null,"cover":"https://ogjija9ft.qnssl.com/placeholder.png","content":null,"raw":null,"categories":[],"tags":[{"name":"翻译","path":"api/tags/翻译.json"},{"name":"Node.js","path":"api/tags/Node.js.json"},{"name":"npm","path":"api/tags/npm.json"}]},{"title":"关于JavaScript 函数传参","slug":"javascript-argument","date":"2016-06-26T00:00:00.000Z","updated":"2017-08-10T10:42:08.508Z","comments":true,"path":"api/articles/javascript-argument.json","excerpt":null,"keywords":null,"cover":"https://ogjija9ft.qnssl.com/placeholder.png","content":null,"raw":null,"categories":[],"tags":[{"name":"原创","path":"api/tags/原创.json"},{"name":"JavaScript","path":"api/tags/JavaScript.json"},{"name":"Node.js","path":"api/tags/Node.js.json"}]},{"title":"Yarn 和 Npm 命令行小抄","slug":"npm-vs-yarn-cheat-sheet","date":"2016-10-19T00:00:00.000Z","updated":"2017-08-10T10:42:08.512Z","comments":true,"path":"api/articles/npm-vs-yarn-cheat-sheet.json","excerpt":null,"keywords":null,"cover":"https://ogjija9ft.qnssl.com/placeholder.png","content":null,"raw":null,"categories":[],"tags":[{"name":"翻译","path":"api/tags/翻译.json"},{"name":"Node.js","path":"api/tags/Node.js.json"},{"name":"NPM","path":"api/tags/NPM.json"}]},{"title":"理解 Node.js 事件循环","slug":"nodejs-event-loop","date":"2016-11-12T00:00:00.000Z","updated":"2017-08-10T10:42:08.512Z","comments":true,"path":"api/articles/nodejs-event-loop.json","excerpt":null,"keywords":null,"cover":"https://ogjija9ft.qnssl.com/placeholder.png","content":null,"raw":null,"categories":[],"tags":[{"name":"翻译","path":"api/tags/翻译.json"},{"name":"JavaScript","path":"api/tags/JavaScript.json"},{"name":"Node.js","path":"api/tags/Node.js.json"},{"name":"Event Loop","path":"api/tags/Event Loop.json"}]},{"title":"Node.js 中的队列","slug":"queues-in-node.js","date":"2016-06-25T00:00:00.000Z","updated":"2017-08-10T10:42:08.512Z","comments":true,"path":"api/articles/queues-in-node.js.json","excerpt":null,"keywords":null,"cover":"https://ogjija9ft.qnssl.com/placeholder.png","content":null,"raw":null,"categories":[],"tags":[{"name":"翻译","path":"api/tags/翻译.json"},{"name":"Node.js","path":"api/tags/Node.js.json"}]},{"title":"测试驱动开发：使用 Node.js 和 MongoDB 构建 Todo API","slug":"todo-api-with-unit-test","date":"2016-07-04T00:00:00.000Z","updated":"2017-08-10T10:42:08.512Z","comments":true,"path":"api/articles/todo-api-with-unit-test.json","excerpt":null,"keywords":null,"cover":"https://ogjija9ft.qnssl.com/placeholder.png","content":null,"raw":null,"categories":[],"tags":[{"name":"翻译","path":"api/tags/翻译.json"},{"name":"Node.js","path":"api/tags/Node.js.json"},{"name":"测试","path":"api/tags/测试.json"},{"name":"单元测试","path":"api/tags/单元测试.json"}]}]}