{"name":"NPM","postlist":[{"title":"Yarn 和 Npm 命令行小抄","slug":"npm-vs-yarn-cheat-sheet","date":"2016-10-19T00:00:00.000Z","updated":"2017-08-10T10:42:08.512Z","comments":true,"path":"api/articles/npm-vs-yarn-cheat-sheet.json","excerpt":null,"keywords":null,"cover":"https://ogjija9ft.qnssl.com/placeholder.png","content":null,"raw":null,"categories":[],"tags":[{"name":"翻译","path":"api/tags/翻译.json"},{"name":"Node.js","path":"api/tags/Node.js.json"},{"name":"NPM","path":"api/tags/NPM.json"}]}]}