{"name":"npm","postlist":[{"title":"让人倾倒的 11 个 Npm Trick","slug":"eleven-npm-tricks-that-will-knock-your-wombat-socks-off","date":"2016-09-03T00:45:10.000Z","updated":"2017-08-10T10:42:08.508Z","comments":true,"path":"api/articles/eleven-npm-tricks-that-will-knock-your-wombat-socks-off.json","excerpt":null,"keywords":null,"cover":"https://ogjija9ft.qnssl.com/placeholder.png","content":null,"raw":null,"categories":[],"tags":[{"name":"翻译","path":"api/tags/翻译.json"},{"name":"Node.js","path":"api/tags/Node.js.json"},{"name":"npm","path":"api/tags/npm.json"}]}]}