{"name":"Promise","postlist":[{"title":"Bluebird 高性能揭秘","slug":"javascript-performance-fundamentals-make-bluebird-fast","date":"2017-01-12T00:00:00.000Z","updated":"2017-08-10T10:42:08.508Z","comments":true,"path":"api/articles/javascript-performance-fundamentals-make-bluebird-fast.json","excerpt":null,"keywords":null,"cover":null,"content":null,"raw":null,"categories":[],"tags":[{"name":"翻译","path":"api/tags/翻译.json"},{"name":"Promise","path":"api/tags/Promise.json"}]},{"title":"异步场景下的 Js 编程","slug":"js-promise-slides","date":"2016-01-05T09:41:51.000Z","updated":"2017-08-10T10:42:08.508Z","comments":true,"path":"api/articles/js-promise-slides.json","excerpt":null,"keywords":null,"cover":null,"content":null,"raw":null,"categories":[],"tags":[{"name":"原创","path":"api/tags/原创.json"},{"name":"Promise","path":"api/tags/Promise.json"},{"name":"slides","path":"api/tags/slides.json"}]},{"title":"判断资源并行加载完成的三种办法：计数、Promise及 $.Deferred","slug":"when-are-all-resources-all-loaded","date":"2016-07-04T00:00:00.000Z","updated":"2017-08-10T10:42:08.512Z","comments":true,"path":"api/articles/when-are-all-resources-all-loaded.json","excerpt":null,"keywords":null,"cover":null,"content":null,"raw":null,"categories":[],"tags":[{"name":"原创","path":"api/tags/原创.json"},{"name":"JavaScript","path":"api/tags/JavaScript.json"},{"name":"开发心得","path":"api/tags/开发心得.json"},{"name":"Promise","path":"api/tags/Promise.json"}]}]}