{"name":"react-native","postlist":[{"title":"React-Native 开发 App 手记","slug":"app-with-react-native","date":"2016-04-22T00:00:00.000Z","updated":"2017-08-10T10:42:08.508Z","comments":true,"path":"api/articles/app-with-react-native.json","excerpt":null,"keywords":null,"cover":null,"content":null,"raw":null,"categories":[],"tags":[{"name":"原创","path":"api/tags/原创.json"},{"name":"react-native","path":"api/tags/react-native.json"},{"name":"开发心得","path":"api/tags/开发心得.json"}]}]}