{"name":"RxJS","postlist":[{"title":"函数响应式编程 —— RxJS 简介","slug":"functional-programming","date":"2017-07-18T00:00:00.000Z","updated":"2017-08-10T10:42:08.508Z","comments":true,"path":"api/articles/functional-programming.json","excerpt":null,"keywords":null,"cover":null,"content":null,"raw":null,"categories":[],"tags":[{"name":"原创","path":"api/tags/原创.json"},{"name":"函数响应式编程","path":"api/tags/函数响应式编程.json"},{"name":"RxJS","path":"api/tags/RxJS.json"}]},{"title":"Angular 2 中的 HTTP 请求超时处理","slug":"rxjs-http-timeout","date":"2017-01-16T11:31:45.000Z","updated":"2017-08-10T10:42:08.512Z","comments":true,"path":"api/articles/rxjs-http-timeout.json","excerpt":null,"keywords":null,"cover":null,"content":null,"raw":null,"categories":[],"tags":[{"name":"原创","path":"api/tags/原创.json"},{"name":"RxJS","path":"api/tags/RxJS.json"},{"name":"Angular 2","path":"api/tags/Angular 2.json"},{"name":"笔记","path":"api/tags/笔记.json"}]}]}