{"name":"Server Push","postlist":[{"title":"HTTP 推送","slug":"being-pushy","date":"2016-09-02T18:31:13.000Z","updated":"2017-08-10T10:42:08.508Z","comments":true,"path":"api/articles/being-pushy.json","excerpt":null,"keywords":null,"cover":"https://ogjija9ft.qnssl.com/placeholder.png","content":null,"raw":null,"categories":[],"tags":[{"name":"翻译","path":"api/tags/翻译.json"},{"name":"HTTP2","path":"api/tags/HTTP2.json"},{"name":"Server Push","path":"api/tags/Server Push.json"}]},{"title":"HTTP2 Server Push 实践：单 Link  报头包含多资源场景","slug":"http-2-server-push-with-multiple-assets-per-link-header","date":"2016-07-17T19:43:53.000Z","updated":"2017-08-10T10:42:08.508Z","comments":true,"path":"api/articles/http-2-server-push-with-multiple-assets-per-link-header.json","excerpt":null,"keywords":null,"cover":"https://ogjija9ft.qnssl.com/placeholder.png","content":null,"raw":null,"categories":[],"tags":[{"name":"翻译","path":"api/tags/翻译.json"},{"name":"HTTP2","path":"api/tags/HTTP2.json"},{"name":"Server Push","path":"api/tags/Server Push.json"}]}]}