{"name":"Service Worker","postlist":[{"title":"给 Service Worker 开后门","slug":"backdoor-service-worker","date":"2016-07-13T00:00:00.000Z","updated":"2017-08-10T10:42:08.508Z","comments":true,"path":"api/articles/backdoor-service-worker.json","excerpt":null,"keywords":null,"cover":null,"content":null,"raw":null,"categories":[],"tags":[{"name":"翻译","path":"api/tags/翻译.json"},{"name":"Service Worker","path":"api/tags/Service Worker.json"}]},{"title":"Service Worker 生命周期","slug":"the-service-worker-lifecycle","date":"2016-07-25T10:46:44.000Z","updated":"2017-08-10T10:42:08.512Z","comments":true,"path":"api/articles/the-service-worker-lifecycle.json","excerpt":null,"keywords":null,"cover":"https://ogjija9ft.qnssl.com/placeholder.png","content":null,"raw":null,"categories":[],"tags":[{"name":"翻译","path":"api/tags/翻译.json"},{"name":"Service Worker","path":"api/tags/Service Worker.json"}]}]}