{"name":"TypeScript","postlist":[{"title":"函数式 TypeScript","slug":"functional-refactor-typescript","date":"2016-09-28T21:46:46.000Z","updated":"2017-08-10T10:42:08.508Z","comments":true,"path":"api/articles/functional-refactor-typescript.json","excerpt":null,"keywords":null,"cover":"https://ogjija9ft.qnssl.com/placeholder.png","content":null,"raw":null,"categories":[],"tags":[{"name":"翻译","path":"api/tags/翻译.json"},{"name":"函数式编程","path":"api/tags/函数式编程.json"},{"name":"TypeScript","path":"api/tags/TypeScript.json"}]},{"title":"关于转译器 JavaScript 程序员需要知道的事","slug":"javascript-transpilers-need-know","date":"2016-07-20T21:19:08.000Z","updated":"2017-08-10T10:42:08.508Z","comments":true,"path":"api/articles/javascript-transpilers-need-know.json","excerpt":null,"keywords":null,"cover":null,"content":null,"raw":null,"categories":[],"tags":[{"name":"翻译","path":"api/tags/翻译.json"},{"name":"JavaScript","path":"api/tags/JavaScript.json"},{"name":"TypeScript","path":"api/tags/TypeScript.json"},{"name":"转译器","path":"api/tags/转译器.json"}]},{"title":"笔记：TypeScript 中引用全局变量","slug":"ts-note-on-global-reference","date":"2016-09-08T13:42:47.000Z","updated":"2017-08-10T10:42:08.512Z","comments":true,"path":"api/articles/ts-note-on-global-reference.json","excerpt":null,"keywords":null,"cover":null,"content":null,"raw":null,"categories":[],"tags":[{"name":"原创","path":"api/tags/原创.json"},{"name":"TypeScript","path":"api/tags/TypeScript.json"}]}]}