{"name":"Unicode","postlist":[{"title":"Emoji.prototype.length  —— Unicode 字符那些事儿","slug":"unicode-javascript-and-the-emoji-family","date":"2017-04-27T00:00:00.000Z","updated":"2017-08-10T10:42:08.512Z","comments":true,"path":"api/articles/unicode-javascript-and-the-emoji-family.json","excerpt":null,"keywords":null,"cover":"https://ogjija9ft.qnssl.com/placeholder.png","content":null,"raw":null,"categories":[],"tags":[{"name":"翻译","path":"api/tags/翻译.json"},{"name":"JavaScript","path":"api/tags/JavaScript.json"},{"name":"Unicode","path":"api/tags/Unicode.json"},{"name":"Emoji","path":"api/tags/Emoji.json"}]}]}