{"name":"Web Design","postlist":[{"title":"防火墙背后的笔记：Web 设计在中国","slug":"notes-from-behind-the-firewall-the-state-of-web-design-in-china","date":"2016-06-28T00:00:00.000Z","updated":"2017-08-10T10:42:08.512Z","comments":true,"path":"api/articles/notes-from-behind-the-firewall-the-state-of-web-design-in-china.json","excerpt":null,"keywords":null,"cover":"https://ogjija9ft.qnssl.com/placeholder.png","content":null,"raw":null,"categories":[],"tags":[{"name":"翻译","path":"api/tags/翻译.json"},{"name":"Web Design","path":"api/tags/Web Design.json"}]}]}