{"name":"WebAssembly","postlist":[{"title":"WebAssembly  初尝","slug":"build-your-first-thing-with-web-assembly","date":"2016-08-16T14:46:36.000Z","updated":"2017-08-10T10:42:08.508Z","comments":true,"path":"api/articles/build-your-first-thing-with-web-assembly.json","excerpt":null,"keywords":null,"cover":"https://ogjija9ft.qnssl.com/placeholder.png","content":null,"raw":null,"categories":[],"tags":[{"name":"翻译","path":"api/tags/翻译.json"},{"name":"JavaScript","path":"api/tags/JavaScript.json"},{"name":"WebAssembly","path":"api/tags/WebAssembly.json"}]}]}