{"name":"WebSocket","postlist":[{"title":"No WebSockets Over HTTP2","slug":"no-websockets-over-http2","date":"2016-06-24T00:00:00.000Z","updated":"2017-08-10T10:42:08.512Z","comments":true,"path":"api/articles/no-websockets-over-http2.json","excerpt":null,"keywords":null,"cover":"https://ogjija9ft.qnssl.com/placeholder.png","content":null,"raw":null,"categories":[],"tags":[{"name":"翻译","path":"api/tags/翻译.json"},{"name":"HTTP2","path":"api/tags/HTTP2.json"},{"name":"WebSocket","path":"api/tags/WebSocket.json"}]}]}