{"name":"优化","postlist":[{"title":"Fetch 请求的本地缓存","slug":"cache-fetched-ajax-requests","date":"2016-08-27T21:07:42.000Z","updated":"2017-08-10T10:42:08.508Z","comments":true,"path":"api/articles/cache-fetched-ajax-requests.json","excerpt":null,"keywords":null,"cover":null,"content":null,"raw":null,"categories":[],"tags":[{"name":"翻译","path":"api/tags/翻译.json"},{"name":"JavaScript","path":"api/tags/JavaScript.json"},{"name":"优化","path":"api/tags/优化.json"},{"name":"缓存","path":"api/tags/缓存.json"}]}]}