{"name":"函数响应式编程","postlist":[{"title":"函数响应式编程 —— RxJS 简介","slug":"functional-programming","date":"2017-07-18T00:00:00.000Z","updated":"2017-08-10T10:42:08.508Z","comments":true,"path":"api/articles/functional-programming.json","excerpt":null,"keywords":null,"cover":null,"content":null,"raw":null,"categories":[],"tags":[{"name":"原创","path":"api/tags/原创.json"},{"name":"函数响应式编程","path":"api/tags/函数响应式编程.json"},{"name":"RxJS","path":"api/tags/RxJS.json"}]}]}