{"name":"函数式编程","postlist":[{"title":"JavaScript  与函数式编程","slug":"JavaScript-and-Functional-Programming","date":"2016-08-10T12:19:08.000Z","updated":"2017-08-10T10:42:08.508Z","comments":true,"path":"api/articles/JavaScript-and-Functional-Programming.json","excerpt":null,"keywords":null,"cover":null,"content":null,"raw":null,"categories":[],"tags":[{"name":"翻译","path":"api/tags/翻译.json"},{"name":"函数式编程","path":"api/tags/函数式编程.json"},{"name":"JavaScript","path":"api/tags/JavaScript.json"}]},{"title":"函数式 TypeScript","slug":"functional-refactor-typescript","date":"2016-09-28T21:46:46.000Z","updated":"2017-08-10T10:42:08.508Z","comments":true,"path":"api/articles/functional-refactor-typescript.json","excerpt":null,"keywords":null,"cover":"https://ogjija9ft.qnssl.com/placeholder.png","content":null,"raw":null,"categories":[],"tags":[{"name":"翻译","path":"api/tags/翻译.json"},{"name":"函数式编程","path":"api/tags/函数式编程.json"},{"name":"TypeScript","path":"api/tags/TypeScript.json"}]}]}