{"name":"前端优化","postlist":[{"title":"WebP 支持：超乎你想象","slug":"webp-support","date":"2016-07-18T21:26:22.000Z","updated":"2017-08-10T10:42:08.512Z","comments":true,"path":"api/articles/webp-support.json","excerpt":null,"keywords":null,"cover":"https://ogjija9ft.qnssl.com/placeholder.png","content":null,"raw":null,"categories":[],"tags":[{"name":"翻译","path":"api/tags/翻译.json"},{"name":"Webp","path":"api/tags/Webp.json"},{"name":"前端优化","path":"api/tags/前端优化.json"}]}]}