{"name":"单元测试","postlist":[{"title":"自动化、跨浏览器的 JavaScript 单元测试","slug":"set-up-automated-cross-browser-javascript-unit-testing","date":"2016-08-15T15:52:45.000Z","updated":"2017-08-10T10:42:08.512Z","comments":true,"path":"api/articles/set-up-automated-cross-browser-javascript-unit-testing.json","excerpt":null,"keywords":null,"cover":null,"content":null,"raw":null,"categories":[],"tags":[{"name":"翻译","path":"api/tags/翻译.json"},{"name":"测试","path":"api/tags/测试.json"},{"name":"单元测试","path":"api/tags/单元测试.json"}]},{"title":"测试驱动开发：使用 Node.js 和 MongoDB 构建 Todo API","slug":"todo-api-with-unit-test","date":"2016-07-04T00:00:00.000Z","updated":"2017-08-10T10:42:08.512Z","comments":true,"path":"api/articles/todo-api-with-unit-test.json","excerpt":null,"keywords":null,"cover":"https://ogjija9ft.qnssl.com/placeholder.png","content":null,"raw":null,"categories":[],"tags":[{"name":"翻译","path":"api/tags/翻译.json"},{"name":"Node.js","path":"api/tags/Node.js.json"},{"name":"测试","path":"api/tags/测试.json"},{"name":"单元测试","path":"api/tags/单元测试.json"}]}]}