{"name":"原创","postlist":[{"title":"2016 年 10 月 27 日阅读笔记","slug":"20161027-reading","date":"2016-10-27T00:00:00.000Z","updated":"2017-08-10T10:42:08.504Z","comments":true,"path":"api/articles/20161027-reading.json","excerpt":null,"keywords":null,"cover":null,"content":null,"raw":null,"categories":[],"tags":[{"name":"阅读","path":"api/tags/阅读.json"},{"name":"原创","path":"api/tags/原创.json"}]},{"title":"周末闲谈","slug":"2017-02-26-post","date":"2017-02-26T00:00:00.000Z","updated":"2017-08-10T10:42:08.508Z","comments":true,"path":"api/articles/2017-02-26-post.json","excerpt":null,"keywords":null,"cover":"https://ogjija9ft.qnssl.com/placeholder.png","content":null,"raw":null,"categories":[],"tags":[{"name":"原创","path":"api/tags/原创.json"},{"name":"随笔","path":"api/tags/随笔.json"}]},{"title":"周末闲谈","slug":"2017-03-12-post","date":"2017-03-12T00:00:00.000Z","updated":"2017-08-10T10:42:08.508Z","comments":true,"path":"api/articles/2017-03-12-post.json","excerpt":null,"keywords":null,"cover":null,"content":null,"raw":null,"categories":[],"tags":[{"name":"原创","path":"api/tags/原创.json"},{"name":"随笔","path":"api/tags/随笔.json"}]},{"title":"Node.js .Sh Scripts Manager","slug":"Node.js-sh-scripts-Manager","date":"2016-07-12T00:00:00.000Z","updated":"2017-08-10T10:42:08.508Z","comments":true,"path":"api/articles/Node.js-sh-scripts-Manager.json","excerpt":null,"keywords":null,"cover":null,"content":null,"raw":null,"categories":[],"tags":[{"name":"原创","path":"api/tags/原创.json"},{"name":"Node.js","path":"api/tags/Node.js.json"},{"name":"命令行工具","path":"api/tags/命令行工具.json"}]},{"title":"关于移动端 Rem 布局的一些总结","slug":"about-rem-layout","date":"2015-08-31T00:00:00.000Z","updated":"2017-08-10T10:42:08.508Z","comments":true,"path":"api/articles/about-rem-layout.json","excerpt":null,"keywords":null,"cover":"https://ogjija9ft.qnssl.com/placeholder.png","content":null,"raw":null,"categories":[],"tags":[{"name":"原创","path":"api/tags/原创.json"},{"name":"rem","path":"api/tags/rem.json"}]},{"title":"前端界面 Modal 的控制","slug":"accessible-modal","date":"2016-12-02T20:38:23.000Z","updated":"2017-08-10T10:42:08.508Z","comments":true,"path":"api/articles/accessible-modal.json","excerpt":null,"keywords":null,"cover":"https://ogjija9ft.qnssl.com/placeholder.png","content":null,"raw":null,"categories":[],"tags":[{"name":"原创","path":"api/tags/原创.json"},{"name":"JavaScript","path":"api/tags/JavaScript.json"},{"name":"用户体验","path":"api/tags/用户体验.json"}]},{"title":"算法学习：冒泡排序","slug":"algo-bubble-sort","date":"2016-11-09T00:00:00.000Z","updated":"2017-08-10T10:42:08.508Z","comments":true,"path":"api/articles/algo-bubble-sort.json","excerpt":null,"keywords":null,"cover":null,"content":null,"raw":null,"categories":[],"tags":[{"name":"原创","path":"api/tags/原创.json"},{"name":"JavaScript","path":"api/tags/JavaScript.json"},{"name":"算法","path":"api/tags/算法.json"}]},{"title":"算法学习：选择排序","slug":"algo-selection-sort","date":"2016-11-06T00:00:00.000Z","updated":"2017-08-10T10:42:08.508Z","comments":true,"path":"api/articles/algo-selection-sort.json","excerpt":null,"keywords":null,"cover":null,"content":null,"raw":null,"categories":[],"tags":[{"name":"原创","path":"api/tags/原创.json"},{"name":"JavaScript","path":"api/tags/JavaScript.json"},{"name":"算法","path":"api/tags/算法.json"}]},{"title":"算法学习：插入排序","slug":"algo-insertion-sort","date":"2016-11-02T00:00:00.000Z","updated":"2017-08-10T10:42:08.508Z","comments":true,"path":"api/articles/algo-insertion-sort.json","excerpt":null,"keywords":null,"cover":null,"content":null,"raw":null,"categories":[],"tags":[{"name":"原创","path":"api/tags/原创.json"},{"name":"JavaScript","path":"api/tags/JavaScript.json"},{"name":"算法","path":"api/tags/算法.json"}]},{"title":"React-Native 开发 App 手记","slug":"app-with-react-native","date":"2016-04-22T00:00:00.000Z","updated":"2017-08-10T10:42:08.508Z","comments":true,"path":"api/articles/app-with-react-native.json","excerpt":null,"keywords":null,"cover":null,"content":null,"raw":null,"categories":[],"tags":[{"name":"原创","path":"api/tags/原创.json"},{"name":"react-native","path":"api/tags/react-native.json"},{"name":"开发心得","path":"api/tags/开发心得.json"}]},{"title":"聊聊 JavaScript Date 对象","slug":"date-in-javascript","date":"2016-08-31T12:05:45.000Z","updated":"2017-08-10T10:42:08.508Z","comments":true,"path":"api/articles/date-in-javascript.json","excerpt":null,"keywords":null,"cover":"https://ogjija9ft.qnssl.com/placeholder.png","content":null,"raw":null,"categories":[],"tags":[{"name":"原创","path":"api/tags/原创.json"},{"name":"JavaScript","path":"api/tags/JavaScript.json"}]},{"title":"ArrayBuffer and TypedArray in ES2015","slug":"es2015-arraybuffer","date":"2017-08-10T00:00:00.000Z","updated":"2017-08-10T10:42:08.508Z","comments":true,"path":"api/articles/es2015-arraybuffer.json","excerpt":null,"keywords":null,"cover":null,"content":null,"raw":null,"categories":[],"tags":[{"name":"原创","path":"api/tags/原创.json"},{"name":"ES2015","path":"api/tags/ES2015.json"},{"name":"Reflect","path":"api/tags/Reflect.json"},{"name":"Proxy","path":"api/tags/Proxy.json"}]},{"title":"ES2015 Reflection API","slug":"es2015-reflect","date":"2017-06-26T00:00:00.000Z","updated":"2017-08-10T10:42:08.508Z","comments":true,"path":"api/articles/es2015-reflect.json","excerpt":null,"keywords":null,"cover":null,"content":null,"raw":null,"categories":[],"tags":[{"name":"原创","path":"api/tags/原创.json"},{"name":"ES2015","path":"api/tags/ES2015.json"},{"name":"Reflect","path":"api/tags/Reflect.json"},{"name":"Proxy","path":"api/tags/Proxy.json"}]},{"title":"快来上钩哈哈哈","slug":"fishing-for-spider","date":"2016-11-13T00:00:00.000Z","updated":"2017-08-10T10:42:08.508Z","comments":true,"path":"api/articles/fishing-for-spider.json","excerpt":null,"keywords":null,"cover":"https://ogjija9ft.qnssl.com/placeholder.png","content":null,"raw":null,"categories":[],"tags":[{"name":"原创","path":"api/tags/原创.json"}]},{"title":"函数响应式编程 —— RxJS 简介","slug":"functional-programming","date":"2017-07-18T00:00:00.000Z","updated":"2017-08-10T10:42:08.508Z","comments":true,"path":"api/articles/functional-programming.json","excerpt":null,"keywords":null,"cover":null,"content":null,"raw":null,"categories":[],"tags":[{"name":"原创","path":"api/tags/原创.json"},{"name":"函数响应式编程","path":"api/tags/函数响应式编程.json"},{"name":"RxJS","path":"api/tags/RxJS.json"}]},{"title":"关于前端常见算法面试题的一些思考","slug":"front-end-interview-algo-questions","date":"2016-10-26T00:00:00.000Z","updated":"2017-08-10T10:42:08.508Z","comments":true,"path":"api/articles/front-end-interview-algo-questions.json","excerpt":null,"keywords":null,"cover":null,"content":null,"raw":null,"categories":[],"tags":[{"name":"原创","path":"api/tags/原创.json"},{"name":"JavaScript","path":"api/tags/JavaScript.json"},{"name":"算法","path":"api/tags/算法.json"}]},{"title":"笔记：如何获取网站根域名","slug":"get-root-domain-of-a-site","date":"2017-04-26T00:00:00.000Z","updated":"2017-08-10T10:42:08.508Z","comments":true,"path":"api/articles/get-root-domain-of-a-site.json","excerpt":null,"keywords":null,"cover":"https://ogjija9ft.qnssl.com/placeholder.png","content":null,"raw":null,"categories":[],"tags":[{"name":"原创","path":"api/tags/原创.json"},{"name":"JavaScript","path":"api/tags/JavaScript.json"},{"name":"开发心得","path":"api/tags/开发心得.json"}]},{"title":"笔记：IE 下透明度问题","slug":"ie-filter","date":"2016-11-14T11:11:11.000Z","updated":"2017-08-10T10:42:08.508Z","comments":true,"path":"api/articles/ie-filter.json","excerpt":null,"keywords":null,"cover":"https://ogjija9ft.qnssl.com/placeholder.png","content":null,"raw":null,"categories":[],"tags":[{"name":"原创","path":"api/tags/原创.json"},{"name":"CSS","path":"api/tags/CSS.json"}]},{"title":"关于JavaScript 函数传参","slug":"javascript-argument","date":"2016-06-26T00:00:00.000Z","updated":"2017-08-10T10:42:08.508Z","comments":true,"path":"api/articles/javascript-argument.json","excerpt":null,"keywords":null,"cover":"https://ogjija9ft.qnssl.com/placeholder.png","content":null,"raw":null,"categories":[],"tags":[{"name":"原创","path":"api/tags/原创.json"},{"name":"JavaScript","path":"api/tags/JavaScript.json"},{"name":"Node.js","path":"api/tags/Node.js.json"}]},{"title":"JavaScript Weekly 306 阅读笔记","slug":"javascript-weekly-306-notes","date":"2016-10-21T00:00:00.000Z","updated":"2017-08-10T10:42:08.508Z","comments":true,"path":"api/articles/javascript-weekly-306-notes.json","excerpt":null,"keywords":null,"cover":null,"content":null,"raw":null,"categories":[],"tags":[{"name":"原创","path":"api/tags/原创.json"},{"name":"阅读笔记","path":"api/tags/阅读笔记.json"},{"name":"Angular 2","path":"api/tags/Angular 2.json"}]},{"title":"异步场景下的 Js 编程","slug":"js-promise-slides","date":"2016-01-05T09:41:51.000Z","updated":"2017-08-10T10:42:08.508Z","comments":true,"path":"api/articles/js-promise-slides.json","excerpt":null,"keywords":null,"cover":null,"content":null,"raw":null,"categories":[],"tags":[{"name":"原创","path":"api/tags/原创.json"},{"name":"Promise","path":"api/tags/Promise.json"},{"name":"slides","path":"api/tags/slides.json"}]},{"title":"JavaScript Weekly 307 阅读笔记","slug":"javascript-weekly-307","date":"2016-10-28T00:00:00.000Z","updated":"2017-08-10T10:42:08.508Z","comments":true,"path":"api/articles/javascript-weekly-307.json","excerpt":null,"keywords":null,"cover":null,"content":null,"raw":null,"categories":[],"tags":[{"name":"原创","path":"api/tags/原创.json"},{"name":"JavaScript","path":"api/tags/JavaScript.json"},{"name":"阅读笔记","path":"api/tags/阅读笔记.json"}]},{"title":"使用 jQuery.ajax 上传带文件的表单","slug":"jquery-ajax-formdata","date":"2016-10-29T00:00:00.000Z","updated":"2017-08-10T10:42:08.508Z","comments":true,"path":"api/articles/jquery-ajax-formdata.json","excerpt":null,"keywords":null,"cover":"https://ogjija9ft.qnssl.com/placeholder.png","content":null,"raw":null,"categories":[],"tags":[{"name":"原创","path":"api/tags/原创.json"},{"name":"JavaScript","path":"api/tags/JavaScript.json"},{"name":"jQuery","path":"api/tags/jQuery.json"}]},{"title":"关于 setImmediate","slug":"js-set-immediate","date":"2016-10-27T00:00:00.000Z","updated":"2017-08-10T10:42:08.512Z","comments":true,"path":"api/articles/js-set-immediate.json","excerpt":null,"keywords":null,"cover":null,"content":null,"raw":null,"categories":[],"tags":[{"name":"原创","path":"api/tags/原创.json"},{"name":"JavaScript","path":"api/tags/JavaScript.json"}]},{"title":"Chrome 中的 “Tab to Search” 与 Open Search","slug":"opensearch","date":"2017-05-08T11:28:59.000Z","updated":"2017-08-10T10:42:08.512Z","comments":true,"path":"api/articles/opensearch.json","excerpt":null,"keywords":null,"cover":"https://ogjija9ft.qnssl.com/placeholder.png","content":null,"raw":null,"categories":[],"tags":[{"name":"原创","path":"api/tags/原创.json"},{"name":"技巧","path":"api/tags/技巧.json"}]},{"title":"近来在Firefox上遇到的一些坑","slug":"problems-with-firefox","date":"2016-03-12T00:00:00.000Z","updated":"2017-08-10T10:42:08.512Z","comments":true,"path":"api/articles/problems-with-firefox.json","excerpt":null,"keywords":null,"cover":null,"content":null,"raw":null,"categories":[],"tags":[{"name":"原创","path":"api/tags/原创.json"},{"name":"开发心得","path":"api/tags/开发心得.json"}]},{"title":"Angular 2 中的 HTTP 请求超时处理","slug":"rxjs-http-timeout","date":"2017-01-16T11:31:45.000Z","updated":"2017-08-10T10:42:08.512Z","comments":true,"path":"api/articles/rxjs-http-timeout.json","excerpt":null,"keywords":null,"cover":null,"content":null,"raw":null,"categories":[],"tags":[{"name":"原创","path":"api/tags/原创.json"},{"name":"RxJS","path":"api/tags/RxJS.json"},{"name":"Angular 2","path":"api/tags/Angular 2.json"},{"name":"笔记","path":"api/tags/笔记.json"}]},{"title":"Chrome和Firefox下的网页截图","slug":"screen-shot-upload","date":"2016-03-11T00:00:00.000Z","updated":"2017-08-10T10:42:08.512Z","comments":true,"path":"api/articles/screen-shot-upload.json","excerpt":null,"keywords":null,"cover":"https://ogjija9ft.qnssl.com/placeholder.png","content":null,"raw":null,"categories":[],"tags":[{"name":"原创","path":"api/tags/原创.json"},{"name":"JavaScript","path":"api/tags/JavaScript.json"},{"name":"Angular.js","path":"api/tags/Angular.js.json"},{"name":"网页截图","path":"api/tags/网页截图.json"}]},{"title":"使用 Ava 和 Jsdom 测试前端界面","slug":"test-with-ava-jsdom","date":"2016-06-29T00:00:00.000Z","updated":"2017-08-10T10:42:08.512Z","comments":true,"path":"api/articles/test-with-ava-jsdom.json","excerpt":null,"keywords":null,"cover":null,"content":null,"raw":null,"categories":[],"tags":[{"name":"原创","path":"api/tags/原创.json"},{"name":"JavaScript","path":"api/tags/JavaScript.json"},{"name":"测试","path":"api/tags/测试.json"}]},{"title":"关于时序攻击","slug":"timing-atack","date":"2017-01-16T00:00:00.000Z","updated":"2017-08-10T10:42:08.512Z","comments":true,"path":"api/articles/timing-atack.json","excerpt":null,"keywords":null,"cover":"https://ogjija9ft.qnssl.com/placeholder.png","content":null,"raw":null,"categories":[],"tags":[{"name":"原创","path":"api/tags/原创.json"},{"name":"笔记","path":"api/tags/笔记.json"},{"name":"安全","path":"api/tags/安全.json"}]},{"title":"笔记：TypeScript 中引用全局变量","slug":"ts-note-on-global-reference","date":"2016-09-08T13:42:47.000Z","updated":"2017-08-10T10:42:08.512Z","comments":true,"path":"api/articles/ts-note-on-global-reference.json","excerpt":null,"keywords":null,"cover":null,"content":null,"raw":null,"categories":[],"tags":[{"name":"原创","path":"api/tags/原创.json"},{"name":"TypeScript","path":"api/tags/TypeScript.json"}]},{"title":"笔记：Velocity 2016 第二天","slug":"velocity-2016-day-2","date":"2016-12-02T19:53:51.000Z","updated":"2017-08-10T10:42:08.512Z","comments":true,"path":"api/articles/velocity-2016-day-2.json","excerpt":null,"keywords":null,"cover":null,"content":null,"raw":null,"categories":[],"tags":[{"name":"原创","path":"api/tags/原创.json"},{"name":"笔记","path":"api/tags/笔记.json"}]},{"title":"笔记：Velocity 2016 第一天","slug":"velocity-2016-note-1","date":"2016-12-01T22:11:38.000Z","updated":"2017-08-10T10:42:08.512Z","comments":true,"path":"api/articles/velocity-2016-note-1.json","excerpt":null,"keywords":null,"cover":null,"content":null,"raw":null,"categories":[],"tags":[{"name":"原创","path":"api/tags/原创.json"},{"name":"笔记","path":"api/tags/笔记.json"}]},{"title":"记一种水平垂直居中的办法","slug":"vh-center-layout","date":"2015-04-29T00:00:00.000Z","updated":"2017-08-10T10:42:08.512Z","comments":true,"path":"api/articles/vh-center-layout.json","excerpt":null,"keywords":null,"cover":"https://ogjija9ft.qnssl.com/placeholder.png","content":null,"raw":null,"categories":[],"tags":[{"name":"原创","path":"api/tags/原创.json"},{"name":"CSS","path":"api/tags/CSS.json"}]},{"title":"判断资源并行加载完成的三种办法：计数、Promise及 $.Deferred","slug":"when-are-all-resources-all-loaded","date":"2016-07-04T00:00:00.000Z","updated":"2017-08-10T10:42:08.512Z","comments":true,"path":"api/articles/when-are-all-resources-all-loaded.json","excerpt":null,"keywords":null,"cover":null,"content":null,"raw":null,"categories":[],"tags":[{"name":"原创","path":"api/tags/原创.json"},{"name":"JavaScript","path":"api/tags/JavaScript.json"},{"name":"开发心得","path":"api/tags/开发心得.json"},{"name":"Promise","path":"api/tags/Promise.json"}]},{"title":"某度 2014 年秋招前端笔试","slug":"xdu-campus-recruitment-2014","date":"2014-09-21T00:00:00.000Z","updated":"2017-08-10T10:42:08.512Z","comments":true,"path":"api/articles/xdu-campus-recruitment-2014.json","excerpt":null,"keywords":null,"cover":null,"content":null,"raw":null,"categories":[],"tags":[{"name":"原创","path":"api/tags/原创.json"},{"name":"面试","path":"api/tags/面试.json"}]},{"title":"某易 2014 校招面试总结","slug":"xease-campus-2014-note","date":"2014-09-24T00:00:00.000Z","updated":"2017-08-10T10:42:08.512Z","comments":true,"path":"api/articles/xease-campus-2014-note.json","excerpt":null,"keywords":null,"cover":null,"content":null,"raw":null,"categories":[],"tags":[{"name":"原创","path":"api/tags/原创.json"},{"name":"面试","path":"api/tags/面试.json"}]}]}