{"name":"可用性","postlist":[{"title":"渐进增强的键盘导航","slug":"better-keyboard-navigation-with-progressive-enhancement","date":"2016-08-30T15:15:46.000Z","updated":"2017-08-10T10:42:08.508Z","comments":true,"path":"api/articles/better-keyboard-navigation-with-progressive-enhancement.json","excerpt":null,"keywords":null,"cover":"https://ogjija9ft.qnssl.com/placeholder.png","content":null,"raw":null,"categories":[],"tags":[{"name":"翻译","path":"api/tags/翻译.json"},{"name":"用户体验","path":"api/tags/用户体验.json"},{"name":"可用性","path":"api/tags/可用性.json"}]}]}