{"name":"命令行工具","postlist":[{"title":"Node.js .Sh Scripts Manager","slug":"Node.js-sh-scripts-Manager","date":"2016-07-12T00:00:00.000Z","updated":"2017-08-10T10:42:08.508Z","comments":true,"path":"api/articles/Node.js-sh-scripts-Manager.json","excerpt":null,"keywords":null,"cover":null,"content":null,"raw":null,"categories":[],"tags":[{"name":"原创","path":"api/tags/原创.json"},{"name":"Node.js","path":"api/tags/Node.js.json"},{"name":"命令行工具","path":"api/tags/命令行工具.json"}]}]}