{"name":"安全","postlist":[{"title":"关于时序攻击","slug":"timing-atack","date":"2017-01-16T00:00:00.000Z","updated":"2017-08-10T10:42:08.512Z","comments":true,"path":"api/articles/timing-atack.json","excerpt":null,"keywords":null,"cover":"https://ogjija9ft.qnssl.com/placeholder.png","content":null,"raw":null,"categories":[],"tags":[{"name":"原创","path":"api/tags/原创.json"},{"name":"笔记","path":"api/tags/笔记.json"},{"name":"安全","path":"api/tags/安全.json"}]},{"title":"Web 安全清单","slug":"web-developer-security-checklist","date":"2017-05-22T00:00:00.000Z","updated":"2017-08-10T10:42:08.512Z","comments":true,"path":"api/articles/web-developer-security-checklist.json","excerpt":null,"keywords":null,"cover":null,"content":null,"raw":null,"categories":[],"tags":[{"name":"翻译","path":"api/tags/翻译.json"},{"name":"安全","path":"api/tags/安全.json"}]}]}