{"name":"开发心得","postlist":[{"title":"React-Native 开发 App 手记","slug":"app-with-react-native","date":"2016-04-22T00:00:00.000Z","updated":"2017-08-10T10:42:08.508Z","comments":true,"path":"api/articles/app-with-react-native.json","excerpt":null,"keywords":null,"cover":null,"content":null,"raw":null,"categories":[],"tags":[{"name":"原创","path":"api/tags/原创.json"},{"name":"react-native","path":"api/tags/react-native.json"},{"name":"开发心得","path":"api/tags/开发心得.json"}]},{"title":"笔记：如何获取网站根域名","slug":"get-root-domain-of-a-site","date":"2017-04-26T00:00:00.000Z","updated":"2017-08-10T10:42:08.508Z","comments":true,"path":"api/articles/get-root-domain-of-a-site.json","excerpt":null,"keywords":null,"cover":"https://ogjija9ft.qnssl.com/placeholder.png","content":null,"raw":null,"categories":[],"tags":[{"name":"原创","path":"api/tags/原创.json"},{"name":"JavaScript","path":"api/tags/JavaScript.json"},{"name":"开发心得","path":"api/tags/开发心得.json"}]},{"title":"近来在Firefox上遇到的一些坑","slug":"problems-with-firefox","date":"2016-03-12T00:00:00.000Z","updated":"2017-08-10T10:42:08.512Z","comments":true,"path":"api/articles/problems-with-firefox.json","excerpt":null,"keywords":null,"cover":null,"content":null,"raw":null,"categories":[],"tags":[{"name":"原创","path":"api/tags/原创.json"},{"name":"开发心得","path":"api/tags/开发心得.json"}]},{"title":"判断资源并行加载完成的三种办法：计数、Promise及 $.Deferred","slug":"when-are-all-resources-all-loaded","date":"2016-07-04T00:00:00.000Z","updated":"2017-08-10T10:42:08.512Z","comments":true,"path":"api/articles/when-are-all-resources-all-loaded.json","excerpt":null,"keywords":null,"cover":null,"content":null,"raw":null,"categories":[],"tags":[{"name":"原创","path":"api/tags/原创.json"},{"name":"JavaScript","path":"api/tags/JavaScript.json"},{"name":"开发心得","path":"api/tags/开发心得.json"},{"name":"Promise","path":"api/tags/Promise.json"}]}]}