{"name":"性能","postlist":[{"title":"Font-Display 的使用","slug":"font-display","date":"2017-08-04T23:13:53.000Z","updated":"2017-08-10T10:42:08.508Z","comments":true,"path":"api/articles/font-display.json","excerpt":null,"keywords":null,"cover":null,"content":null,"raw":null,"categories":[],"tags":[{"name":"翻译","path":"api/tags/翻译.json"},{"name":"CSS","path":"api/tags/CSS.json"},{"name":"性能","path":"api/tags/性能.json"}]},{"title":"内容加速黑科技趣谈","slug":"fun-hacks-faster-content","date":"2017-04-28T00:00:00.000Z","updated":"2017-08-10T10:42:08.508Z","comments":true,"path":"api/articles/fun-hacks-faster-content.json","excerpt":null,"keywords":null,"cover":"https://ogjija9ft.qnssl.com/placeholder.png","content":null,"raw":null,"categories":[],"tags":[{"name":"翻译","path":"api/tags/翻译.json"},{"name":"JavaScript","path":"api/tags/JavaScript.json"},{"name":"性能","path":"api/tags/性能.json"}]}]}