{"name":"技术","postlist":[{"title":"盘点即将影响世界的九大创新","slug":"9-innovations-that-could-become-the-next-big-thing","date":"2016-07-18T11:26:22.000Z","updated":"2017-08-10T10:42:08.508Z","comments":true,"path":"api/articles/9-innovations-that-could-become-the-next-big-thing.json","excerpt":null,"keywords":null,"cover":"https://ogjija9ft.qnssl.com/placeholder.png","content":null,"raw":null,"categories":[],"tags":[{"name":"翻译","path":"api/tags/翻译.json"},{"name":"技术","path":"api/tags/技术.json"}]}]}