{"name":"数据绑定","postlist":[{"title":"手把手教你写一个 Javascript 框架：数据绑定","slug":"data-bind-dirty-checking","date":"2016-11-14T16:44:01.000Z","updated":"2017-08-10T10:42:08.508Z","comments":true,"path":"api/articles/data-bind-dirty-checking.json","excerpt":null,"keywords":null,"cover":"https://ogjija9ft.qnssl.com/placeholder.png","content":null,"raw":null,"categories":[],"tags":[{"name":"翻译","path":"api/tags/翻译.json"},{"name":"ES6","path":"api/tags/ES6.json"},{"name":"数据绑定","path":"api/tags/数据绑定.json"}]},{"title":"手把手教你写一个 Javascript 框架：使用 ES6 Proxy 实现数据绑定","slug":"es6-proxy-data-binding","date":"2016-11-14T16:44:01.000Z","updated":"2017-08-10T10:42:08.508Z","comments":true,"path":"api/articles/es6-proxy-data-binding.json","excerpt":null,"keywords":null,"cover":"https://ogjija9ft.qnssl.com/placeholder.png","content":null,"raw":null,"categories":[],"tags":[{"name":"翻译","path":"api/tags/翻译.json"},{"name":"ES6","path":"api/tags/ES6.json"},{"name":"数据绑定","path":"api/tags/数据绑定.json"}]}]}