{"name":"模块化","postlist":[{"title":"从发展历史理解 ES6 Module","slug":"understanding-es6-modules-via-their-history","date":"2016-07-22T15:16:30.000Z","updated":"2017-08-10T10:42:08.512Z","comments":true,"path":"api/articles/understanding-es6-modules-via-their-history.json","excerpt":null,"keywords":null,"cover":"https://ogjija9ft.qnssl.com/placeholder.png","content":null,"raw":null,"categories":[],"tags":[{"name":"翻译","path":"api/tags/翻译.json"},{"name":"JavaScript","path":"api/tags/JavaScript.json"},{"name":"ES6","path":"api/tags/ES6.json"},{"name":"模块化","path":"api/tags/模块化.json"}]}]}