{"name":"模拟器","postlist":[{"title":"移动开发中的仿真器与模拟器","slug":"how-do-mobile-emulators-even","date":"2016-07-19T16:21:41.000Z","updated":"2017-08-10T10:42:08.508Z","comments":true,"path":"api/articles/how-do-mobile-emulators-even.json","excerpt":null,"keywords":null,"cover":"https://ogjija9ft.qnssl.com/placeholder.png","content":null,"raw":null,"categories":[],"tags":[{"name":"翻译","path":"api/tags/翻译.json"},{"name":"移动开发","path":"api/tags/移动开发.json"},{"name":"模拟器","path":"api/tags/模拟器.json"}]}]}