{"name":"渐进式 Web App","postlist":[{"title":"渐进式 Web App 的离线存储","slug":"offline-storage-for-progressive-web-apps","date":"2016-08-18T18:04:13.000Z","updated":"2017-08-10T10:42:08.512Z","comments":true,"path":"api/articles/offline-storage-for-progressive-web-apps.json","excerpt":null,"keywords":null,"cover":"https://ogjija9ft.qnssl.com/placeholder.png","content":null,"raw":null,"categories":[],"tags":[{"name":"翻译","path":"api/tags/翻译.json"},{"name":"渐进式 Web App","path":"api/tags/渐进式 Web App.json"}]}]}