{"name":"用户体验","postlist":[{"title":"前端界面 Modal 的控制","slug":"accessible-modal","date":"2016-12-02T20:38:23.000Z","updated":"2017-08-10T10:42:08.508Z","comments":true,"path":"api/articles/accessible-modal.json","excerpt":null,"keywords":null,"cover":"https://ogjija9ft.qnssl.com/placeholder.png","content":null,"raw":null,"categories":[],"tags":[{"name":"原创","path":"api/tags/原创.json"},{"name":"JavaScript","path":"api/tags/JavaScript.json"},{"name":"用户体验","path":"api/tags/用户体验.json"}]},{"title":"渐进增强的键盘导航","slug":"better-keyboard-navigation-with-progressive-enhancement","date":"2016-08-30T15:15:46.000Z","updated":"2017-08-10T10:42:08.508Z","comments":true,"path":"api/articles/better-keyboard-navigation-with-progressive-enhancement.json","excerpt":null,"keywords":null,"cover":"https://ogjija9ft.qnssl.com/placeholder.png","content":null,"raw":null,"categories":[],"tags":[{"name":"翻译","path":"api/tags/翻译.json"},{"name":"用户体验","path":"api/tags/用户体验.json"},{"name":"可用性","path":"api/tags/可用性.json"}]},{"title":"eBay：style & Speed","slug":"browse-ebay-with-style-and-speed-ebay","date":"2016-07-27T15:47:19.000Z","updated":"2017-08-10T10:42:08.508Z","comments":true,"path":"api/articles/browse-ebay-with-style-and-speed-ebay.json","excerpt":null,"keywords":null,"cover":null,"content":null,"raw":null,"categories":[],"tags":[{"name":"翻译","path":"api/tags/翻译.json"},{"name":"用户体验","path":"api/tags/用户体验.json"},{"name":"AMP","path":"api/tags/AMP.json"}]},{"title":"无限滚动加载最佳实践","slug":"infinite-scrolling-best-practices","date":"2016-06-27T00:00:00.000Z","updated":"2017-08-10T10:42:08.508Z","comments":true,"path":"api/articles/infinite-scrolling-best-practices.json","excerpt":null,"keywords":null,"cover":"https://ogjija9ft.qnssl.com/placeholder.png","content":null,"raw":null,"categories":[],"tags":[{"name":"翻译","path":"api/tags/翻译.json"},{"name":"JavaScript","path":"api/tags/JavaScript.json"},{"name":"用户体验","path":"api/tags/用户体验.json"}]}]}