{"name":"移动开发","postlist":[{"title":"Hybrid or Native： 适合工作的才是最好的","slug":"hybrid-or-native-mobile-app-use-the-right-tool-for-the-job","date":"2016-07-15T14:24:37.000Z","updated":"2017-08-10T10:42:08.508Z","comments":true,"path":"api/articles/hybrid-or-native-mobile-app-use-the-right-tool-for-the-job.json","excerpt":null,"keywords":null,"cover":"https://ogjija9ft.qnssl.com/placeholder.png","content":null,"raw":null,"categories":[],"tags":[{"name":"翻译","path":"api/tags/翻译.json"},{"name":"移动开发","path":"api/tags/移动开发.json"},{"name":"Hybrid App","path":"api/tags/Hybrid App.json"}]},{"title":"移动开发中的仿真器与模拟器","slug":"how-do-mobile-emulators-even","date":"2016-07-19T16:21:41.000Z","updated":"2017-08-10T10:42:08.508Z","comments":true,"path":"api/articles/how-do-mobile-emulators-even.json","excerpt":null,"keywords":null,"cover":"https://ogjija9ft.qnssl.com/placeholder.png","content":null,"raw":null,"categories":[],"tags":[{"name":"翻译","path":"api/tags/翻译.json"},{"name":"移动开发","path":"api/tags/移动开发.json"},{"name":"模拟器","path":"api/tags/模拟器.json"}]}]}