{"name":"笔记","postlist":[{"title":"Angular 2 中的 HTTP 请求超时处理","slug":"rxjs-http-timeout","date":"2017-01-16T11:31:45.000Z","updated":"2017-08-10T10:42:08.512Z","comments":true,"path":"api/articles/rxjs-http-timeout.json","excerpt":null,"keywords":null,"cover":null,"content":null,"raw":null,"categories":[],"tags":[{"name":"原创","path":"api/tags/原创.json"},{"name":"RxJS","path":"api/tags/RxJS.json"},{"name":"Angular 2","path":"api/tags/Angular 2.json"},{"name":"笔记","path":"api/tags/笔记.json"}]},{"title":"关于时序攻击","slug":"timing-atack","date":"2017-01-16T00:00:00.000Z","updated":"2017-08-10T10:42:08.512Z","comments":true,"path":"api/articles/timing-atack.json","excerpt":null,"keywords":null,"cover":"https://ogjija9ft.qnssl.com/placeholder.png","content":null,"raw":null,"categories":[],"tags":[{"name":"原创","path":"api/tags/原创.json"},{"name":"笔记","path":"api/tags/笔记.json"},{"name":"安全","path":"api/tags/安全.json"}]},{"title":"笔记：Velocity 2016 第二天","slug":"velocity-2016-day-2","date":"2016-12-02T19:53:51.000Z","updated":"2017-08-10T10:42:08.512Z","comments":true,"path":"api/articles/velocity-2016-day-2.json","excerpt":null,"keywords":null,"cover":null,"content":null,"raw":null,"categories":[],"tags":[{"name":"原创","path":"api/tags/原创.json"},{"name":"笔记","path":"api/tags/笔记.json"}]},{"title":"笔记：Velocity 2016 第一天","slug":"velocity-2016-note-1","date":"2016-12-01T22:11:38.000Z","updated":"2017-08-10T10:42:08.512Z","comments":true,"path":"api/articles/velocity-2016-note-1.json","excerpt":null,"keywords":null,"cover":null,"content":null,"raw":null,"categories":[],"tags":[{"name":"原创","path":"api/tags/原创.json"},{"name":"笔记","path":"api/tags/笔记.json"}]}]}