{"name":"算法","postlist":[{"title":"算法学习：冒泡排序","slug":"algo-bubble-sort","date":"2016-11-09T00:00:00.000Z","updated":"2017-08-10T10:42:08.508Z","comments":true,"path":"api/articles/algo-bubble-sort.json","excerpt":null,"keywords":null,"cover":null,"content":null,"raw":null,"categories":[],"tags":[{"name":"原创","path":"api/tags/原创.json"},{"name":"JavaScript","path":"api/tags/JavaScript.json"},{"name":"算法","path":"api/tags/算法.json"}]},{"title":"算法学习：选择排序","slug":"algo-selection-sort","date":"2016-11-06T00:00:00.000Z","updated":"2017-08-10T10:42:08.508Z","comments":true,"path":"api/articles/algo-selection-sort.json","excerpt":null,"keywords":null,"cover":null,"content":null,"raw":null,"categories":[],"tags":[{"name":"原创","path":"api/tags/原创.json"},{"name":"JavaScript","path":"api/tags/JavaScript.json"},{"name":"算法","path":"api/tags/算法.json"}]},{"title":"算法学习：插入排序","slug":"algo-insertion-sort","date":"2016-11-02T00:00:00.000Z","updated":"2017-08-10T10:42:08.508Z","comments":true,"path":"api/articles/algo-insertion-sort.json","excerpt":null,"keywords":null,"cover":null,"content":null,"raw":null,"categories":[],"tags":[{"name":"原创","path":"api/tags/原创.json"},{"name":"JavaScript","path":"api/tags/JavaScript.json"},{"name":"算法","path":"api/tags/算法.json"}]},{"title":"关于前端常见算法面试题的一些思考","slug":"front-end-interview-algo-questions","date":"2016-10-26T00:00:00.000Z","updated":"2017-08-10T10:42:08.508Z","comments":true,"path":"api/articles/front-end-interview-algo-questions.json","excerpt":null,"keywords":null,"cover":null,"content":null,"raw":null,"categories":[],"tags":[{"name":"原创","path":"api/tags/原创.json"},{"name":"JavaScript","path":"api/tags/JavaScript.json"},{"name":"算法","path":"api/tags/算法.json"}]}]}