{"name":"翻译","postlist":[{"title":"盘点即将影响世界的九大创新","slug":"9-innovations-that-could-become-the-next-big-thing","date":"2016-07-18T11:26:22.000Z","updated":"2017-08-10T10:42:08.508Z","comments":true,"path":"api/articles/9-innovations-that-could-become-the-next-big-thing.json","excerpt":null,"keywords":null,"cover":"https://ogjija9ft.qnssl.com/placeholder.png","content":null,"raw":null,"categories":[],"tags":[{"name":"翻译","path":"api/tags/翻译.json"},{"name":"技术","path":"api/tags/技术.json"}]},{"title":"JavaScript  与函数式编程","slug":"JavaScript-and-Functional-Programming","date":"2016-08-10T12:19:08.000Z","updated":"2017-08-10T10:42:08.508Z","comments":true,"path":"api/articles/JavaScript-and-Functional-Programming.json","excerpt":null,"keywords":null,"cover":null,"content":null,"raw":null,"categories":[],"tags":[{"name":"翻译","path":"api/tags/翻译.json"},{"name":"函数式编程","path":"api/tags/函数式编程.json"},{"name":"JavaScript","path":"api/tags/JavaScript.json"}]},{"title":"React 中的 AJAX 请求：获取数据的方法与时机","slug":"ajax-requests-in-react","date":"2016-12-07T23:43:23.000Z","updated":"2017-08-10T10:42:08.508Z","comments":true,"path":"api/articles/ajax-requests-in-react.json","excerpt":null,"keywords":null,"cover":null,"content":null,"raw":null,"categories":[],"tags":[{"name":"翻译","path":"api/tags/翻译.json"},{"name":"React","path":"api/tags/React.json"}]},{"title":"给 Service Worker 开后门","slug":"backdoor-service-worker","date":"2016-07-13T00:00:00.000Z","updated":"2017-08-10T10:42:08.508Z","comments":true,"path":"api/articles/backdoor-service-worker.json","excerpt":null,"keywords":null,"cover":null,"content":null,"raw":null,"categories":[],"tags":[{"name":"翻译","path":"api/tags/翻译.json"},{"name":"Service Worker","path":"api/tags/Service Worker.json"}]},{"title":"HTTP 推送","slug":"being-pushy","date":"2016-09-02T18:31:13.000Z","updated":"2017-08-10T10:42:08.508Z","comments":true,"path":"api/articles/being-pushy.json","excerpt":null,"keywords":null,"cover":"https://ogjija9ft.qnssl.com/placeholder.png","content":null,"raw":null,"categories":[],"tags":[{"name":"翻译","path":"api/tags/翻译.json"},{"name":"HTTP2","path":"api/tags/HTTP2.json"},{"name":"Server Push","path":"api/tags/Server Push.json"}]},{"title":"渐进增强的键盘导航","slug":"better-keyboard-navigation-with-progressive-enhancement","date":"2016-08-30T15:15:46.000Z","updated":"2017-08-10T10:42:08.508Z","comments":true,"path":"api/articles/better-keyboard-navigation-with-progressive-enhancement.json","excerpt":null,"keywords":null,"cover":"https://ogjija9ft.qnssl.com/placeholder.png","content":null,"raw":null,"categories":[],"tags":[{"name":"翻译","path":"api/tags/翻译.json"},{"name":"用户体验","path":"api/tags/用户体验.json"},{"name":"可用性","path":"api/tags/可用性.json"}]},{"title":"WebAssembly  初尝","slug":"build-your-first-thing-with-web-assembly","date":"2016-08-16T14:46:36.000Z","updated":"2017-08-10T10:42:08.508Z","comments":true,"path":"api/articles/build-your-first-thing-with-web-assembly.json","excerpt":null,"keywords":null,"cover":"https://ogjija9ft.qnssl.com/placeholder.png","content":null,"raw":null,"categories":[],"tags":[{"name":"翻译","path":"api/tags/翻译.json"},{"name":"JavaScript","path":"api/tags/JavaScript.json"},{"name":"WebAssembly","path":"api/tags/WebAssembly.json"}]},{"title":"eBay：style & Speed","slug":"browse-ebay-with-style-and-speed-ebay","date":"2016-07-27T15:47:19.000Z","updated":"2017-08-10T10:42:08.508Z","comments":true,"path":"api/articles/browse-ebay-with-style-and-speed-ebay.json","excerpt":null,"keywords":null,"cover":null,"content":null,"raw":null,"categories":[],"tags":[{"name":"翻译","path":"api/tags/翻译.json"},{"name":"用户体验","path":"api/tags/用户体验.json"},{"name":"AMP","path":"api/tags/AMP.json"}]},{"title":"Fetch 请求的本地缓存","slug":"cache-fetched-ajax-requests","date":"2016-08-27T21:07:42.000Z","updated":"2017-08-10T10:42:08.508Z","comments":true,"path":"api/articles/cache-fetched-ajax-requests.json","excerpt":null,"keywords":null,"cover":null,"content":null,"raw":null,"categories":[],"tags":[{"name":"翻译","path":"api/tags/翻译.json"},{"name":"JavaScript","path":"api/tags/JavaScript.json"},{"name":"优化","path":"api/tags/优化.json"},{"name":"缓存","path":"api/tags/缓存.json"}]},{"title":"手把手教你写一个 Javascript 框架：数据绑定","slug":"data-bind-dirty-checking","date":"2016-11-14T16:44:01.000Z","updated":"2017-08-10T10:42:08.508Z","comments":true,"path":"api/articles/data-bind-dirty-checking.json","excerpt":null,"keywords":null,"cover":"https://ogjija9ft.qnssl.com/placeholder.png","content":null,"raw":null,"categories":[],"tags":[{"name":"翻译","path":"api/tags/翻译.json"},{"name":"ES6","path":"api/tags/ES6.json"},{"name":"数据绑定","path":"api/tags/数据绑定.json"}]},{"title":"客户端存储","slug":"client-side-storage","date":"2016-06-25T00:00:00.000Z","updated":"2017-08-10T10:42:08.508Z","comments":true,"path":"api/articles/client-side-storage.json","excerpt":null,"keywords":null,"cover":null,"content":null,"raw":null,"categories":[],"tags":[{"name":"翻译","path":"api/tags/翻译.json"},{"name":"JavaScript","path":"api/tags/JavaScript.json"},{"name":"缓存","path":"api/tags/缓存.json"},{"name":"Client-Side Storage","path":"api/tags/Client-Side Storage.json"}]},{"title":"让人倾倒的 11 个 Npm Trick","slug":"eleven-npm-tricks-that-will-knock-your-wombat-socks-off","date":"2016-09-03T00:45:10.000Z","updated":"2017-08-10T10:42:08.508Z","comments":true,"path":"api/articles/eleven-npm-tricks-that-will-knock-your-wombat-socks-off.json","excerpt":null,"keywords":null,"cover":"https://ogjija9ft.qnssl.com/placeholder.png","content":null,"raw":null,"categories":[],"tags":[{"name":"翻译","path":"api/tags/翻译.json"},{"name":"Node.js","path":"api/tags/Node.js.json"},{"name":"npm","path":"api/tags/npm.json"}]},{"title":"浏览器中的 ES6 Module 实现","slug":"es-modules-in-browsers","date":"2017-05-06T00:00:00.000Z","updated":"2017-08-10T10:42:08.508Z","comments":true,"path":"api/articles/es-modules-in-browsers.json","excerpt":null,"keywords":null,"cover":null,"content":null,"raw":null,"categories":[],"tags":[{"name":"翻译","path":"api/tags/翻译.json"},{"name":"ES6","path":"api/tags/ES6.json"}]},{"title":"事件代理：模式 or 反模式？","slug":"event-delegation-pattern-or-anti-pattern","date":"2017-07-19T00:00:00.000Z","updated":"2017-08-10T10:42:08.508Z","comments":true,"path":"api/articles/event-delegation-pattern-or-anti-pattern.json","excerpt":null,"keywords":null,"cover":"https://ogjija9ft.qnssl.com/placeholder.png","content":null,"raw":null,"categories":[],"tags":[{"name":"翻译","path":"api/tags/翻译.json"},{"name":"设计模式","path":"api/tags/设计模式.json"}]},{"title":"手把手教你写一个 Javascript 框架：执行调度","slug":"execution-timing","date":"2016-11-14T22:37:14.000Z","updated":"2017-08-10T10:42:08.508Z","comments":true,"path":"api/articles/execution-timing.json","excerpt":null,"keywords":null,"cover":"https://ogjija9ft.qnssl.com/placeholder.png","content":null,"raw":null,"categories":[],"tags":[{"name":"翻译","path":"api/tags/翻译.json"},{"name":"JavaScript","path":"api/tags/JavaScript.json"},{"name":"Event Loop","path":"api/tags/Event Loop.json"}]},{"title":"手把手教你写一个 Javascript 框架：使用 ES6 Proxy 实现数据绑定","slug":"es6-proxy-data-binding","date":"2016-11-14T16:44:01.000Z","updated":"2017-08-10T10:42:08.508Z","comments":true,"path":"api/articles/es6-proxy-data-binding.json","excerpt":null,"keywords":null,"cover":"https://ogjija9ft.qnssl.com/placeholder.png","content":null,"raw":null,"categories":[],"tags":[{"name":"翻译","path":"api/tags/翻译.json"},{"name":"ES6","path":"api/tags/ES6.json"},{"name":"数据绑定","path":"api/tags/数据绑定.json"}]},{"title":"Font-Display 的使用","slug":"font-display","date":"2017-08-04T23:13:53.000Z","updated":"2017-08-10T10:42:08.508Z","comments":true,"path":"api/articles/font-display.json","excerpt":null,"keywords":null,"cover":null,"content":null,"raw":null,"categories":[],"tags":[{"name":"翻译","path":"api/tags/翻译.json"},{"name":"CSS","path":"api/tags/CSS.json"},{"name":"性能","path":"api/tags/性能.json"}]},{"title":"函数式 TypeScript","slug":"functional-refactor-typescript","date":"2016-09-28T21:46:46.000Z","updated":"2017-08-10T10:42:08.508Z","comments":true,"path":"api/articles/functional-refactor-typescript.json","excerpt":null,"keywords":null,"cover":"https://ogjija9ft.qnssl.com/placeholder.png","content":null,"raw":null,"categories":[],"tags":[{"name":"翻译","path":"api/tags/翻译.json"},{"name":"函数式编程","path":"api/tags/函数式编程.json"},{"name":"TypeScript","path":"api/tags/TypeScript.json"}]},{"title":"内容加速黑科技趣谈","slug":"fun-hacks-faster-content","date":"2017-04-28T00:00:00.000Z","updated":"2017-08-10T10:42:08.508Z","comments":true,"path":"api/articles/fun-hacks-faster-content.json","excerpt":null,"keywords":null,"cover":"https://ogjija9ft.qnssl.com/placeholder.png","content":null,"raw":null,"categories":[],"tags":[{"name":"翻译","path":"api/tags/翻译.json"},{"name":"JavaScript","path":"api/tags/JavaScript.json"},{"name":"性能","path":"api/tags/性能.json"}]},{"title":"HTTP2 Server Push 实践：单 Link  报头包含多资源场景","slug":"http-2-server-push-with-multiple-assets-per-link-header","date":"2016-07-17T19:43:53.000Z","updated":"2017-08-10T10:42:08.508Z","comments":true,"path":"api/articles/http-2-server-push-with-multiple-assets-per-link-header.json","excerpt":null,"keywords":null,"cover":"https://ogjija9ft.qnssl.com/placeholder.png","content":null,"raw":null,"categories":[],"tags":[{"name":"翻译","path":"api/tags/翻译.json"},{"name":"HTTP2","path":"api/tags/HTTP2.json"},{"name":"Server Push","path":"api/tags/Server Push.json"}]},{"title":"Hybrid or Native： 适合工作的才是最好的","slug":"hybrid-or-native-mobile-app-use-the-right-tool-for-the-job","date":"2016-07-15T14:24:37.000Z","updated":"2017-08-10T10:42:08.508Z","comments":true,"path":"api/articles/hybrid-or-native-mobile-app-use-the-right-tool-for-the-job.json","excerpt":null,"keywords":null,"cover":"https://ogjija9ft.qnssl.com/placeholder.png","content":null,"raw":null,"categories":[],"tags":[{"name":"翻译","path":"api/tags/翻译.json"},{"name":"移动开发","path":"api/tags/移动开发.json"},{"name":"Hybrid App","path":"api/tags/Hybrid App.json"}]},{"title":"无限滚动加载最佳实践","slug":"infinite-scrolling-best-practices","date":"2016-06-27T00:00:00.000Z","updated":"2017-08-10T10:42:08.508Z","comments":true,"path":"api/articles/infinite-scrolling-best-practices.json","excerpt":null,"keywords":null,"cover":"https://ogjija9ft.qnssl.com/placeholder.png","content":null,"raw":null,"categories":[],"tags":[{"name":"翻译","path":"api/tags/翻译.json"},{"name":"JavaScript","path":"api/tags/JavaScript.json"},{"name":"用户体验","path":"api/tags/用户体验.json"}]},{"title":"移动开发中的仿真器与模拟器","slug":"how-do-mobile-emulators-even","date":"2016-07-19T16:21:41.000Z","updated":"2017-08-10T10:42:08.508Z","comments":true,"path":"api/articles/how-do-mobile-emulators-even.json","excerpt":null,"keywords":null,"cover":"https://ogjija9ft.qnssl.com/placeholder.png","content":null,"raw":null,"categories":[],"tags":[{"name":"翻译","path":"api/tags/翻译.json"},{"name":"移动开发","path":"api/tags/移动开发.json"},{"name":"模拟器","path":"api/tags/模拟器.json"}]},{"title":"关于转译器 JavaScript 程序员需要知道的事","slug":"javascript-transpilers-need-know","date":"2016-07-20T21:19:08.000Z","updated":"2017-08-10T10:42:08.508Z","comments":true,"path":"api/articles/javascript-transpilers-need-know.json","excerpt":null,"keywords":null,"cover":null,"content":null,"raw":null,"categories":[],"tags":[{"name":"翻译","path":"api/tags/翻译.json"},{"name":"JavaScript","path":"api/tags/JavaScript.json"},{"name":"TypeScript","path":"api/tags/TypeScript.json"},{"name":"转译器","path":"api/tags/转译器.json"}]},{"title":"Bluebird 高性能揭秘","slug":"javascript-performance-fundamentals-make-bluebird-fast","date":"2017-01-12T00:00:00.000Z","updated":"2017-08-10T10:42:08.508Z","comments":true,"path":"api/articles/javascript-performance-fundamentals-make-bluebird-fast.json","excerpt":null,"keywords":null,"cover":null,"content":null,"raw":null,"categories":[],"tags":[{"name":"翻译","path":"api/tags/翻译.json"},{"name":"Promise","path":"api/tags/Promise.json"}]},{"title":"No WebSockets Over HTTP2","slug":"no-websockets-over-http2","date":"2016-06-24T00:00:00.000Z","updated":"2017-08-10T10:42:08.512Z","comments":true,"path":"api/articles/no-websockets-over-http2.json","excerpt":null,"keywords":null,"cover":"https://ogjija9ft.qnssl.com/placeholder.png","content":null,"raw":null,"categories":[],"tags":[{"name":"翻译","path":"api/tags/翻译.json"},{"name":"HTTP2","path":"api/tags/HTTP2.json"},{"name":"WebSocket","path":"api/tags/WebSocket.json"}]},{"title":"防火墙背后的笔记：Web 设计在中国","slug":"notes-from-behind-the-firewall-the-state-of-web-design-in-china","date":"2016-06-28T00:00:00.000Z","updated":"2017-08-10T10:42:08.512Z","comments":true,"path":"api/articles/notes-from-behind-the-firewall-the-state-of-web-design-in-china.json","excerpt":null,"keywords":null,"cover":"https://ogjija9ft.qnssl.com/placeholder.png","content":null,"raw":null,"categories":[],"tags":[{"name":"翻译","path":"api/tags/翻译.json"},{"name":"Web Design","path":"api/tags/Web Design.json"}]},{"title":"Yarn 和 Npm 命令行小抄","slug":"npm-vs-yarn-cheat-sheet","date":"2016-10-19T00:00:00.000Z","updated":"2017-08-10T10:42:08.512Z","comments":true,"path":"api/articles/npm-vs-yarn-cheat-sheet.json","excerpt":null,"keywords":null,"cover":"https://ogjija9ft.qnssl.com/placeholder.png","content":null,"raw":null,"categories":[],"tags":[{"name":"翻译","path":"api/tags/翻译.json"},{"name":"Node.js","path":"api/tags/Node.js.json"},{"name":"NPM","path":"api/tags/NPM.json"}]},{"title":"理解 Node.js 事件循环","slug":"nodejs-event-loop","date":"2016-11-12T00:00:00.000Z","updated":"2017-08-10T10:42:08.512Z","comments":true,"path":"api/articles/nodejs-event-loop.json","excerpt":null,"keywords":null,"cover":"https://ogjija9ft.qnssl.com/placeholder.png","content":null,"raw":null,"categories":[],"tags":[{"name":"翻译","path":"api/tags/翻译.json"},{"name":"JavaScript","path":"api/tags/JavaScript.json"},{"name":"Node.js","path":"api/tags/Node.js.json"},{"name":"Event Loop","path":"api/tags/Event Loop.json"}]},{"title":"手把手教你写一个 Javascript 框架：项目结构","slug":"nx-project-structure","date":"2016-11-20T23:27:40.000Z","updated":"2017-08-10T10:42:08.512Z","comments":true,"path":"api/articles/nx-project-structure.json","excerpt":null,"keywords":null,"cover":"https://ogjija9ft.qnssl.com/placeholder.png","content":null,"raw":null,"categories":[],"tags":[{"name":"翻译","path":"api/tags/翻译.json"},{"name":"JavaScript","path":"api/tags/JavaScript.json"},{"name":"ES6","path":"api/tags/ES6.json"}]},{"title":"渐进式 Web App 的离线存储","slug":"offline-storage-for-progressive-web-apps","date":"2016-08-18T18:04:13.000Z","updated":"2017-08-10T10:42:08.512Z","comments":true,"path":"api/articles/offline-storage-for-progressive-web-apps.json","excerpt":null,"keywords":null,"cover":"https://ogjija9ft.qnssl.com/placeholder.png","content":null,"raw":null,"categories":[],"tags":[{"name":"翻译","path":"api/tags/翻译.json"},{"name":"渐进式 Web App","path":"api/tags/渐进式 Web App.json"}]},{"title":"Node.js 中的队列","slug":"queues-in-node.js","date":"2016-06-25T00:00:00.000Z","updated":"2017-08-10T10:42:08.512Z","comments":true,"path":"api/articles/queues-in-node.js.json","excerpt":null,"keywords":null,"cover":"https://ogjija9ft.qnssl.com/placeholder.png","content":null,"raw":null,"categories":[],"tags":[{"name":"翻译","path":"api/tags/翻译.json"},{"name":"Node.js","path":"api/tags/Node.js.json"}]},{"title":"手把手教你写一个 Javascript 框架：沙箱求值","slug":"sandbox-code-evaluation","date":"2016-11-18T00:32:07.000Z","updated":"2017-08-10T10:42:08.512Z","comments":true,"path":"api/articles/sandbox-code-evaluation.json","excerpt":null,"keywords":null,"cover":"https://ogjija9ft.qnssl.com/placeholder.png","content":null,"raw":null,"categories":[],"tags":[{"name":"翻译","path":"api/tags/翻译.json"},{"name":"JavaScript","path":"api/tags/JavaScript.json"},{"name":"ES6","path":"api/tags/ES6.json"}]},{"title":"自动化、跨浏览器的 JavaScript 单元测试","slug":"set-up-automated-cross-browser-javascript-unit-testing","date":"2016-08-15T15:52:45.000Z","updated":"2017-08-10T10:42:08.512Z","comments":true,"path":"api/articles/set-up-automated-cross-browser-javascript-unit-testing.json","excerpt":null,"keywords":null,"cover":null,"content":null,"raw":null,"categories":[],"tags":[{"name":"翻译","path":"api/tags/翻译.json"},{"name":"测试","path":"api/tags/测试.json"},{"name":"单元测试","path":"api/tags/单元测试.json"}]},{"title":"GraphQL 的庐山真面目","slug":"so-whats-this-graphql-thing-i-keep-hearing-about","date":"2017-05-13T00:00:00.000Z","updated":"2017-08-10T10:42:08.512Z","comments":true,"path":"api/articles/so-whats-this-graphql-thing-i-keep-hearing-about.json","excerpt":null,"keywords":null,"cover":"https://ogjija9ft.qnssl.com/placeholder.png","content":null,"raw":null,"categories":[],"tags":[{"name":"翻译","path":"api/tags/翻译.json"},{"name":"GraphQL","path":"api/tags/GraphQL.json"}]},{"title":"Service Worker 生命周期","slug":"the-service-worker-lifecycle","date":"2016-07-25T10:46:44.000Z","updated":"2017-08-10T10:42:08.512Z","comments":true,"path":"api/articles/the-service-worker-lifecycle.json","excerpt":null,"keywords":null,"cover":"https://ogjija9ft.qnssl.com/placeholder.png","content":null,"raw":null,"categories":[],"tags":[{"name":"翻译","path":"api/tags/翻译.json"},{"name":"Service Worker","path":"api/tags/Service Worker.json"}]},{"title":"测试驱动开发：使用 Node.js 和 MongoDB 构建 Todo API","slug":"todo-api-with-unit-test","date":"2016-07-04T00:00:00.000Z","updated":"2017-08-10T10:42:08.512Z","comments":true,"path":"api/articles/todo-api-with-unit-test.json","excerpt":null,"keywords":null,"cover":"https://ogjija9ft.qnssl.com/placeholder.png","content":null,"raw":null,"categories":[],"tags":[{"name":"翻译","path":"api/tags/翻译.json"},{"name":"Node.js","path":"api/tags/Node.js.json"},{"name":"测试","path":"api/tags/测试.json"},{"name":"单元测试","path":"api/tags/单元测试.json"}]},{"title":"从发展历史理解 ES6 Module","slug":"understanding-es6-modules-via-their-history","date":"2016-07-22T15:16:30.000Z","updated":"2017-08-10T10:42:08.512Z","comments":true,"path":"api/articles/understanding-es6-modules-via-their-history.json","excerpt":null,"keywords":null,"cover":"https://ogjija9ft.qnssl.com/placeholder.png","content":null,"raw":null,"categories":[],"tags":[{"name":"翻译","path":"api/tags/翻译.json"},{"name":"JavaScript","path":"api/tags/JavaScript.json"},{"name":"ES6","path":"api/tags/ES6.json"},{"name":"模块化","path":"api/tags/模块化.json"}]},{"title":"Emoji.prototype.length  —— Unicode 字符那些事儿","slug":"unicode-javascript-and-the-emoji-family","date":"2017-04-27T00:00:00.000Z","updated":"2017-08-10T10:42:08.512Z","comments":true,"path":"api/articles/unicode-javascript-and-the-emoji-family.json","excerpt":null,"keywords":null,"cover":"https://ogjija9ft.qnssl.com/placeholder.png","content":null,"raw":null,"categories":[],"tags":[{"name":"翻译","path":"api/tags/翻译.json"},{"name":"JavaScript","path":"api/tags/JavaScript.json"},{"name":"Unicode","path":"api/tags/Unicode.json"},{"name":"Emoji","path":"api/tags/Emoji.json"}]},{"title":"HTML 表单验证","slug":"using-html-form-validation-in-pure-javascript","date":"2016-11-05T00:00:00.000Z","updated":"2017-08-10T10:42:08.512Z","comments":true,"path":"api/articles/using-html-form-validation-in-pure-javascript.json","excerpt":null,"keywords":null,"cover":null,"content":null,"raw":null,"categories":[],"tags":[{"name":"翻译","path":"api/tags/翻译.json"},{"name":"JavaScript","path":"api/tags/JavaScript.json"}]},{"title":"Web 安全清单","slug":"web-developer-security-checklist","date":"2017-05-22T00:00:00.000Z","updated":"2017-08-10T10:42:08.512Z","comments":true,"path":"api/articles/web-developer-security-checklist.json","excerpt":null,"keywords":null,"cover":null,"content":null,"raw":null,"categories":[],"tags":[{"name":"翻译","path":"api/tags/翻译.json"},{"name":"安全","path":"api/tags/安全.json"}]},{"title":"WebP 支持：超乎你想象","slug":"webp-support","date":"2016-07-18T21:26:22.000Z","updated":"2017-08-10T10:42:08.512Z","comments":true,"path":"api/articles/webp-support.json","excerpt":null,"keywords":null,"cover":"https://ogjija9ft.qnssl.com/placeholder.png","content":null,"raw":null,"categories":[],"tags":[{"name":"翻译","path":"api/tags/翻译.json"},{"name":"Webp","path":"api/tags/Webp.json"},{"name":"前端优化","path":"api/tags/前端优化.json"}]},{"title":"CSS 方法论的选择","slug":"when-to-use-which-css-methodology","date":"2016-11-30T17:37:52.000Z","updated":"2017-08-10T10:42:08.512Z","comments":true,"path":"api/articles/when-to-use-which-css-methodology.json","excerpt":null,"keywords":null,"cover":null,"content":null,"raw":null,"categories":[],"tags":[{"name":"翻译","path":"api/tags/翻译.json"},{"name":"CSS","path":"api/tags/CSS.json"}]},{"title":"小两百行 JavaScript 打造 Lambda 演算解释器","slug":"writing-a-lambda-calculus-interpreter-in-javascript","date":"2016-06-27T00:00:00.000Z","updated":"2017-08-10T10:42:08.512Z","comments":true,"path":"api/articles/writing-a-lambda-calculus-interpreter-in-javascript.json","excerpt":null,"keywords":null,"cover":null,"content":null,"raw":null,"categories":[],"tags":[{"name":"翻译","path":"api/tags/翻译.json"},{"name":"JavaScript","path":"api/tags/JavaScript.json"}]}]}