{"name":"设计模式","postlist":[{"title":"事件代理：模式 or 反模式？","slug":"event-delegation-pattern-or-anti-pattern","date":"2017-07-19T00:00:00.000Z","updated":"2017-08-10T10:42:08.508Z","comments":true,"path":"api/articles/event-delegation-pattern-or-anti-pattern.json","excerpt":null,"keywords":null,"cover":"https://ogjija9ft.qnssl.com/placeholder.png","content":null,"raw":null,"categories":[],"tags":[{"name":"翻译","path":"api/tags/翻译.json"},{"name":"设计模式","path":"api/tags/设计模式.json"}]}]}