{"name":"转译器","postlist":[{"title":"关于转译器 JavaScript 程序员需要知道的事","slug":"javascript-transpilers-need-know","date":"2016-07-20T21:19:08.000Z","updated":"2017-08-10T10:42:08.508Z","comments":true,"path":"api/articles/javascript-transpilers-need-know.json","excerpt":null,"keywords":null,"cover":null,"content":null,"raw":null,"categories":[],"tags":[{"name":"翻译","path":"api/tags/翻译.json"},{"name":"JavaScript","path":"api/tags/JavaScript.json"},{"name":"TypeScript","path":"api/tags/TypeScript.json"},{"name":"转译器","path":"api/tags/转译器.json"}]}]}