{"name":"阅读笔记","postlist":[{"title":"JavaScript Weekly 306 阅读笔记","slug":"javascript-weekly-306-notes","date":"2016-10-21T00:00:00.000Z","updated":"2017-08-10T10:42:08.508Z","comments":true,"path":"api/articles/javascript-weekly-306-notes.json","excerpt":null,"keywords":null,"cover":null,"content":null,"raw":null,"categories":[],"tags":[{"name":"原创","path":"api/tags/原创.json"},{"name":"阅读笔记","path":"api/tags/阅读笔记.json"},{"name":"Angular 2","path":"api/tags/Angular 2.json"}]},{"title":"JavaScript Weekly 307 阅读笔记","slug":"javascript-weekly-307","date":"2016-10-28T00:00:00.000Z","updated":"2017-08-10T10:42:08.508Z","comments":true,"path":"api/articles/javascript-weekly-307.json","excerpt":null,"keywords":null,"cover":null,"content":null,"raw":null,"categories":[],"tags":[{"name":"原创","path":"api/tags/原创.json"},{"name":"JavaScript","path":"api/tags/JavaScript.json"},{"name":"阅读笔记","path":"api/tags/阅读笔记.json"}]}]}