{"name":"随笔","postlist":[{"title":"周末闲谈","slug":"2017-02-26-post","date":"2017-02-26T00:00:00.000Z","updated":"2017-08-10T10:42:08.508Z","comments":true,"path":"api/articles/2017-02-26-post.json","excerpt":null,"keywords":null,"cover":"https://ogjija9ft.qnssl.com/placeholder.png","content":null,"raw":null,"categories":[],"tags":[{"name":"原创","path":"api/tags/原创.json"},{"name":"随笔","path":"api/tags/随笔.json"}]},{"title":"周末闲谈","slug":"2017-03-12-post","date":"2017-03-12T00:00:00.000Z","updated":"2017-08-10T10:42:08.508Z","comments":true,"path":"api/articles/2017-03-12-post.json","excerpt":null,"keywords":null,"cover":null,"content":null,"raw":null,"categories":[],"tags":[{"name":"原创","path":"api/tags/原创.json"},{"name":"随笔","path":"api/tags/随笔.json"}]}]}