{"name":"面试","postlist":[{"title":"某度 2014 年秋招前端笔试","slug":"xdu-campus-recruitment-2014","date":"2014-09-21T00:00:00.000Z","updated":"2017-08-10T10:42:08.512Z","comments":true,"path":"api/articles/xdu-campus-recruitment-2014.json","excerpt":null,"keywords":null,"cover":null,"content":null,"raw":null,"categories":[],"tags":[{"name":"原创","path":"api/tags/原创.json"},{"name":"面试","path":"api/tags/面试.json"}]},{"title":"某易 2014 校招面试总结","slug":"xease-campus-2014-note","date":"2014-09-24T00:00:00.000Z","updated":"2017-08-10T10:42:08.512Z","comments":true,"path":"api/articles/xease-campus-2014-note.json","excerpt":null,"keywords":null,"cover":null,"content":null,"raw":null,"categories":[],"tags":[{"name":"原创","path":"api/tags/原创.json"},{"name":"面试","path":"api/tags/面试.json"}]}]}