{"total":82,"pageSize":10,"pageCount":9,"data":[{"title":"ArrayBuffer and TypedArray in ES2015","slug":"es2015-arraybuffer","date":"2017-08-10T00:00:00.000Z","updated":"2017-08-10T10:42:08.508Z","comments":true,"path":"api/articles/es2015-arraybuffer.json","excerpt":null,"keywords":null,"cover":null,"content":null,"raw":null,"categories":[],"tags":[{"name":"原创","path":"api/tags/原创.json"},{"name":"ES2015","path":"api/tags/ES2015.json"},{"name":"Reflect","path":"api/tags/Reflect.json"},{"name":"Proxy","path":"api/tags/Proxy.json"}]},{"title":"Font-Display 的使用","slug":"font-display","date":"2017-08-04T23:13:53.000Z","updated":"2017-08-10T10:42:08.508Z","comments":true,"path":"api/articles/font-display.json","excerpt":null,"keywords":null,"cover":null,"content":null,"raw":null,"categories":[],"tags":[{"name":"翻译","path":"api/tags/翻译.json"},{"name":"CSS","path":"api/tags/CSS.json"},{"name":"性能","path":"api/tags/性能.json"}]},{"title":"事件代理：模式 or 反模式？","slug":"event-delegation-pattern-or-anti-pattern","date":"2017-07-19T00:00:00.000Z","updated":"2017-08-10T10:42:08.508Z","comments":true,"path":"api/articles/event-delegation-pattern-or-anti-pattern.json","excerpt":null,"keywords":null,"cover":"https://ogjija9ft.qnssl.com/placeholder.png","content":null,"raw":null,"categories":[],"tags":[{"name":"翻译","path":"api/tags/翻译.json"},{"name":"设计模式","path":"api/tags/设计模式.json"}]},{"title":"函数响应式编程 —— RxJS 简介","slug":"functional-programming","date":"2017-07-18T00:00:00.000Z","updated":"2017-08-10T10:42:08.508Z","comments":true,"path":"api/articles/functional-programming.json","excerpt":null,"keywords":null,"cover":null,"content":null,"raw":null,"categories":[],"tags":[{"name":"原创","path":"api/tags/原创.json"},{"name":"函数响应式编程","path":"api/tags/函数响应式编程.json"},{"name":"RxJS","path":"api/tags/RxJS.json"}]},{"title":"ES2015 Reflection API","slug":"es2015-reflect","date":"2017-06-26T00:00:00.000Z","updated":"2017-08-10T10:42:08.508Z","comments":true,"path":"api/articles/es2015-reflect.json","excerpt":null,"keywords":null,"cover":null,"content":null,"raw":null,"categories":[],"tags":[{"name":"原创","path":"api/tags/原创.json"},{"name":"ES2015","path":"api/tags/ES2015.json"},{"name":"Reflect","path":"api/tags/Reflect.json"},{"name":"Proxy","path":"api/tags/Proxy.json"}]},{"title":"Web 安全清单","slug":"web-developer-security-checklist","date":"2017-05-22T00:00:00.000Z","updated":"2017-08-10T10:42:08.512Z","comments":true,"path":"api/articles/web-developer-security-checklist.json","excerpt":null,"keywords":null,"cover":null,"content":null,"raw":null,"categories":[],"tags":[{"name":"翻译","path":"api/tags/翻译.json"},{"name":"安全","path":"api/tags/安全.json"}]},{"title":"GraphQL 的庐山真面目","slug":"so-whats-this-graphql-thing-i-keep-hearing-about","date":"2017-05-13T00:00:00.000Z","updated":"2017-08-10T10:42:08.512Z","comments":true,"path":"api/articles/so-whats-this-graphql-thing-i-keep-hearing-about.json","excerpt":null,"keywords":null,"cover":"https://ogjija9ft.qnssl.com/placeholder.png","content":null,"raw":null,"categories":[],"tags":[{"name":"翻译","path":"api/tags/翻译.json"},{"name":"GraphQL","path":"api/tags/GraphQL.json"}]},{"title":"Chrome 中的 “Tab to Search” 与 Open Search","slug":"opensearch","date":"2017-05-08T11:28:59.000Z","updated":"2017-08-10T10:42:08.512Z","comments":true,"path":"api/articles/opensearch.json","excerpt":null,"keywords":null,"cover":"https://ogjija9ft.qnssl.com/placeholder.png","content":null,"raw":null,"categories":[],"tags":[{"name":"原创","path":"api/tags/原创.json"},{"name":"技巧","path":"api/tags/技巧.json"}]},{"title":"浏览器中的 ES6 Module 实现","slug":"es-modules-in-browsers","date":"2017-05-06T00:00:00.000Z","updated":"2017-08-10T10:42:08.508Z","comments":true,"path":"api/articles/es-modules-in-browsers.json","excerpt":null,"keywords":null,"cover":null,"content":null,"raw":null,"categories":[],"tags":[{"name":"翻译","path":"api/tags/翻译.json"},{"name":"ES6","path":"api/tags/ES6.json"}]},{"title":"Facebook 开源代码优化工具 Prepack","slug":"prepack","date":"2017-05-04T00:00:00.000Z","updated":"2017-08-10T10:42:08.512Z","comments":true,"path":"api/articles/prepack.json","excerpt":null,"keywords":null,"cover":null,"content":null,"raw":null,"categories":[],"tags":[{"name":"JavaScript","path":"api/tags/JavaScript.json"}]}]}