{"title":"文蔺的博客 @wemlion","subtitle":null,"description":"文蔺的前端学习记录，国外技术文章翻译，个人学习心得等等这些都会记录在这里。","author":"文蔺","language":"zh-cn","timezone":null,"url":"http://www.wemlion.com","root":"/","permalink":":year/:title/","permalink_defaults":null,"source_dir":"source","public_dir":"public","tag_dir":"tag","archive_dir":"archives","category_dir":"categories","code_dir":"downloads/code","i18n_dir":":lang","skip_render":["caniuse/**/**","README.md","cat/**/**"],"new_post_name":":title.md","default_layout":"post","titlecase":true,"external_link":true,"filename_case":0,"render_drafts":false,"post_asset_folder":false,"relative_link":false,"future":true,"highlight":{"enable":true,"auto_detect":false,"line_number":false,"tab_replace":""},"default_category":"uncategorized","category_map":"category","tag_map":"tags","date_format":"YYYY-MM-DD","time_format":"HH:mm:ss","per_page":10,"pagination_dir":"page","theme":"apollo","deploy":{},"ignore":[],"keywords":"文蔺,wemlion,前端,Front,Front End,博客,技术,CSS,JavaScript,HTML,Github,HTTP,Node,Node.js","github":"https://github.com/AngusFu","donatePic":"https://ogjija9ft.qnssl.com/donate.png","wxPub":{"code":"https://ogjija9ft.qnssl.com/wxqrcode.jpg","url":"https://mp.weixin.qq.com/mp/profile_ext?action=home&__biz=MzA3MTk1MzIxOQ==&scene=110#wechat_redirect"},"marked":{"gfm":true,"pedantic":false,"sanitize":false,"tables":true,"breaks":true,"smartLists":true,"smartypants":true,"lazyAttr":"data-orig","blankSrc":"https://ogjija9ft.qnssl.com/placeholder.png"},"node_sass":{"outputStyle":"compressed","sourceComments":false},"feed":{"type":"atom","limit":10,"hub":"","content":true,"path":"atom.xml"},"sitemap":{"path":"sitemap.xml"},"archive_generator":{"per_page":0,"yearly":false,"monthly":false,"daily":false},"tag_generator":{"per_page":0},"html_minifier":{"exclude":null,"minifyJS":true,"collapseWhitespace":true,"html5":true,"removeAttributeQuotes":true},"index_generator":{"per_page":10,"order_by":"-date"},"server":{"port":4000,"log":false,"ip":"0.0.0.0","compress":false,"header":true},"menu":{"首页":"/","归档":"/archives/","Tags":"/tag/","GitHub":"https://github.com/AngusFu","RSS":"/atom.xml"},"favicon":"/favicon.ico","logo":"/img/avatar.jpg","gitment":{"user":"AngusFu","repo":"gitment-store","id":"be59313ed5e732f15480","secret":"b682a90980bc35fa770b539d5f6bf0a7d400eb08"},"ga":"UA-82805363-1","ga_yyzl":"UA-87311105-1","qha":null,"startyear":2016}