[{"name":"阅读","path":"api/tags/阅读.json","count":1},{"name":"原创","path":"api/tags/原创.json","count":37},{"name":"随笔","path":"api/tags/随笔.json","count":2},{"name":"翻译","path":"api/tags/翻译.json","count":44},{"name":"技术","path":"api/tags/技术.json","count":1},{"name":"函数式编程","path":"api/tags/函数式编程.json","count":2},{"name":"JavaScript","path":"api/tags/JavaScript.json","count":30},{"name":"Node.js","path":"api/tags/Node.js.json","count":7},{"name":"命令行工具","path":"api/tags/命令行工具.json","count":1},{"name":"rem","path":"api/tags/rem.json","count":1},{"name":"React","path":"api/tags/React.json","count":1},{"name":"用户体验","path":"api/tags/用户体验.json","count":4},{"name":"算法","path":"api/tags/算法.json","count":4},{"name":"react-native","path":"api/tags/react-native.json","count":1},{"name":"开发心得","path":"api/tags/开发心得.json","count":4},{"name":"Service Worker","path":"api/tags/Service Worker.json","count":2},{"name":"HTTP2","path":"api/tags/HTTP2.json","count":3},{"name":"Server Push","path":"api/tags/Server Push.json","count":2},{"name":"可用性","path":"api/tags/可用性.json","count":1},{"name":"WebAssembly","path":"api/tags/WebAssembly.json","count":1},{"name":"AMP","path":"api/tags/AMP.json","count":1},{"name":"优化","path":"api/tags/优化.json","count":1},{"name":"缓存","path":"api/tags/缓存.json","count":2},{"name":"ES6","path":"api/tags/ES6.json","count":6},{"name":"数据绑定","path":"api/tags/数据绑定.json","count":2},{"name":"Client-Side Storage","path":"api/tags/Client-Side Storage.json","count":1},{"name":"npm","path":"api/tags/npm.json","count":1},{"name":"ES2015","path":"api/tags/ES2015.json","count":2},{"name":"Reflect","path":"api/tags/Reflect.json","count":2},{"name":"Proxy","path":"api/tags/Proxy.json","count":2},{"name":"设计模式","path":"api/tags/设计模式.json","count":1},{"name":"Event Loop","path":"api/tags/Event Loop.json","count":2},{"name":"CSS","path":"api/tags/CSS.json","count":4},{"name":"性能","path":"api/tags/性能.json","count":2},{"name":"函数响应式编程","path":"api/tags/函数响应式编程.json","count":1},{"name":"RxJS","path":"api/tags/RxJS.json","count":2},{"name":"TypeScript","path":"api/tags/TypeScript.json","count":3},{"name":"移动开发","path":"api/tags/移动开发.json","count":2},{"name":"Hybrid App","path":"api/tags/Hybrid App.json","count":1},{"name":"模拟器","path":"api/tags/模拟器.json","count":1},{"name":"转译器","path":"api/tags/转译器.json","count":1},{"name":"Promise","path":"api/tags/Promise.json","count":3},{"name":"阅读笔记","path":"api/tags/阅读笔记.json","count":2},{"name":"Angular 2","path":"api/tags/Angular 2.json","count":2},{"name":"slides","path":"api/tags/slides.json","count":1},{"name":"jQuery","path":"api/tags/jQuery.json","count":1},{"name":"WebSocket","path":"api/tags/WebSocket.json","count":1},{"name":"Web Design","path":"api/tags/Web Design.json","count":1},{"name":"NPM","path":"api/tags/NPM.json","count":1},{"name":"渐进式 Web App","path":"api/tags/渐进式 Web App.json","count":1},{"name":"技巧","path":"api/tags/技巧.json","count":1},{"name":"笔记","path":"api/tags/笔记.json","count":4},{"name":"Angular.js","path":"api/tags/Angular.js.json","count":1},{"name":"网页截图","path":"api/tags/网页截图.json","count":1},{"name":"测试","path":"api/tags/测试.json","count":3},{"name":"单元测试","path":"api/tags/单元测试.json","count":2},{"name":"GraphQL","path":"api/tags/GraphQL.json","count":1},{"name":"安全","path":"api/tags/安全.json","count":2},{"name":"模块化","path":"api/tags/模块化.json","count":1},{"name":"Unicode","path":"api/tags/Unicode.json","count":1},{"name":"Emoji","path":"api/tags/Emoji.json","count":1},{"name":"Webp","path":"api/tags/Webp.json","count":1},{"name":"前端优化","path":"api/tags/前端优化.json","count":1},{"name":"面试","path":"api/tags/面试.json","count":2}]